edge_id,from_node,to_node,base_length,base_speed_limit,road_type,lanes,is_oneway
0,139693,5723720351,4.37,50.0,tertiary,1,1
1,139693,139698,62.173,50.0,tertiary,1,1
2,139698,139723,110.029,50.0,tertiary,1,1
3,139707,139708,37.249,50.0,residential,1,0
4,139707,10985355495,190.227,50.0,residential,1,0
5,139708,139707,37.249,50.0,residential,1,0
6,139708,340368898,90.699,50.0,residential,1,1
7,139708,336081749,27.741,30.0,residential,1,0
8,139709,6287116917,16.845,30.0,residential,1,0
9,139709,6287116913,18.575,50.0,residential,1,1
10,139709,336081749,48.064,30.0,residential,1,0
11,139712,139714,61.349,30.0,residential,1,1
12,139712,352941159,131.119,50.0,residential,1,1
13,139713,139712,50.644999999999996,50.0,residential,1,1
14,139714,139715,46.729,30.0,residential,1,1
15,139715,139713,63.867,30.0,residential,1,1
16,139715,790752840,12.791,30.0,residential,1,1
17,139716,139718,106.329,30.0,residential,1,1
18,139717,336079180,108.568,30.0,residential,1,0
19,139717,139716,83.017,30.0,residential,1,1
20,139717,139719,97.999,30.0,residential,1,0
21,139718,336079180,8.9,30.0,residential,1,0
22,139718,6287116917,87.817,30.0,residential,1,0
23,139719,289089572,92.39500000000001,30.0,residential,1,1
24,139719,139717,97.999,30.0,residential,1,0
25,139723,496179967,57.832,50.0,tertiary,1,1
26,139723,342349454,194.368,30.0,residential,1,1
27,1226802,345342110,88.08800000000001,50.0,secondary,2,1
28,1226802,531952045,79.413,50.0,tertiary,1,1
29,1226807,1627587,57.56399999999999,50.0,secondary,2,1
30,1226818,35288611,164.85399999999998,30.0,residential,1,1
31,1226818,412398654,55.686,50.0,tertiary,1,1
32,1226869,320115303,828.5629999999999,90.0,motorway,4,1
33,1226885,2989957353,63.36600000000001,50.0,motorway_link,2,1
34,1226885,366925712,43.053,50.0,secondary,6,1
35,1227191,591891153,24.232,50.0,primary,2,1
36,1227191,563970408,103.245,30.0,residential,1,0
37,1227320,387493754,206.04999999999998,50.0,tertiary,2,1
38,1227320,4000823194,157.47700000000003,50.0,secondary,1,1
39,1227320,286546551,108.78,50.0,tertiary,3,0
40,1227328,2138045009,8.067,50.0,tertiary,1,1
41,1227328,332205774,107.893,50.0,secondary,1,1
42,1227332,267817909,71.963,50.0,tertiary,1,1
43,1227332,412406223,75.294,30.0,residential,1,1
44,1228098,442893206,194.238,50.0,residential,1,0
45,1228098,1228100,83.848,50.0,secondary,3,1
46,1228100,13146941277,21.728,50.0,secondary,3,1
47,1228104,442898687,42.958999999999996,50.0,secondary_link,1,1
48,1228104,442898681,26.087000000000003,50.0,secondary,3,1
49,1228134,2131481385,11.035,60.0,secondary,2,1
50,1228134,2111407136,18.341,50.0,secondary,1,1
51,1228338,8489857363,167.935,50.0,primary,2,1
52,1228344,2481705198,39.717999999999996,50.0,primary_link,1,1
53,1228344,290034365,29.309,50.0,primary,2,1
54,1228349,2481705226,35.64,50.0,primary,2,1
55,1329372,530185828,12.343,50.0,tertiary,1,0
56,1329372,2144241316,196.59400000000002,50.0,tertiary,2,0
57,1329372,288134139,104.91000000000001,50.0,secondary,3,1
58,1329703,442893209,11.429,50.0,residential,1,0
59,1329703,6100854619,111.493,50.0,tertiary,2,1
60,1329704,442893205,13.964,50.0,secondary,1,1
61,1329704,282458314,32.214,50.0,tertiary,1,1
62,1329709,1308842261,205.14499999999998,50.0,secondary,4,1
63,1329709,1228100,16.636,50.0,residential,1,1
64,1329714,315048480,18.092,50.0,secondary,3,1
65,1329714,17703741,28.269,50.0,secondary_link,1,1
66,1329719,2435366215,10.514,50.0,tertiary,2,0
67,1329719,2435366221,19.164,50.0,secondary,2,1
68,1329719,2435366218,17.958,50.0,tertiary,2,0
69,1627528,332203929,10.209,50.0,tertiary,1,1
70,1627528,2229213067,15.386,50.0,tertiary,1,1
71,1627531,444731151,10.752,50.0,tertiary,2,0
72,1627531,340232434,242.13300000000004,30.0,tertiary,1,1
73,1627531,5913155755,240.35999999999999,50.0,tertiary,1,0
74,1627549,2203631392,30.374,50.0,tertiary,1,1
75,1627550,2989950141,450.64199999999994,50.0,motorway_link,1,1
76,1627550,911648722,61.437000000000005,50.0,unclassified,1,1
77,1627550,6507643701,217.569,50.0,unclassified,1,1
78,1627574,29944869,95.439,50.0,tertiary,1,1
79,1627574,267819097,132.54999999999998,50.0,secondary,2,1
80,1627580,2469848036,6.991,50.0,tertiary,1,0
81,1627580,1672308816,154.54500000000002,50.0,tertiary,1,1
82,1627580,412518857,77.801,50.0,tertiary,2,0
83,1627584,288134276,83.299,50.0,tertiary,3,1
84,1627585,1107292327,14.556,50.0,tertiary,1,1
85,1627585,415442665,75.634,50.0,secondary,2,1
86,1627585,415442186,72.56,50.0,tertiary,3,0
87,1627587,1627588,186.857,50.0,secondary,2,1
88,1627587,412399337,158.39999999999998,50.0,tertiary,2,1
89,1627588,4831211731,258.01700000000005,50.0,tertiary,1,1
90,1627588,412398379,54.929,50.0,residential,1,0
91,1627588,1224771134,416.88499999999993,50.0,secondary,2,1
92,1627607,1574697984,198.333,90.0,motorway,3,1
93,1627607,12287814424,252.609,90.0,motorway,3,1
94,1627609,566890495,172.31,50.0,motorway_link,1,1
95,1627609,1627615,347.432,90.0,motorway,1,1
96,1627615,2213119636,71.991,90.0,motorway,1,1
97,1627615,591891170,232.925,50.0,motorway_link,1,1
98,3358619,343415880,10.47,60.0,secondary,3,1
99,3358619,2231332721,24.746000000000002,50.0,tertiary,1,1
100,3358884,1622664278,9.831,50.0,tertiary,1,0
101,3358884,3359271,265.114,50.0,secondary,2,1
102,3359271,1224771134,9.331,50.0,tertiary,1,0
103,3359271,412400474,649.613,50.0,secondary,2,1
104,17703736,1312216087,290.30300000000005,50.0,secondary,4,1
105,17703736,339997764,16.943,50.0,primary,3,1
106,17703745,3990123466,115.281,50.0,residential,1,0
107,29944865,2469848159,180.136,50.0,tertiary_link,1,1
108,29944865,34132764,134.81900000000002,50.0,tertiary,2,1
109,29944869,267818057,51.057,50.0,tertiary,1,1
110,29944869,2469848138,184.901,50.0,tertiary,1,1
111,29944870,343330693,56.265,50.0,tertiary,2,1
112,29944870,334632200,91.503,50.0,tertiary,1,1
113,29944871,315060363,23.497,50.0,tertiary,1,1
114,29944871,35288615,149.212,50.0,tertiary,1,1
115,29944872,343331654,244.721,50.0,residential,1,1
116,29944872,343331182,252.18699999999998,50.0,residential,1,1
117,29944872,290614131,54.439,50.0,tertiary,1,1
118,29944880,2304907593,11.444,50.0,tertiary,1,1
119,29944880,2475602290,312.881,30.0,secondary,2,1
120,29944883,35288618,22.806,50.0,secondary,1,1
121,29944883,331994305,72.063,50.0,tertiary,1,1
122,33388439,412519847,75.149,50.0,tertiary,2,1
123,33388439,1227332,75.292,50.0,tertiary,1,1
124,33388440,2144024859,83.895,50.0,tertiary,1,1
125,33388443,6485685135,60.778,50.0,secondary,2,1
126,33388446,3987152342,74.771,30.0,residential,1,1
127,33388446,10578320574,143.15800000000002,50.0,secondary,3,1
128,33617427,6269788099,14.884,50.0,residential,1,1
129,33617427,440062849,222.02700000000002,50.0,secondary,3,1
130,33956079,984206018,193.844,50.0,tertiary,1,1
131,33956079,5596652341,13.445,50.0,tertiary,2,1
132,33956080,2493918012,66.841,50.0,tertiary,2,1
133,33956080,1571656623,10.355,50.0,tertiary,2,1
134,33956085,1121709466,10.701,30.0,residential,2,0
135,33956085,33956079,402.15199999999993,50.0,tertiary,1,1
136,33961317,1225577241,273.817,70.0,motorway,3,1
137,34132755,387493707,61.428,50.0,residential,1,1
138,34132755,286546719,83.872,50.0,tertiary,1,1
139,34132757,355602971,9.325,50.0,tertiary,2,1
140,34132762,412691495,72.078,30.0,residential,1,1
141,34132764,267819605,61.83,50.0,tertiary,2,1
142,34132764,360201247,67.107,30.0,residential,1,1
143,34132766,33388439,229.878,50.0,tertiary,2,1
144,34132766,340006024,65.72200000000001,50.0,tertiary,2,1
145,34132812,315034811,235.157,90.0,motorway_link,1,1
146,34132812,2993052356,1987.582,90.0,motorway,3,1
147,34132842,345401039,18.625,50.0,motorway_link,3,1
148,34132842,591837241,25.984,50.0,secondary,3,1
149,34650800,10050458133,44.059,50.0,residential,1,0
150,34650800,384648219,60.428,50.0,tertiary,2,1
151,34650802,282458079,74.232,50.0,tertiary,2,1
152,34650802,311001040,22.807000000000002,30.0,residential,1,1
153,34651077,6095670907,20.821,50.0,tertiary,2,0
154,34651077,3992798245,84.91,50.0,tertiary,2,0
155,34651078,1571656514,11.139,50.0,secondary,2,1
156,34651078,33956080,93.275,50.0,tertiary,2,1
157,34653719,1439598793,20.719,50.0,secondary,5,1
158,34653719,553058295,38.149,50.0,secondary,2,1
159,35288611,13521616457,14.695,50.0,tertiary,1,1
160,35288613,340369342,121.119,50.0,tertiary,1,1
161,35288613,340369251,75.708,50.0,tertiary,2,1
162,35288615,334632164,55.606,50.0,tertiary,1,1
163,35288615,340312591,71.49,50.0,tertiary,1,1
164,35288616,35288615,17.584,50.0,tertiary,1,1
165,35288616,343331654,72.007,50.0,tertiary,1,1
166,35288618,354567804,15.847000000000001,50.0,tertiary,2,1
167,35288618,2072034651,85.57,50.0,secondary,1,1
168,35288620,29944883,254.141,50.0,secondary,1,1
169,35288620,331994292,72.047,30.0,residential,1,1
170,35288627,2203627170,27.759999999999998,50.0,tertiary,1,1
171,35288627,443886792,126.485,50.0,tertiary,1,1
172,35288640,443886751,11.512,50.0,tertiary,1,1
173,35288640,343325522,85.81899999999999,50.0,tertiary,2,1
174,35288642,139693,182.39600000000002,50.0,tertiary,1,1
175,35288642,342348469,58.678000000000004,30.0,residential,1,0
176,35288643,343611361,16.199,50.0,tertiary,1,1
177,35288643,2225823718,17.682,50.0,secondary,2,1
178,57046702,57046703,42.478,50.0,residential,1,1
179,57046703,1628415525,45.644,50.0,residential,1,1
180,57046703,1319999680,86.666,30.0,residential,1,1
181,57046720,57046723,21.682,50.0,secondary,3,1
182,57046720,1724608653,31.066000000000003,50.0,secondary_link,1,1
183,57046723,384759545,10.73,50.0,secondary,3,1
184,57046723,1724608653,21.949,50.0,residential,2,1
185,57046734,384671148,69.676,50.0,residential,1,1
186,57046734,384669147,144.288,50.0,residential,2,1
187,57046735,334740172,100.775,50.0,residential,1,1
188,57046735,57046734,62.129999999999995,50.0,residential,1,1
189,197465978,2769638369,18.729,50.0,residential,1,0
190,197465978,417763275,74.825,70.0,secondary,2,1
191,197465978,417762830,41.455,50.0,residential,1,1
192,197469603,314749766,19.105,50.0,tertiary_link,1,1
193,197469603,2349733328,35.315,50.0,primary,4,1
194,197470097,3147530487,13.566,60.0,secondary,2,1
195,197470097,1107315954,26.628999999999998,50.0,tertiary,1,1
196,200661227,1571656581,246.019,50.0,secondary,3,1
197,211483838,6479020109,18.37,50.0,tertiary,3,1
198,211483838,2326837683,30.665,50.0,primary,3,1
199,267815053,4469983969,9.37,50.0,tertiary,1,1
200,267815053,284880414,131.924,50.0,secondary,1,1
201,267815381,2777011573,6.516,50.0,tertiary,1,1
202,267815381,1227328,112.271,50.0,tertiary,1,1
203,267816148,332205125,100.237,50.0,tertiary,1,1
204,267816148,412519048,78.839,30.0,residential,1,0
205,267817909,34132762,86.628,30.0,residential,1,1
206,267817909,412402858,117.401,50.0,tertiary,1,1
207,267818057,339482136,73.468,50.0,tertiary,1,1
208,267818057,412403935,236.252,30.0,residential,1,1
209,267819097,2469848138,118.416,30.0,residential,1,1
210,267819097,1226802,82.436,50.0,secondary,2,1
211,267819605,1227332,240.56900000000002,30.0,residential,1,1
212,267819605,34132766,65.265,50.0,tertiary,2,1
213,268217756,1199373034,6.99,50.0,tertiary,2,0
214,268217756,472591134,79.42999999999999,30.0,residential,1,1
215,268217756,1931844453,59.415,50.0,tertiary,2,0
216,268217765,900645779,56.082,50.0,primary,4,1
217,268217765,591891241,65.903,50.0,motorway_link,3,1
218,268217769,1574692716,9.564,50.0,tertiary,3,1
219,268217769,286542230,146.501,50.0,secondary,3,1
220,268217771,318758392,21.312,50.0,secondary,4,1
221,268217771,10567705312,34.412,50.0,tertiary,2,1
222,270425869,2309144530,28.945,70.0,trunk,4,1
223,270425869,8557525209,34.230999999999995,60.0,trunk_link,2,1
224,270425869,270425874,166.01500000000001,60.0,secondary,2,1
225,270425874,3930029984,124.159,60.0,secondary,2,1
226,270425885,291706037,273.507,60.0,secondary,3,1
227,270425900,339417557,17.028,50.0,secondary,3,1
228,270425900,336077734,23.541,60.0,secondary,1,1
229,270425921,270425900,20.321,60.0,secondary,1,1
230,270425921,558703048,93.057,50.0,secondary,3,1
231,270425997,800835093,86.66799999999999,50.0,secondary_link,1,1
232,270425997,312283100,73.424,60.0,secondary,4,1
233,270426018,1252167844,14.004,50.0,secondary,4,1
234,270426018,2990821010,47.013,50.0,tertiary,1,1
235,270480918,1627585,80.41600000000001,50.0,secondary,2,1
236,270490795,530185824,18.965,50.0,tertiary,1,0
237,270490795,3676466170,74.06200000000001,50.0,tertiary,1,1
238,270490795,415442186,67.24799999999999,50.0,tertiary,3,0
239,271326030,332212528,18.722,70.0,secondary,1,1
240,271326030,361102390,118.221,80.0,trunk,3,1
241,271878245,1107315941,12.128,50.0,residential,1,0
242,271878245,416627757,219.54999999999998,50.0,tertiary,1,1
243,271878258,1164229489,32.203,50.0,primary,1,1
244,271878258,346202826,13.985,50.0,tertiary,1,1
245,271878268,271878300,61.685,50.0,tertiary,1,0
246,271878268,416638912,169.171,50.0,tertiary,1,0
247,271878268,271878283,99.553,30.0,residential,1,0
248,271878283,416613788,61.76,30.0,residential,1,0
249,271878283,271878268,99.553,30.0,residential,1,0
250,271878283,416634515,143.11,30.0,residential,1,0
251,271878297,381571872,28.725,50.0,tertiary,1,1
252,271878297,381480093,451.474,50.0,tertiary,1,0
253,271878300,271878268,61.685,50.0,tertiary,1,0
254,271878300,1170469323,15.693,50.0,tertiary,1,1
255,271878405,1170498425,33.396,30.0,residential,1,0
256,271878405,381478349,73.94699999999999,30.0,residential,1,0
257,271878405,1170469329,142.14499999999998,30.0,residential,1,1
258,271878423,5914178744,21.294,30.0,tertiary,1,0
259,271878423,1164229476,11.89,30.0,tertiary,1,0
260,271878423,336099012,103.273,50.0,primary,1,1
261,271878426,417762870,26.814,50.0,residential,1,1
262,271878426,1156243184,341.87,70.0,primary,1,1
263,279713588,2365353783,34.503,50.0,residential,1,1
264,279713588,357518612,24.38,50.0,residential,1,1
265,279713608,279713616,70.597,50.0,residential,3,0
266,279713608,4010257603,77.476,50.0,residential,2,0
267,279713608,357498733,42.793,30.0,residential,1,1
268,279713616,279713608,70.597,50.0,residential,3,0
269,279713616,384676600,124.23599999999999,50.0,residential,2,1
270,279713616,384648823,76.711,50.0,residential,2,1
271,280004122,10985378489,315.062,50.0,residential,1,1
272,280004122,10985378458,63.286,50.0,residential,1,0
273,282404352,287237219,22.484,50.0,tertiary,1,1
274,282404352,10790642194,17.545,50.0,tertiary,1,1
275,282407636,284899643,65.638,30.0,residential,1,1
276,282407636,444731151,74.29899999999999,50.0,tertiary,2,0
277,282407636,4664862036,169.808,50.0,tertiary,2,0
278,282407637,284893128,70.129,30.0,residential,1,0
279,282407637,1122085779,75.12299999999999,30.0,residential,1,1
280,282458041,1678949818,9.346,50.0,tertiary,3,1
281,282458041,3980709597,27.58,50.0,tertiary,2,1
282,282458047,34650802,100.51,30.0,residential,1,1
283,282458047,1187703941,83.422,50.0,tertiary,3,1
284,282458079,283612318,104.056,30.0,residential,1,1
285,282458079,311001060,85.471,50.0,tertiary,2,1
286,282458089,282458158,82.133,50.0,residential,1,1
287,282458089,311001044,78.829,30.0,residential,1,1
288,282458093,282458089,74.402,50.0,residential,1,1
289,282458093,384636415,95.687,30.0,residential,1,1
290,282458158,7768335018,175.578,50.0,residential,1,1
291,282458158,1643308435,70.061,30.0,residential,1,1
292,282458166,2374499613,6.655,50.0,residential,1,1
293,282458166,339468118,71.124,50.0,tertiary,1,1
294,282458173,282458166,155.566,50.0,residential,1,1
295,282458173,2093421792,49.634,50.0,residential,1,0
296,282458178,282458173,77.451,50.0,residential,1,1
297,282458178,3699173911,83.09100000000001,30.0,living_street,1,0
298,282458212,1574582410,16.832,50.0,residential,1,1
299,282458212,1574692660,34.929,50.0,tertiary,2,1
300,282458259,540455192,68.95700000000001,50.0,residential,1,1
301,282458259,12514343253,134.051,50.0,residential,1,0
302,282458294,1390474308,12.526,50.0,tertiary,3,1
303,282458294,1695278939,87.346,50.0,tertiary,1,1
304,282458314,1329703,199.291,50.0,tertiary,1,1
305,282458426,282458435,88.87900000000002,50.0,trunk_link,2,1
306,282458426,270425869,65.286,60.0,secondary,2,1
307,282458435,1104543065,228.153,70.0,trunk,4,1
308,282458464,316022679,20.947,60.0,trunk,4,1
309,282458464,1104543089,48.608000000000004,70.0,secondary_link,2,1
310,283612318,282458047,82.301,50.0,tertiary,3,1
311,283612318,1187703954,21.793,30.0,residential,1,1
312,283621168,2380561349,8.666,50.0,tertiary,2,1
313,283621168,412815787,79.461,50.0,tertiary,2,1
314,284641794,352940549,77.458,50.0,tertiary,1,0
315,284641794,352936412,9.691,50.0,tertiary,1,0
316,284641794,6063048202,147.565,50.0,tertiary,1,1
317,284880414,339420952,4.489,50.0,tertiary,1,0
318,284880414,2138045005,89.14500000000001,50.0,secondary,1,1
319,284886812,284893128,211.27800000000002,30.0,residential,1,1
320,284886812,1122085780,67.236,30.0,residential,1,1
321,284891705,284900755,81.14,30.0,residential,1,0
322,284891705,306558978,174.851,30.0,residential,1,1
323,284893128,284891705,83.867,30.0,residential,1,1
324,284893128,282407637,70.129,30.0,residential,1,0
325,284899643,282407637,224.387,30.0,residential,1,1
326,284899643,306558978,62.909,30.0,residential,1,1
327,284900755,284891705,81.14,30.0,residential,1,0
328,284900755,331421759,145.05900000000003,30.0,residential,1,1
329,284903708,285953225,144.943,30.0,residential,1,1
330,284903708,284915969,77.064,30.0,residential,1,1
331,284903708,4664862036,75.174,30.0,residential,1,0
332,284905902,284911366,124.164,30.0,residential,1,1
333,284911361,284905902,87.991,30.0,residential,1,1
334,284911361,476367059,176.668,30.0,residential,1,1
335,284911366,476367059,137.21300000000002,30.0,residential,1,1
336,284911366,444731120,72.911,30.0,residential,1,1
337,284915964,288134274,162.897,50.0,tertiary,1,0
338,284915964,387496222,45.273,50.0,tertiary,1,0
339,284915969,284915964,232.47699999999998,30.0,residential,1,1
340,284915969,284900755,173.708,30.0,residential,1,1
341,285953225,476368635,82.322,30.0,residential,1,1
342,285953228,285954389,69.79899999999999,30.0,residential,1,1
343,285953228,476368384,73.746,30.0,residential,1,1
344,285954389,4664862036,234.42600000000002,50.0,tertiary,2,0
345,285954389,4469983969,62.354000000000006,50.0,tertiary,2,0
346,285955351,331408674,65.731,30.0,residential,1,0
347,285955351,2166644193,73.582,50.0,secondary,1,1
348,286363134,338523129,56.83,50.0,tertiary,1,1
349,286363134,35288618,148.188,50.0,tertiary,1,1
350,286363135,290035378,72.524,30.0,residential,1,1
351,286363135,289089571,147.836,50.0,tertiary,1,1
352,286363730,35288613,117.10300000000001,50.0,tertiary,1,1
353,286366857,340232952,69.479,30.0,tertiary,1,1
354,286366857,290034965,218.98000000000002,30.0,"['residential', 'living_street']",1,1
355,286367279,1187734218,57.798,50.0,tertiary,2,0
356,286367279,412519798,63.19,50.0,tertiary,2,0
357,286367279,412519623,150.74,50.0,tertiary,1,1
358,286369057,1627531,64.083,30.0,tertiary,1,1
359,286542230,1143770888,15.572,50.0,tertiary,2,0
360,286542230,540426351,44.535,50.0,tertiary,1,1
361,286542230,540431326,88.375,50.0,secondary,3,1
362,286542239,540420291,60.777,50.0,residential,1,1
363,286542239,286643460,81.722,30.0,tertiary,1,1
364,286542525,406399586,280.577,30.0,tertiary,1,1
365,286542525,334738489,68.02,50.0,tertiary,2,1
366,286542525,12361652364,73.301,50.0,residential,1,0
367,286542526,540430472,114.949,50.0,residential,1,0
368,286542526,514355655,91.02699999999999,50.0,tertiary,2,1
369,286542526,4967488032,77.795,50.0,residential,1,1
370,286542661,2470035518,9.506,50.0,tertiary,2,1
371,286542661,8423778826,50.934,50.0,tertiary,1,1
372,286542729,1199953205,9.146,30.0,residential,1,1
373,286542729,6502045904,16.388,50.0,secondary,2,0
374,286542729,1199953171,83.62899999999999,50.0,secondary,2,0
375,286544166,286643406,55.828,50.0,primary,4,1
376,286544166,591891227,49.233,50.0,secondary,3,1
377,286544728,1449561809,12.565,50.0,secondary,2,1
378,286544728,4134443793,138.82,50.0,secondary,3,1
379,286546551,2473987503,65.988,50.0,tertiary,2,1
380,286546551,415442591,66.274,50.0,residential,1,1
381,286546551,1227320,108.78,50.0,tertiary,3,0
382,286546719,387494857,177.781,50.0,residential,1,1
383,286546719,34132757,67.927,50.0,tertiary,1,1
384,286643379,1568022547,165.779,50.0,residential,1,1
385,286643379,2995641085,269.86400000000003,50.0,secondary,3,1
386,286643406,268217765,18.117,50.0,secondary,3,1
387,286643406,591891217,46.821,50.0,secondary,3,1
388,286643420,3593580027,136.058,50.0,residential,1,1
389,286643420,317214577,73.623,50.0,residential,1,1
390,286643424,8629864199,15.103,50.0,residential,1,1
391,286643424,540427220,81.422,50.0,tertiary,3,1
392,286643432,366649858,54.756,50.0,tertiary,2,1
393,286643432,4833025980,41.805,30.0,residential,1,0
394,286643440,286643460,47.306000000000004,50.0,residential,1,1
395,286643444,384695042,20.045,50.0,tertiary,2,1
396,286643444,286643440,195.554,50.0,residential,1,1
397,286643451,366651349,40.175,50.0,residential,1,1
398,286643458,286643451,82.95599999999999,50.0,residential,1,1
399,286643458,1628430688,40.517,50.0,residential,1,1
400,286643460,366651300,44.854,50.0,residential,1,1
401,286643460,496176171,96.374,30.0,tertiary,1,1
402,286643465,286741983,148.419,50.0,tertiary,2,1
403,286643475,799417137,114.82,30.0,residential,1,1
404,286643475,1628430720,35.745,50.0,residential,1,1
405,286643492,3698767279,67.237,50.0,residential,1,1
406,286643494,2437718004,13.144,50.0,tertiary,1,1
407,286643494,3698767277,18.371000000000002,50.0,residential,1,1
408,286643575,8400880105,12.311,50.0,secondary,4,1
409,286643575,2989922193,16.716,50.0,motorway_link,2,1
410,286692486,2657949196,18.25,50.0,tertiary,1,1
411,286692486,549268178,172.949,50.0,secondary,3,1
412,286741983,8629864196,146.284,50.0,tertiary,3,1
413,286741983,2469958094,8.779,50.0,tertiary,2,1
414,286754329,2139243366,38.139,50.0,residential,1,1
415,286754329,366651303,46.967,50.0,tertiary,2,1
416,286763487,1234762930,12.871,50.0,secondary,2,1
417,286763487,1234762956,30.076999999999998,50.0,secondary,3,1
418,287081614,521584041,17.908,50.0,residential,1,0
419,287081614,6538159016,98.05,30.0,residential,1,0
420,287081614,953967417,240.938,70.0,secondary,1,1
421,287081618,354046048,18.546,50.0,tertiary,3,1
422,287081618,1141926383,37.480000000000004,50.0,tertiary,2,1
423,287081741,361094746,20.06,60.0,secondary,2,1
424,287081741,3930029983,29.583000000000002,70.0,tertiary,2,1
425,287237219,10790642194,9.085,50.0,residential,1,1
426,287237219,10790642191,17.28,50.0,tertiary,1,1
427,287237222,1627584,217.952,30.0,tertiary,1,1
428,287237222,10790642147,194.02399999999997,30.0,tertiary,1,0
429,287237424,3599592480,83.91300000000001,30.0,residential,1,0
430,287237424,287237779,90.593,30.0,residential,1,1
431,287237690,287237691,94.302,30.0,residential,1,0
432,287237690,387496059,136.125,30.0,residential,1,1
433,287237691,287237690,94.302,30.0,residential,1,0
434,287237779,476369184,16.19,50.0,tertiary,1,0
435,287237779,387496222,107.109,50.0,tertiary,1,0
436,287570531,287570954,75.574,30.0,residential,1,1
437,287570531,384741759,169.911,30.0,residential,1,1
438,287570954,384644922,84.54100000000001,50.0,residential,1,1
439,287570954,384644922,521.181,30.0,residential,1,1
440,287571173,384660226,68.981,30.0,residential,1,1
441,287571173,384654416,69.253,50.0,residential,1,1
442,287572290,1187703953,21.683999999999997,50.0,tertiary,3,1
443,287572290,311001060,131.032,30.0,tertiary,1,1
444,288134139,530185827,11.009,50.0,tertiary,1,0
445,288134139,2473987478,168.404,50.0,secondary,3,1
446,288134139,10578420614,27.678,50.0,tertiary,1,0
447,288134274,284915964,162.897,50.0,tertiary,1,0
448,288134274,476368384,132.933,50.0,tertiary,1,0
449,288134274,289089574,91.99000000000001,30.0,residential,1,1
450,288134276,1107292317,14.45,50.0,tertiary,1,1
451,288134276,339421079,158.01,50.0,tertiary,3,1
452,288134277,10578420614,64.038,50.0,tertiary,1,1
453,289069621,289069622,17.106,50.0,tertiary,4,1
454,289069621,1104550226,1063.908,80.0,trunk,1,1
455,289069622,354039615,21.358,80.0,trunk,4,1
456,289069622,12404428906,28.625999999999998,50.0,tertiary,4,1
457,289069626,2111357755,23.451,50.0,tertiary,1,1
458,289069626,440061585,8.079,50.0,secondary,1,1
459,289069630,440061684,91.438,30.0,tertiary,2,0
460,289069630,2111357789,5.463,50.0,tertiary,1,1
461,289069644,440062369,112.866,30.0,residential,1,0
462,289069644,11498283483,83.086,30.0,tertiary,1,1
463,289087257,603554588,8.941,50.0,secondary,1,1
464,289087257,806982247,127.843,50.0,tertiary,1,1
465,289087265,3147530513,20.013,30.0,tertiary,1,1
466,289087265,415452402,12.489,70.0,secondary,1,1
467,289089571,338523939,66.252,50.0,tertiary,1,1
468,289089571,338523658,85.08500000000001,50.0,tertiary,1,1
469,289089572,336079092,57.17700000000001,50.0,tertiary,1,1
470,289089572,286363134,18.197,50.0,tertiary,1,1
471,289089573,412518361,113.927,50.0,tertiary,1,1
472,289089573,352936084,55.094,50.0,tertiary,1,1
473,289089574,287237690,78.847,30.0,residential,1,1
474,289089574,579613769,118.08,30.0,residential,1,1
475,289496747,289501488,58.103,30.0,residential,1,1
476,289496747,9709161880,119.568,50.0,residential,1,1
477,289496750,10981805276,106.722,30.0,residential,1,1
478,289496750,290612973,58.7,50.0,secondary,2,1
479,289496956,340424076,27.87,50.0,secondary,1,1
480,289496956,289501484,54.013000000000005,30.0,residential,1,0
481,289498191,2374499621,10.127,50.0,residential,1,0
482,289498191,289496956,71.251,50.0,secondary,1,1
483,289498191,10977776669,75.795,50.0,residential,1,0
484,289499143,3988271548,521.8839999999999,50.0,residential,1,0
485,289499143,9709113999,9.208,50.0,residential,1,1
486,289501484,289501488,200.645,50.0,residential,1,1
487,289501484,289496956,54.013000000000005,30.0,residential,1,0
488,289501488,2143632941,53.799,30.0,residential,1,1
489,289502961,2374499617,16.686,50.0,residential,1,1
490,289502961,939855179,20.619,50.0,tertiary,3,1
491,289502966,3739773083,114.363,50.0,residential,1,1
492,289502966,12292683837,101.43799999999999,50.0,secondary,4,0
493,289502966,289503067,80.475,50.0,secondary,4,0
494,289503064,289503319,82.715,50.0,residential,1,0
495,289503064,289503065,118.597,50.0,residential,1,0
496,289503064,289503541,98.001,50.0,residential,1,0
497,289503064,6041090849,62.467999999999996,50.0,residential,1,0
498,289503065,289503064,118.597,50.0,residential,1,0
499,289503065,289503947,168.188,50.0,residential,1,0
500,289503065,289503067,93.38,50.0,residential,1,1
501,289503067,289502966,80.475,50.0,secondary,4,0
502,289503067,12292683830,85.76,50.0,secondary,4,0
503,289503068,412816227,81.125,50.0,residential,1,0
504,289503068,3699173870,38.727,50.0,residential,1,1
505,289503068,412816145,95.629,50.0,residential,1,0
506,289503319,289503064,82.715,50.0,residential,1,0
507,289503319,289503068,123.954,50.0,residential,1,1
508,289503541,4017282123,9.411,50.0,residential,1,0
509,289503541,3699173848,11.327,50.0,residential,1,0
510,289503541,289503064,98.001,50.0,residential,1,0
511,289503541,3699173847,96.67200000000001,50.0,residential,1,0
512,289503947,289503065,168.188,50.0,residential,1,0
513,289503947,3699173848,130.482,50.0,residential,1,1
514,290033964,681273912,18.101,50.0,tertiary,2,1
515,290033964,1695278980,312.029,50.0,tertiary,1,1
516,290033968,1678949693,10.848,50.0,secondary,3,1
517,290033968,4289060558,316.038,50.0,tertiary,2,1
518,290034022,1286582706,18.611,50.0,tertiary,1,1
519,290034022,10577103115,10.766,50.0,tertiary,1,1
520,290034058,564016800,109.82,50.0,tertiary,2,1
521,290034058,681273915,15.015,50.0,tertiary,1,1
522,290034365,681273918,13.48,50.0,primary,2,1
523,290034365,2481705198,21.07,50.0,tertiary,1,1
524,290034653,290034700,118.576,50.0,secondary,1,1
525,290034653,6140624186,91.622,50.0,residential,1,0
526,290034661,534409264,12.892,50.0,secondary,3,1
527,290034661,744759706,28.383000000000003,50.0,primary,2,1
528,290034699,2084996286,219.999,50.0,residential,1,0
529,290034699,290034653,78.399,50.0,secondary,1,1
530,290034700,581970846,428.097,50.0,secondary,3,1
531,290034700,2133110805,136.699,50.0,residential,1,1
532,290034963,290035378,284.134,30.0,residential,1,1
533,290034963,289089571,195.04399999999998,50.0,tertiary,1,1
534,290034964,338523913,65.906,30.0,residential,1,0
535,290034965,362651172,68.322,30.0,residential,1,1
536,290034969,340006743,57.166000000000004,50.0,tertiary,1,1
537,290034969,340005723,227.12800000000001,50.0,tertiary,1,1
538,290035378,338523444,87.61500000000001,30.0,residential,1,1
539,290507602,440062744,95.462,30.0,residential,1,0
540,290507602,290507618,141.361,30.0,tertiary,1,0
541,290507602,440062760,82.08600000000001,30.0,tertiary,1,0
542,290507618,440062682,62.171,30.0,residential,1,0
543,290507618,440062671,176.119,30.0,residential,1,0
544,290507618,1135283061,161.681,30.0,tertiary,1,0
545,290507618,290507602,141.36100000000002,30.0,tertiary,1,0
546,290612973,3358884,338.13300000000004,50.0,secondary,2,1
547,290612973,1224771130,14.437999999999999,50.0,tertiary,1,1
548,290613957,139707,314.36800000000005,50.0,residential,1,1
549,290613957,270425900,667.0300000000001,50.0,secondary,3,1
550,290614029,340318789,108.51,50.0,tertiary,1,1
551,290614131,1897912902,112.168,50.0,tertiary,1,1
552,290614131,2374499611,124.968,50.0,residential,1,1
553,290614226,315060364,128.746,50.0,residential,1,1
554,290614226,290034963,67.36,50.0,tertiary,1,1
555,290614227,290614228,18.192,50.0,residential,1,1
556,290614227,338523441,120.677,50.0,tertiary,1,1
557,290614228,340309684,114.29499999999999,50.0,residential,1,1
558,290614228,336080802,69.813,50.0,tertiary,1,1
559,291319426,357534881,149.895,50.0,secondary,2,1
560,291705524,1119277235,203.872,50.0,tertiary,3,1
561,291705524,4415217486,71.606,50.0,residential,1,0
562,291705706,343444081,134.975,30.0,residential,1,0
563,291705706,968515553,99.059,50.0,residential,1,0
564,291705706,476371657,44.713,50.0,residential,1,0
565,291706037,4523332810,42.248,50.0,secondary_link,1,1
566,291706037,358864411,28.79,60.0,secondary,3,1
567,293336243,340001282,37.696,50.0,secondary,3,1
568,293336243,1104837244,80.606,50.0,secondary_link,3,1
569,301910593,3060912332,138.613,50.0,motorway_link,1,1
570,301910593,4708890371,69.44,50.0,secondary,1,1
571,303888356,3060914189,431.1939999999999,50.0,motorway_link,1,1
572,303888356,3060914160,905.269,90.0,motorway,4,1
573,306558978,284903708,115.84400000000001,30.0,residential,1,1
574,311001030,311001058,170.254,50.0,tertiary,1,1
575,311001040,384648220,156.543,50.0,tertiary,2,1
576,311001040,282458093,72.568,30.0,residential,1,1
577,311001044,311001040,74.354,50.0,tertiary,2,1
578,311001044,282458079,21.797,30.0,residential,1,1
579,311001058,384662487,69.658,50.0,residential,1,1
580,311001058,3992803564,103.65,50.0,tertiary,1,1
581,311001058,1672351151,27.267000000000003,50.0,tertiary,2,1
582,311001060,384622257,57.538999999999994,50.0,tertiary,2,1
583,311001060,311001062,20.156,30.0,tertiary,1,1
584,311001062,282458158,72.26,30.0,residential,1,1
585,311001062,311001044,85.39200000000001,50.0,tertiary,2,1
586,312283100,312283187,15.869,60.0,secondary,4,1
587,312283100,800835093,54.790000000000006,50.0,secondary,3,1
588,312283187,343611360,18.06,50.0,secondary,3,1
589,312283187,2432701015,33.254999999999995,60.0,secondary,3,1
590,312283990,968515554,20.115,60.0,secondary,3,1
591,312283990,412270939,185.335,30.0,tertiary,1,1
592,312825364,563899298,9.432,50.0,residential,1,0
593,312825364,1695278978,105.28999999999999,50.0,residential,1,0
594,312825364,5852226420,131.541,50.0,tertiary,1,1
595,312827671,1228104,59.639,50.0,secondary,3,1
596,312827671,1695279007,83.337,30.0,residential,1,1
597,312834939,496177409,43.419,30.0,residential,1,1
598,312834939,442898686,83.212,30.0,residential,1,0
599,312837622,312840645,28.748,30.0,residential,1,1
600,312837622,3655444778,173.36200000000002,30.0,residential,1,0
601,312837622,3655444776,57.086,30.0,living_street,1,0
602,312838114,2087705428,72.409,30.0,residential,1,1
603,312838114,312840674,38.546,30.0,residential,1,1
604,312838114,1695278960,63.057,30.0,residential,1,0
605,312840645,1695278960,36.519,30.0,residential,1,1
606,312840645,1689353223,279.86,30.0,residential,1,1
607,312840674,312840645,142.629,30.0,residential,1,1
608,312840674,1695278980,40.583,30.0,residential,1,1
609,314749766,314957927,18.573,50.0,primary,1,1
610,314749766,11008394312,44.769999999999996,50.0,tertiary_link,1,1
611,314957880,381453814,10.772,50.0,residential,1,1
612,314957880,1692356596,239.121,50.0,tertiary,1,1
613,314957906,9077162218,9.807,50.0,tertiary,1,1
614,314957906,4067822527,32.727999999999994,50.0,tertiary,1,1
615,314957927,1103798065,45.186,50.0,primary,1,1
616,314957927,342292262,19.457,50.0,tertiary_link,1,1
617,315034711,2989968633,388.022,50.0,motorway_link,1,1
618,315034711,1252167833,727.9290000000001,90.0,motorway,4,1
619,315034811,315036366,397.673,90.0,motorway_link,1,1
620,315036366,2993006577,320.879,50.0,motorway_link,2,1
621,315036366,2992969046,348.894,90.0,motorway_link,2,1
622,315048449,1305270027,14.14,50.0,secondary,2,1
623,315048449,315048480,13.374,50.0,tertiary,2,1
624,315048480,17703741,19.01,50.0,tertiary,1,1
625,315048480,410065569,11.135,50.0,secondary,3,1
626,315060363,29944872,187.883,50.0,tertiary,1,1
627,315060363,343331182,71.066,50.0,tertiary,1,1
628,315060364,340311507,63.947,30.0,residential,1,1
629,315060364,338523534,68.688,50.0,residential,1,1
630,315468517,440062847,45.424,50.0,secondary,3,1
631,315468517,2160093352,19.001,50.0,residential,1,1
632,315468518,549232384,72.081,50.0,residential,1,1
633,315468518,902736435,93.107,50.0,residential,1,1
634,315468519,539655513,23.607,50.0,residential,1,1
635,315468520,357505228,235.24,50.0,residential,1,1
636,316022675,333241291,206.343,50.0,secondary,1,1
637,316022675,13009272049,229.738,70.0,secondary_link,3,1
638,316022676,282458464,17.429,50.0,secondary_link,3,1
639,316022676,1104543102,39.561,60.0,trunk,1,1
640,316022678,333241143,113.834,70.0,secondary,3,1
641,316022678,1104543129,201.093,50.0,secondary_link,3,1
642,316022679,316022680,17.74,50.0,secondary_link,1,1
643,316022679,1104543125,49.216,60.0,secondary,4,1
644,316022680,316022676,20.956,60.0,trunk,1,1
645,316022680,1104543123,27.696,50.0,secondary_link,2,1
646,316022681,2993004124,565.8050000000001,50.0,secondary,3,1
647,317214414,384651116,208.11399999999998,50.0,tertiary,2,1
648,317214414,334719605,77.497,50.0,tertiary,2,1
649,317214418,286643420,190.748,50.0,residential,2,1
650,317214418,9330607030,81.209,50.0,tertiary,1,1
651,317214418,384694639,68.90100000000001,50.0,tertiary,2,1
652,317214577,334719605,180.478,50.0,residential,1,1
653,317214577,4010257616,76.029,50.0,residential,1,1
654,317214579,1383600400,23.586,50.0,residential,2,0
655,317214579,412528202,59.032,50.0,residential,1,1
656,318177898,318177899,51.48,50.0,tertiary,1,1
657,318177899,318178468,69.519,50.0,residential,1,0
658,318177899,318177901,174.39100000000002,50.0,tertiary,1,1
659,318177901,1716729694,1.317,50.0,tertiary,1,1
660,318177903,318178334,98.515,50.0,residential,1,0
661,318177903,6861829277,31.414,50.0,tertiary,1,1
662,318178334,318177903,98.515,50.0,residential,1,0
663,318178411,318178469,40.525,50.0,residential,1,0
664,318178412,318178469,62.775,50.0,residential,1,0
665,318178468,318178469,97.11999999999999,50.0,residential,1,0
666,318178468,318177899,69.519,50.0,residential,1,0
667,318178468,318178557,65.041,50.0,residential,1,0
668,318178468,318178556,139.83200000000002,50.0,residential,1,0
669,318178469,318178412,62.775,50.0,residential,1,0
670,318178469,318178411,40.525,50.0,residential,1,0
671,318178469,318178468,97.11999999999999,50.0,residential,1,0
672,318178556,318178468,139.83200000000002,50.0,residential,1,0
673,318178557,318178468,65.041,50.0,residential,1,0
674,318178782,1716729722,163.23399999999998,50.0,residential,1,0
675,318178782,318178904,175.297,50.0,residential,1,0
676,318178782,318179069,178.617,50.0,residential,1,0
677,318178904,318178782,175.297,50.0,residential,1,0
678,318179069,318179135,39.49,50.0,residential,1,0
679,318179069,318178782,178.617,50.0,residential,1,0
680,318179069,318179104,110.52800000000002,50.0,residential,1,0
681,318179104,318179108,218.452,50.0,residential,1,0
682,318179104,1283949656,29.483999999999998,50.0,residential,1,0
683,318179104,318179069,110.528,50.0,residential,1,0
684,318179108,318179104,218.452,50.0,residential,1,0
685,318179135,318179069,39.49,50.0,residential,1,0
686,318179197,1951178781,34.014,50.0,residential,1,0
687,318179197,1283949659,78.82900000000001,50.0,tertiary,2,1
688,318179198,1718502680,28.269,50.0,tertiary,1,0
689,318179198,7985445003,116.28999999999999,50.0,residential,1,1
690,318179198,318179416,54.796,50.0,tertiary,1,0
691,318179261,2946147133,22.035,50.0,tertiary,1,0
692,318179413,318179414,76.036,50.0,residential,1,0
693,318179414,318179413,76.036,50.0,residential,1,0
694,318179414,318179416,85.981,50.0,residential,1,1
695,318179414,318179487,61.498,50.0,"['unclassified', 'residential']",1,0
696,318179416,2946147133,73.1,50.0,tertiary,1,0
697,318179416,318179198,54.79600000000001,50.0,tertiary,1,0
698,318179484,318179487,64.892,50.0,unclassified,1,0
699,318179487,2946147133,63.094,50.0,unclassified,1,0
700,318179487,318179484,64.892,50.0,unclassified,1,0
701,318179487,318179414,61.498,50.0,"['residential', 'unclassified']",1,0
702,318179503,7985445003,67.562,50.0,residential,1,0
703,318180507,566747883,55.010999999999996,50.0,residential,1,0
704,318180507,1931865399,83.804,50.0,residential,1,0
705,318180507,8589321891,79.915,50.0,residential,1,0
706,318180570,9971016122,393.939,50.0,secondary,2,1
707,318180570,1716729947,23.470000000000002,50.0,tertiary,2,1
708,318180661,318177898,72.251,50.0,tertiary,1,1
709,318181239,6133432974,26.667,50.0,residential,1,0
710,318181239,549245581,99.352,50.0,tertiary,2,0
711,318181239,1931858750,46.281,50.0,tertiary,2,0
712,318181242,318181243,11.018,50.0,tertiary,3,1
713,318181242,318181797,305.493,50.0,residential,2,1
714,318181243,1718502803,12.502,50.0,tertiary,2,1
715,318181243,1718632814,33.093,50.0,tertiary,2,1
716,318181797,318181834,6.492,50.0,residential,1,0
717,318181797,1474027527,34.001,50.0,residential,1,0
718,318181834,318181797,6.492,50.0,residential,1,0
719,318181834,8589321856,271.123,50.0,residential,2,1
720,318181834,4162302833,62.288,50.0,residential,1,0
721,318181838,1951242733,150.721,50.0,tertiary,2,1
722,318182101,318183200,139.469,50.0,secondary,2,1
723,318182341,318182101,17.729,50.0,secondary,2,1
724,318182341,2002569411,207.51699999999997,50.0,tertiary,1,1
725,318182416,2196477278,24.697,50.0,secondary,3,1
726,318182418,1257585889,315.228,50.0,motorway_link,1,1
727,318182646,2196477269,91.551,50.0,motorway_link,1,1
728,318182646,318182648,76.443,50.0,motorway_link,3,1
729,318182648,318182649,19.705,50.0,motorway_link,3,1
730,318182648,2196477269,56.269,70.0,secondary,3,1
731,318182649,318182416,231.07,50.0,secondary,4,1
732,318183193,2263114434,70.331,30.0,tertiary,2,0
733,318183193,2196477157,56.213,50.0,secondary,3,1
734,318183199,318183193,282.85499999999996,50.0,secondary,3,1
735,318183200,8875028160,44.370999999999995,50.0,secondary,1,1
736,318183200,11028046645,443.45900000000006,50.0,secondary,1,1
737,318184471,318184473,319.4170000000001,50.0,secondary,2,1
738,318184473,33961317,352.724,50.0,motorway_link,1,1
739,318184473,2997542204,370.413,50.0,secondary,3,1
740,318185906,799423989,20.606,50.0,residential,1,1
741,318185906,1474027264,28.407999999999998,50.0,residential,1,0
742,318185913,318185906,20.395,50.0,residential,1,1
743,318185913,540449079,100.1,50.0,residential,1,0
744,318186699,6019222305,45.361,50.0,residential,1,0
745,318186699,318186706,79.08099999999999,50.0,residential,1,0
746,318186699,799423989,32.001000000000005,50.0,residential,1,0
747,318186706,318186699,79.081,50.0,residential,1,0
748,318186706,1474030756,211.138,50.0,residential,1,0
749,318412288,1718632856,15.007,50.0,residential,1,0
750,318412288,4162302831,62.84,50.0,residential,1,0
751,318420958,1951178799,44.541,50.0,residential,1,0
752,318420958,7985445003,194.91899999999998,50.0,residential,1,1
753,318751914,1718502728,10.984,50.0,residential,1,0
754,318751914,1951178775,86.69300000000001,50.0,tertiary,2,1
755,318752375,540449838,23.683,50.0,residential,1,0
756,318752375,799424567,145.293,50.0,residential,1,1
757,318752375,4162302831,70.72300000000001,50.0,residential,1,0
758,318753098,318182646,346.61600000000004,50.0,motorway_link,1,1
759,318753098,1257585889,1026.6429999999998,80.0,motorway,3,1
760,318753800,1458980333,27.821,50.0,tertiary,2,1
761,318753800,13347702985,38.93,50.0,unclassified,1,0
762,318757198,1576677714,86.892,50.0,primary_link,2,1
763,318757198,8476326721,173.333,50.0,primary,3,1
764,318758391,2216988420,89.86,50.0,residential,1,1
765,318758391,318758392,29.287999999999997,50.0,tertiary,3,1
766,318758392,318867646,17.692,50.0,secondary,3,1
767,318758392,6989513263,104.714,50.0,secondary,2,1
768,318758396,409835471,62.886,50.0,secondary,4,1
769,318758396,3531593254,160.477,50.0,residential,1,0
770,318758601,4716247518,17.411,50.0,tertiary,1,1
771,318758601,472591106,201.699,50.0,tertiary,2,0
772,318759300,2515962059,12.195,50.0,tertiary,3,0
773,318759300,318759301,33.141,50.0,tertiary,3,0
774,318759300,2365358069,32.284,50.0,tertiary,2,1
775,318759301,318758391,297.20300000000003,50.0,tertiary,3,1
776,318759301,318759300,33.141,50.0,tertiary,3,0
777,318761485,2493918001,35.196,50.0,tertiary,1,1
778,318761485,580709327,97.224,50.0,secondary,1,1
779,318762050,318867560,16.35,50.0,tertiary,2,1
780,318762050,318182649,643.1329999999999,50.0,secondary,3,1
781,318762264,2216948193,10.459,50.0,tertiary,2,1
782,318762264,2216948239,19.227,50.0,tertiary,1,1
783,318867560,2216956975,13.4,70.0,secondary,2,1
784,318867560,2216948205,35.458,50.0,tertiary,2,1
785,318867646,318867658,22.475,70.0,secondary,4,1
786,318867646,2216978329,26.667,50.0,secondary,3,1
787,318867658,8717879067,36.331,50.0,secondary,3,1
788,318867658,268217771,19.039,50.0,secondary,3,1
789,318867661,2216978332,113.754,70.0,secondary,4,1
790,318868147,318868182,9.734,50.0,tertiary,2,1
791,318868147,318184471,24.195999999999998,50.0,secondary,1,1
792,318868182,515880752,14.329,50.0,secondary,2,1
793,320115303,34132812,969.451,90.0,motorway,3,1
794,320115303,2716680538,469.927,90.0,motorway_link,3,1
795,331408674,5948023594,67.096,30.0,residential,1,0
796,331408674,285955351,65.731,30.0,residential,1,0
797,331421759,284886812,85.163,30.0,residential,1,1
798,331421759,476369184,71.721,30.0,residential,1,0
799,331994292,331994305,256.41,30.0,residential,1,1
800,331994292,139714,39.149,30.0,residential,1,1
801,331994305,289089572,78.055,50.0,tertiary,1,1
802,332203929,332204758,9.674,50.0,tertiary,1,1
803,332203929,340007231,176.536,50.0,tertiary,1,1
804,332203930,362650648,73.936,50.0,tertiary,1,1
805,332203930,340005844,18.712,50.0,tertiary,1,1
806,332203931,6433801096,77.26,30.0,residential,1,1
807,332203931,10578527867,216.341,50.0,tertiary,1,1
808,332204071,1224771134,28.784,50.0,tertiary,1,1
809,332204758,1627528,11.099,50.0,tertiary,1,1
810,332204758,2229213521,32.542,50.0,tertiary,1,1
811,332204765,2138045002,126.531,50.0,tertiary,1,1
812,332205122,412518614,6.824,50.0,tertiary,1,1
813,332205125,10238228716,95.234,30.0,residential,1,1
814,332205125,2138045004,19.592,50.0,tertiary,1,1
815,332205587,288134276,75.61,30.0,residential,1,1
816,332205712,4014448473,97.141,50.0,tertiary,1,1
817,332205712,332205713,109.08,50.0,residential,1,0
818,332205712,440077889,17.749,50.0,residential,1,0
819,332205713,332205712,109.08,50.0,residential,1,0
820,332205713,270480918,146.69,50.0,secondary,2,1
821,332205774,343415883,41.297,50.0,secondary,2,1
822,332206685,2144017098,96.915,50.0,tertiary,1,1
823,332206685,357515920,66.76,30.0,tertiary,2,1
824,332212528,361102157,16.334,80.0,trunk,3,1
825,332212528,361102369,110.81599999999999,50.0,tertiary,2,1
826,332212898,419737965,14.263,50.0,tertiary,4,1
827,332212898,1475412137,71.242,70.0,tertiary,2,1
828,332282995,338523855,61.46,50.0,tertiary,1,1
829,332282995,338523848,97.41499999999999,30.0,residential,1,0
830,332283087,29944880,74.47,50.0,tertiary,1,1
831,332446062,290614227,59.215,50.0,residential,1,1
832,333241143,1993682441,218.99200000000002,50.0,secondary,1,1
833,333241143,333241291,229.46800000000002,50.0,secondary,2,0
834,333241291,316022681,130.256,50.0,secondary,1,1
835,333241291,333241143,229.46800000000002,50.0,secondary,2,0
836,334449379,290034965,102.424,30.0,residential,1,1
837,334449379,340372903,80.417,30.0,residential,1,1
838,334632164,340312773,16.499,50.0,tertiary,1,1
839,334632164,334633446,240.332,30.0,residential,1,1
840,334632200,29944871,240.689,50.0,tertiary,1,1
841,334633446,340313009,89.715,30.0,residential,1,1
842,334633446,334632200,83.31400000000001,30.0,residential,1,1
843,334634466,1757673390,39.601,80.0,trunk,4,1
844,334705884,476359630,93.251,30.0,residential,1,1
845,334709788,384658418,13.681,50.0,tertiary,1,1
846,334710148,6065966319,86.964,30.0,residential,1,0
847,334710148,11107954570,168.725,30.0,residential,1,1
848,334710405,384687440,123.31899999999999,30.0,residential,1,1
849,334710405,384690638,66.68599999999999,30.0,residential,1,1
850,334710408,2384741926,8.994,50.0,tertiary,2,0
851,334710408,334710405,138.468,30.0,residential,1,1
852,334711446,384655862,54.144,30.0,residential,1,1
853,334711446,334711448,125.87,30.0,residential,1,1
854,334711448,384656481,18.605,30.0,residential,1,0
855,334711448,384656319,54.145,30.0,residential,1,1
856,334712025,384690640,129.708,50.0,residential,2,0
857,334712025,384691747,78.63,50.0,tertiary,2,0
858,334712285,384693618,49.021,50.0,residential,1,0
859,334712285,384687040,86.899,30.0,residential,1,1
860,334719605,12514343259,104.727,50.0,residential,1,0
861,334719605,317214418,75.893,50.0,tertiary,2,1
862,334738489,286741983,49.539,50.0,tertiary,2,1
863,334738489,357545243,163.042,50.0,residential,1,1
864,334739043,334739161,72.141,50.0,residential,1,1
865,334739043,384651123,204.43200000000002,50.0,residential,2,1
866,334739161,317214414,20.116,50.0,tertiary,2,1
867,334739161,4010257615,166.16000000000003,50.0,residential,1,1
868,334740172,476389622,69.865,50.0,residential,2,1
869,335851693,560451830,9.347,50.0,residential,1,0
870,335851693,1125973225,69.876,50.0,tertiary,2,1
871,335851693,565445728,63.093,30.0,residential,1,0
872,335851698,552958495,133.121,30.0,residential,1,0
873,335851698,598696471,94.32900000000001,30.0,residential,1,0
874,335851698,552958460,61.586,30.0,residential,1,0
875,335851703,560451823,25.764000000000003,50.0,tertiary,2,1
876,335851740,925632919,99.36,30.0,residential,1,0
877,335851740,531970624,63.115,30.0,residential,1,0
878,335851740,565445728,186.533,30.0,residential,1,0
879,335852681,411859454,16.523,50.0,tertiary,1,1
880,335852681,289069621,300.84400000000005,50.0,tertiary,4,1
881,335852980,415443303,313.08000000000004,50.0,tertiary,1,1
882,335853130,415447643,12.446000000000002,50.0,tertiary,1,1
883,335853131,335852980,105.075,50.0,tertiary,1,1
884,335853131,335853504,16.09,50.0,tertiary,1,1
885,335853185,1125973135,53.587999999999994,50.0,tertiary,1,1
886,335853185,335853222,18.667,50.0,tertiary,1,1
887,335853222,806982244,15.792000000000002,50.0,tertiary,1,1
888,335853504,806982293,19.168,50.0,tertiary,1,1
889,336077734,10985378574,338.84999999999997,30.0,residential,1,1
890,336077734,352941159,408.41700000000003,60.0,secondary,2,1
891,336079092,1179563880,177.017,50.0,tertiary,1,1
892,336079180,336079649,69.22,30.0,residential,1,0
893,336079180,139717,108.568,30.0,residential,1,0
894,336079180,139718,8.9,30.0,residential,1,0
895,336079644,139709,116.445,50.0,residential,1,1
896,336079644,336079649,66.732,30.0,residential,1,1
897,336079649,336079180,69.22,30.0,residential,1,0
898,336079649,336079092,227.609,30.0,residential,1,1
899,336080802,340318978,63.253,50.0,residential,1,1
900,336080802,35288616,119.50699999999999,50.0,tertiary,1,1
901,336081282,336081749,72.366,50.0,residential,1,1
902,336081282,290614029,128.79999999999998,50.0,residential,1,1
903,336081749,139709,48.064,30.0,residential,1,0
904,336081749,139708,27.741,30.0,residential,1,0
905,336099012,271878426,87.59899999999999,50.0,primary,1,1
906,336099013,1164229476,96.25899999999999,50.0,primary,1,1
907,336099013,336099012,15.208,60.0,secondary,1,1
908,336102511,414596282,24.551,30.0,tertiary,1,1
909,336102511,496187635,263.71500000000003,30.0,tertiary,1,1
910,336102840,840371341,82.202,30.0,residential,1,0
911,336102840,3255617766,394.61100000000005,30.0,residential,1,0
912,336295207,2989372360,374.789,50.0,motorway_link,4,1
913,336295207,1627607,757.673,90.0,motorway,6,1
914,338523129,334705884,74.869,30.0,residential,1,1
915,338523129,332282995,24.82,50.0,tertiary,1,1
916,338523441,476359630,56.344,30.0,residential,1,0
917,338523441,286363134,170.825,50.0,tertiary,1,1
918,338523444,338523491,66.104,30.0,residential,1,1
919,338523444,315060364,130.05599999999998,30.0,residential,1,1
920,338523491,340310904,42.802,30.0,residential,1,1
921,338523534,340312251,9.469,50.0,residential,1,1
922,338523534,338523574,69.203,30.0,residential,1,1
923,338523544,332446062,63.437,30.0,residential,1,1
924,338523544,338523574,103.438,30.0,residential,1,1
925,338523574,338523491,62.105000000000004,30.0,residential,1,1
926,338523658,338523681,147.154,30.0,residential,1,1
927,338523658,332283087,24.426,50.0,tertiary,1,1
928,338523681,286363135,61.928,30.0,residential,1,1
929,338523681,338523773,91.548,30.0,residential,1,1
930,338523767,476360595,52.595,50.0,secondary,1,1
931,338523773,338523851,33.481,30.0,residential,1,1
932,338523773,338523767,53.673,30.0,residential,1,1
933,338523848,332282995,97.41499999999999,30.0,residential,1,0
934,338523848,2072034651,53.833,30.0,residential,1,0
935,338523851,338523848,61.348,30.0,residential,1,1
936,338523851,338523855,98.841,30.0,residential,1,1
937,338523855,286363135,87.903,50.0,tertiary,1,1
938,338523913,290034964,65.906,30.0,residential,1,0
939,338523913,362648954,149.688,30.0,residential,1,1
940,338523913,362648349,94.636,30.0,residential,1,1
941,338523914,338523995,74.95,30.0,residential,1,1
942,338523914,286366857,77.922,50.0,tertiary,1,1
943,338523918,338523938,62.267,30.0,residential,1,1
944,338523918,332283087,68.364,30.0,residential,1,1
945,338523938,338523939,55.094,30.0,residential,1,1
946,338523938,338523995,173.695,30.0,residential,1,1
947,338523939,362647436,54.117,50.0,tertiary,1,1
948,338523995,4177163633,67.11,30.0,residential,1,1
949,338524359,10578420602,8.11,50.0,residential,2,0
950,338524359,338524363,62.023,50.0,residential,1,0
951,338524359,3736070220,48.338,50.0,residential,1,1
952,338524363,338524359,62.023,50.0,residential,1,0
953,338524363,3601426656,55.625,50.0,residential,1,0
954,338524363,3675733112,283.77000000000004,50.0,residential,1,1
955,338653818,1695278998,93.79899999999999,30.0,residential,1,0
956,338653818,2435366215,117.11,50.0,secondary,2,1
957,338658900,1571656392,63.555,50.0,tertiary,1,1
958,338658900,1571656641,8.814,50.0,tertiary,2,1
959,338659016,1574692870,24.616,50.0,tertiary,1,1
960,338659016,286544728,13.223,50.0,secondary,3,1
961,338660371,282458212,10.764,50.0,tertiary,2,1
962,338660371,9540544798,32.002,50.0,residential,1,1
963,339417557,339429278,18.839,60.0,secondary,3,1
964,339417557,339418259,43.664,70.0,secondary,3,1
965,339417992,35288620,11.919,50.0,tertiary,1,1
966,339417992,339418177,455.13400000000007,50.0,secondary,3,1
967,339418177,339418259,65.364,50.0,secondary_link,1,1
968,339418177,339417557,50.477,50.0,secondary,3,1
969,339418259,316022678,647.398,70.0,secondary,3,1
970,339420506,2475602290,15.521,30.0,tertiary,1,1
971,339420506,9272060067,286.58500000000004,50.0,secondary,1,1
972,339420780,358866427,69.24,30.0,residential,1,1
973,339420780,340007159,109.93199999999999,50.0,secondary,1,1
974,339420952,284880414,4.489,50.0,tertiary,1,0
975,339420952,4469983969,130.679,50.0,secondary,1,1
976,339420952,476368384,64.59400000000001,50.0,tertiary,1,0
977,339421078,4031900547,35.112,30.0,residential,1,0
978,339421078,344462019,248.214,50.0,secondary,1,1
979,339421079,1627585,13.306,50.0,tertiary,1,1
980,339421079,339421078,81.429,50.0,secondary,1,1
981,339422118,2473987515,12.082,50.0,tertiary,1,1
982,339422118,2365353778,17.451,50.0,tertiary_link,2,1
983,339427555,11425743093,20.52,50.0,residential,2,1
984,339427555,1758359881,249.29500000000002,60.0,secondary,2,1
985,339428052,287081741,17.144,70.0,tertiary,2,1
986,339428052,2303015613,26.250999999999998,60.0,secondary,2,1
987,339429278,270425921,20.544,50.0,secondary,3,1
988,339429278,354033146,38.11,60.0,secondary,3,1
989,339468118,4082010253,6.826,50.0,residential,1,0
990,339468118,410212795,93.524,50.0,residential,1,1
991,339468118,9409993672,40.01,50.0,tertiary,1,1
992,339472687,339475018,52.366,50.0,residential,1,0
993,339472687,339472702,47.497,50.0,residential,1,0
994,339472687,339472688,34.853,50.0,residential,1,0
995,339472688,339472687,34.853,50.0,residential,1,0
996,339472688,6276269922,34.479,50.0,residential,1,1
997,339472702,367608098,22.868,50.0,residential,1,0
998,339472702,339472687,47.497,50.0,residential,1,0
999,339472702,3593956982,48.885000000000005,50.0,residential,1,0
1000,339473381,13628697814,60.534000000000006,50.0,residential,1,1
1001,339473381,384595167,83.407,50.0,residential,1,0
1002,339474687,384595167,17.635,50.0,residential,1,0
1003,339474687,339474931,41.316,50.0,residential,1,1
1004,339474687,367607977,50.89,50.0,residential,1,0
1005,339474931,339475018,67.557,50.0,residential,1,0
1006,339474931,13628697814,43.073,50.0,residential,1,0
1007,339475018,339472687,52.366,50.0,residential,1,0
1008,339475018,339474931,67.557,50.0,residential,1,0
1009,339476005,3914275806,52.825,50.0,tertiary,3,1
1010,339482136,412404251,53.886,50.0,tertiary,1,1
1011,339482136,412403937,273.695,30.0,residential,1,1
1012,339482152,1941637469,109.831,30.0,residential,1,1
1013,339482152,1627574,195.222,30.0,secondary,2,1
1014,339997764,1107288395,52.909000000000006,60.0,secondary,3,1
1015,340001282,667786477,20.55,50.0,secondary_link,4,1
1016,340001282,3666479496,105.286,50.0,secondary,3,1
1017,340001348,293336243,22.917,50.0,secondary_link,1,1
1018,340001348,2365374912,18.855,50.0,secondary,3,1
1019,340001868,3666449880,28.062,50.0,secondary_link,3,1
1020,340001868,13476359211,341.2169999999999,60.0,secondary,2,1
1021,340005675,340005987,151.114,50.0,tertiary,1,1
1022,340005675,340006005,66.331,50.0,tertiary,2,1
1023,340005675,367369362,63.608,50.0,tertiary,1,0
1024,340005723,340006835,69.153,50.0,tertiary,1,1
1025,340005723,332203931,16.294999999999998,30.0,tertiary,1,1
1026,340005844,476367554,22.491999999999997,50.0,residential,1,1
1027,340005844,412517044,98.57300000000001,50.0,tertiary,1,1
1028,340005844,340315146,107.14399999999999,50.0,tertiary,1,1
1029,340005875,10238228716,105.203,50.0,tertiary,1,1
1030,340005875,267815381,12.834,50.0,tertiary,1,1
1031,340005987,340005998,64.694,30.0,residential,1,1
1032,340005987,340005723,58.65,50.0,tertiary,1,1
1033,340005998,340006053,66.03,50.0,residential,1,1
1034,340006005,340007374,75.958,50.0,tertiary,2,1
1035,340006024,340373544,13.363,50.0,tertiary,1,1
1036,340006024,340006106,65.662,30.0,residential,1,0
1037,340006053,340006106,136.741,30.0,residential,1,1
1038,340006053,340006005,70.042,50.0,residential,1,1
1039,340006106,340005998,174.087,30.0,residential,1,1
1040,340006106,340006024,65.662,30.0,residential,1,0
1041,340006743,412519703,63.233,50.0,tertiary,1,1
1042,340006743,412518129,62.832,30.0,residential,1,1
1043,340006835,412517417,57.436,50.0,tertiary,1,1
1044,340007158,340007159,12.652,50.0,residential,1,0
1045,340007158,5913461266,26.884999999999998,50.0,secondary,1,1
1046,340007158,5913461268,26.858,50.0,residential,1,0
1047,340007159,340007158,12.652,50.0,residential,1,0
1048,340007159,285955351,140.139,50.0,secondary,1,1
1049,340007231,340007281,22.839,50.0,tertiary_link,1,1
1050,340007231,476367554,24.039,50.0,tertiary,1,1
1051,340007281,340233710,42.127,50.0,residential,1,1
1052,340007374,34132766,139.678,50.0,tertiary,2,1
1053,340007374,360201680,66.48400000000001,30.0,residential,1,1
1054,340007412,340007462,70.35,30.0,residential,1,1
1055,340007412,360201651,101.74000000000001,30.0,residential,1,1
1056,340007462,360201247,40.891,30.0,residential,1,1
1057,340007462,13039592420,56.773,30.0,residential,1,0
1058,340008586,412519643,52.717,50.0,tertiary,2,0
1059,340008586,340006743,194.5,30.0,residential,1,1
1060,340008586,12897960675,56.016000000000005,50.0,tertiary,2,0
1061,340121936,339482152,102.924,30.0,secondary,2,1
1062,340121936,536542757,74.61300000000001,30.0,residential,1,1
1063,340121937,2141532014,49.323,50.0,secondary,3,1
1064,340123979,342373861,71.442,30.0,residential,1,1
1065,340123979,440076117,172.65,30.0,residential,1,1
1066,340125176,2303015607,133.264,50.0,residential,2,1
1067,340125176,2139449344,426.03499999999997,50.0,residential,1,0
1068,340232434,12098262024,20.972,30.0,tertiary,1,1
1069,340232434,12098262024,52.241,30.0,"['tertiary_link', 'residential']",1,1
1070,340232952,13075574794,63.639,30.0,residential,1,1
1071,340232952,332203930,302.973,30.0,tertiary,1,1
1072,340233156,340007158,150.965,50.0,secondary,1,1
1073,340233619,340377994,59.608,30.0,residential,1,1
1074,340233619,4523476061,173.506,30.0,residential,1,1
1075,340233619,286366857,188.86200000000002,30.0,"['residential', 'living_street']",1,1
1076,340233710,340234482,99.081,50.0,residential,1,1
1077,340234058,13075574794,172.467,30.0,residential,1,1
1078,340234058,340233710,102.741,30.0,residential,1,1
1079,340234482,340378003,56.198,50.0,residential,1,0
1080,340235293,3593580027,76.246,50.0,residential,1,1
1081,340235293,317214577,132.15800000000002,50.0,residential,1,1
1082,340235519,3678367011,53.168,50.0,tertiary_link,1,1
1083,340235519,1574582596,36.489000000000004,50.0,tertiary,3,1
1084,340309684,336079644,28.302,50.0,residential,1,1
1085,340309691,340309913,16.946,50.0,residential,1,0
1086,340309691,340309684,61.715,50.0,residential,1,1
1087,340309691,336081282,116.00099999999999,50.0,residential,1,1
1088,340309913,340309691,16.946,50.0,residential,1,0
1089,340310904,6485448245,45.667,30.0,residential,1,0
1090,340310904,476359630,64.326,30.0,residential,1,1
1091,340311101,6427348001,30.729,30.0,residential,1,0
1092,340311101,334705884,62.613,30.0,residential,1,1
1093,340311507,340314059,63.068,30.0,residential,1,1
1094,340311634,290614227,67.848,50.0,tertiary,1,1
1095,340311952,340311507,56.982,30.0,residential,1,1
1096,340311952,340312181,22.909,30.0,residential,1,1
1097,340312181,340311634,148.044,30.0,residential,1,1
1098,340312251,332446062,90.825,50.0,residential,1,1
1099,340312251,340312181,63.967,30.0,residential,1,1
1100,340312591,340312726,84.036,30.0,residential,1,1
1101,340312591,340311634,49.651,50.0,tertiary,1,1
1102,340312726,340311952,142.505,30.0,residential,1,1
1103,340312773,340312726,73.163,30.0,residential,1,1
1104,340312773,286363730,156.562,50.0,tertiary,1,1
1105,340313009,343330709,23.963,50.0,tertiary,2,1
1106,340314059,340314438,70.4,30.0,residential,1,1
1107,340314059,286363730,73.321,30.0,residential,1,1
1108,340314062,340314438,17.082,50.0,residential,1,0
1109,340314438,340314062,17.082,50.0,residential,1,0
1110,340314438,340314441,111.473,30.0,residential,1,1
1111,340314441,290614226,65.33,50.0,tertiary,2,1
1112,340315144,340315146,48.496,50.0,residential,1,0
1113,340315146,340315144,48.496,50.0,residential,1,0
1114,340315146,3873177174,63.882999999999996,50.0,tertiary,1,1
1115,340318789,340318978,126.56599999999999,50.0,residential,1,1
1116,340318789,35288616,80.191,50.0,tertiary,1,1
1117,340318978,340309691,54.964,50.0,residential,1,1
1118,340368898,2469720080,84.866,50.0,residential,1,1
1119,340369249,340369252,98.11099999999999,30.0,residential,1,0
1120,340369250,340369251,61.411,30.0,residential,1,1
1121,340369251,340314441,64.734,50.0,tertiary,2,1
1122,340369252,340369250,68.524,30.0,residential,1,1
1123,340369252,340369249,98.11099999999999,30.0,residential,1,0
1124,340369342,343330420,49.391,50.0,tertiary,1,1
1125,340369342,340369252,75.30799999999999,30.0,residential,1,1
1126,340369699,340369726,71.848,30.0,residential,1,1
1127,340369699,290614226,64.242,50.0,residential,1,1
1128,340369726,340369250,61.34,30.0,residential,1,1
1129,340370050,340370051,54.58,30.0,residential,1,1
1130,340370050,1622414562,32.794,30.0,residential,1,0
1131,340370051,340370052,50.528,30.0,residential,1,0
1132,340370051,340372898,130.865,30.0,residential,1,1
1133,340370052,340370051,50.528,30.0,residential,1,0
1134,340370079,340370050,103.102,30.0,residential,1,1
1135,340370079,340370102,74.23500000000001,30.0,residential,1,1
1136,340370102,10578527867,155.922,50.0,tertiary,1,1
1137,340372898,340370079,142.67,30.0,residential,1,1
1138,340372898,340372903,102.55499999999999,30.0,residential,1,0
1139,340372903,12045211636,95.13300000000001,30.0,residential,1,1
1140,340372903,340372898,102.555,30.0,residential,1,0
1141,340373544,290034969,97.414,50.0,tertiary,1,1
1142,340373544,340373545,216.76,30.0,residential,1,1
1143,340373545,33388439,61.739999999999995,50.0,tertiary,3,1
1144,340375374,3655260403,725.066,50.0,residential,2,0
1145,340375374,2373960339,73.17,50.0,residential,2,1
1146,340376906,806982607,7.99,50.0,tertiary,1,1
1147,340376915,3609241996,222.344,50.0,tertiary,1,1
1148,340376915,340376906,19.775,50.0,tertiary,1,1
1149,340376918,340377181,44.927,50.0,tertiary,1,1
1150,340376918,3609242017,25.504,50.0,tertiary,1,1
1151,340377004,11806001152,13.114,50.0,residential,1,1
1152,340377004,918718913,33.349999999999994,50.0,tertiary,1,1
1153,340377181,1127669612,72.983,50.0,tertiary,2,1
1154,340377994,345753220,173.57,30.0,residential,1,1
1155,340377994,340233156,65.014,30.0,residential,1,1
1156,340378003,340234482,56.198,50.0,residential,1,0
1157,340378003,5913461268,54.33200000000001,50.0,residential,1,0
1158,340424076,2143632941,175.541,50.0,secondary,2,1
1159,340459478,362651172,203.441,30.0,residential,1,1
1160,340459478,6433801096,105.153,30.0,residential,1,1
1161,340983520,1885693277,33.47,50.0,tertiary,2,1
1162,340983520,8596013136,54.033,50.0,motorway_link,2,1
1163,340983520,1885693264,25.891,50.0,motorway_link,1,1
1164,341348975,1104333892,20.334,50.0,unclassified,1,1
1165,341348975,7037014411,98.372,50.0,tertiary,3,1
1166,342271522,2992962017,636.933,50.0,motorway_link,1,1
1167,342271522,345399922,1422.113,90.0,motorway,4,1
1168,342280719,342280843,15.037,60.0,tertiary,1,1
1169,342280719,3948253117,157.206,50.0,secondary,3,1
1170,342280843,354025345,10.366,50.0,secondary,2,1
1171,342280843,412820333,82.809,60.0,tertiary,1,1
1172,342281592,1107315965,37.318,60.0,secondary,2,1
1173,342281592,197470097,12.579,50.0,secondary,1,1
1174,342281871,496187635,9.438,60.0,secondary,2,1
1175,342281871,417773116,58.160000000000004,30.0,tertiary,1,1
1176,342292262,1212524600,42.309,50.0,tertiary_link,1,1
1177,342292262,197469603,17.75,50.0,primary,1,1
1178,342293381,444739981,323.107,60.0,secondary,4,1
1179,342293381,342293399,14.875,50.0,tertiary,1,0
1180,342293399,13240433160,277.232,60.0,secondary,3,1
1181,342293399,342293381,14.875,50.0,tertiary,1,0
1182,342293399,342338421,74.854,30.0,tertiary,3,0
1183,342298586,404499201,134.642,30.0,residential,1,1
1184,342298586,342343883,92.291,50.0,residential,1,1
1185,342316230,412871192,92.881,50.0,residential,1,0
1186,342316230,9590059284,595.392,50.0,residential,1,0
1187,342316230,412871776,52.098,50.0,residential,1,0
1188,342319877,342323642,40.839,50.0,residential,1,0
1189,342319877,342326535,150.352,50.0,residential,1,0
1190,342319877,13076020513,296.995,50.0,residential,1,0
1191,342323642,342319877,40.839,50.0,residential,1,0
1192,342323642,342325223,117.654,30.0,residential,1,1
1193,342324201,342323642,143.168,30.0,residential,1,1
1194,342324201,342326535,53.331999999999994,30.0,residential,1,0
1195,342325220,342325221,82.072,30.0,residential,1,1
1196,342325221,342325223,103.05600000000001,30.0,residential,1,1
1197,342325221,342324201,161.627,30.0,residential,1,1
1198,342325223,342328066,88.4,30.0,residential,1,1
1199,342326535,412871192,71.399,50.0,residential,1,0
1200,342326535,342319877,150.352,50.0,residential,1,0
1201,342326535,342324201,53.331999999999994,30.0,residential,1,0
1202,342328066,3147530503,37.426,30.0,residential,1,0
1203,342328066,342329113,143.451,30.0,residential,1,1
1204,342329113,342329117,89.232,30.0,residential,1,1
1205,342329113,342325220,79.21799999999999,30.0,residential,1,1
1206,342329117,412871776,319.13800000000003,50.0,residential,1,0
1207,342329117,342335545,71.42099999999999,50.0,residential,1,0
1208,342329928,342330805,100.71,30.0,residential,1,0
1209,342329928,342330661,98.356,30.0,residential,1,0
1210,342330260,342330661,23.399,50.0,residential,1,0
1211,342330661,342329928,98.356,30.0,residential,1,0
1212,342330661,342330260,23.399,50.0,residential,1,0
1213,342330661,13076020513,137.55899999999997,50.0,residential,1,0
1214,342330805,3147530503,32.001,30.0,residential,1,0
1215,342330805,342329928,100.71,30.0,residential,1,0
1216,342330805,496180557,77.414,30.0,residential,1,0
1217,342334554,496180557,54.161,30.0,tertiary,1,0
1218,342334554,6144664091,236.942,30.0,residential,1,0
1219,342334554,342338421,180.236,30.0,tertiary,1,0
1220,342335545,1696551861,109.653,30.0,tertiary,1,0
1221,342335545,342329117,71.42099999999999,50.0,residential,1,0
1222,342335545,1993682435,132.325,50.0,residential,1,0
1223,342338421,3535435483,26.088,30.0,residential,1,0
1224,342338421,342334554,180.236,30.0,tertiary,1,0
1225,342338421,342293399,74.854,30.0,tertiary,3,0
1226,342338553,2559090345,193.89000000000004,30.0,residential,1,0
1227,342338553,3535435475,63.53,30.0,residential,1,0
1228,342338553,11002129702,106.12100000000001,50.0,living_street,1,0
1229,342341269,342343883,66.215,50.0,residential,1,0
1230,342343497,342347419,40.172,30.0,residential,1,0
1231,342343497,342349454,121.2,30.0,residential,1,0
1232,342343883,415292027,66.088,30.0,residential,1,1
1233,342343883,342341269,66.215,50.0,residential,1,0
1234,342346349,342347419,99.047,30.0,residential,1,0
1235,342347419,342343497,40.172,30.0,residential,1,0
1236,342347419,342346349,99.047,30.0,residential,1,0
1237,342347419,342347626,39.102000000000004,30.0,living_street,1,0
1238,342347626,342347419,39.102000000000004,30.0,living_street,1,0
1239,342348469,558709453,57.279,30.0,residential,1,1
1240,342348469,35288642,58.678000000000004,30.0,residential,1,0
1241,342348469,342349454,129.75300000000001,30.0,residential,1,0
1242,342349454,342348469,129.75300000000001,30.0,residential,1,0
1243,342349454,342343497,121.2,30.0,residential,1,0
1244,342350935,342351587,121.978,30.0,residential,1,0
1245,342350935,342351584,81.219,30.0,residential,1,0
1246,342350935,342354796,78.424,30.0,residential,1,0
1247,342350935,518158014,86.20700000000001,30.0,residential,1,0
1248,342351584,342350935,81.219,30.0,residential,1,0
1249,342351587,342350935,121.978,30.0,residential,1,0
1250,342354796,342356536,70.499,30.0,residential,1,0
1251,342354796,342350935,78.424,30.0,residential,1,0
1252,342354796,8911780977,169.064,30.0,residential,1,1
1253,342355075,340123979,66.607,30.0,residential,1,1
1254,342355075,342357599,52.542,50.0,tertiary,1,0
1255,342355075,387519294,16.533,50.0,tertiary,1,0
1256,342356536,342357599,144.48,30.0,residential,1,1
1257,342356536,342354796,70.499,30.0,residential,1,0
1258,342356536,343611510,169.724,30.0,residential,1,1
1259,342357599,342359328,77.031,50.0,tertiary,1,0
1260,342357599,342355075,52.542,50.0,tertiary,1,0
1261,342357610,343611510,14.255,50.0,residential,1,0
1262,342357610,444739986,235.231,50.0,secondary,2,1
1263,342358423,342356536,78.66,30.0,residential,1,1
1264,342358423,342360998,49.108,50.0,residential,1,1
1265,342358423,342380419,118.00699999999999,30.0,residential,1,1
1266,342359327,343611511,14.245,30.0,residential,1,0
1267,342359327,476362229,159.63400000000001,30.0,residential,1,0
1268,342359327,342357610,83.312,50.0,secondary,2,1
1269,342359328,342357599,77.031,50.0,tertiary,1,0
1270,342359328,387497657,72.47699999999999,50.0,tertiary,1,0
1271,342359328,342371984,117.54499999999999,50.0,residential,1,1
1272,342360998,342361008,48.786,50.0,residential,1,1
1273,342360998,342361000,148.217,30.0,living_street,1,1
1274,342361000,342361739,25.996,50.0,living_street,1,0
1275,342361000,342361008,106.49300000000001,30.0,living_street,1,1
1276,342361008,342359328,46.242,50.0,residential,1,1
1277,342361739,342361000,25.996,50.0,living_street,1,0
1278,342361863,343388987,69.644,50.0,tertiary,1,0
1279,342361863,387497657,65.346,50.0,tertiary,1,0
1280,342362300,387497047,72.676,50.0,tertiary,1,1
1281,342362300,339417992,25.34,50.0,secondary,2,1
1282,342365165,342371873,66.767,30.0,residential,1,0
1283,342365166,387497047,19.016,50.0,residential,1,0
1284,342365166,342375422,47.015,30.0,residential,1,1
1285,342365166,339417992,66.621,50.0,tertiary,1,1
1286,342365168,343611514,10.581,50.0,residential,1,0
1287,342365168,342376103,134.596,50.0,secondary,2,1
1288,342367820,342376769,137.96599999999998,30.0,residential,1,1
1289,342367820,343611514,72.225,30.0,residential,1,1
1290,342371873,342365165,66.767,30.0,residential,1,0
1291,342371873,342374078,122.37899999999999,30.0,residential,1,1
1292,342371984,342372934,72.224,30.0,residential,1,1
1293,342371984,10985378480,75.588,50.0,residential,1,1
1294,342372934,342373861,55.304,30.0,residential,1,1
1295,342372934,342357599,129.529,30.0,residential,1,1
1296,342373861,440076107,175.763,30.0,residential,1,1
1297,342374078,387497762,65.241,30.0,residential,1,1
1298,342374078,342374880,56.429,30.0,residential,1,1
1299,342374880,342361863,58.058,30.0,residential,1,1
1300,342375422,342374880,133.383,30.0,residential,1,1
1301,342375422,342371873,48.907,30.0,residential,1,1
1302,342376103,342380436,137.663,50.0,secondary,2,1
1303,342376103,343611513,11.683,50.0,residential,1,0
1304,342376767,342376769,42.525000000000006,30.0,residential,1,1
1305,342376769,343611513,75.771,30.0,residential,1,1
1306,342378333,343388987,36.864000000000004,50.0,tertiary,1,1
1307,342378333,342380419,188.20499999999998,30.0,residential,1,1
1308,342380419,342376767,60.67,30.0,residential,1,1
1309,342380419,343611512,162.312,30.0,residential,1,1
1310,342380436,343611512,13.722,50.0,tertiary,1,0
1311,342380436,342359327,51.568,50.0,secondary,2,1
1312,342380436,352940342,81.202,50.0,tertiary,1,0
1313,342382517,342376767,187.52499999999998,30.0,residential,1,1
1314,342382517,342367820,168.40599999999998,30.0,residential,1,1
1315,343211372,343211541,35.446,30.0,living_street,1,0
1316,343211541,343211372,35.446,30.0,living_street,1,0
1317,343211541,1897912953,29.253,50.0,tertiary,2,0
1318,343211541,2469720080,70.725,50.0,tertiary,2,0
1319,343212324,343212330,114.78699999999999,50.0,residential,1,1
1320,343212324,1683214076,77.726,50.0,tertiary,2,1
1321,343212330,1683214076,102.039,50.0,secondary,2,1
1322,343324101,5858082977,155.569,30.0,tertiary,1,1
1323,343324101,476363631,195.152,30.0,residential,1,1
1324,343324262,343327760,39.124,30.0,residential,1,0
1325,343324262,476362229,152.026,30.0,residential,1,0
1326,343324262,343329084,78.241,30.0,residential,1,1
1327,343324430,352938209,137.894,30.0,residential,1,1
1328,343324430,2225823711,239.95700000000002,50.0,tertiary,2,1
1329,343324836,6404016156,10.729,30.0,residential,1,1
1330,343324836,1058561525,126.49499999999999,50.0,tertiary,1,1
1331,343324964,2203627190,20.398,30.0,residential,1,0
1332,343324964,343324836,139.91400000000002,30.0,residential,1,1
1333,343325168,35288640,249.129,30.0,tertiary,1,1
1334,343325168,343415872,77.218,30.0,residential,1,0
1335,343325366,3737992936,53.251,30.0,residential,1,0
1336,343325366,343415872,191.005,30.0,residential,1,0
1337,343325366,412271453,80.682,30.0,residential,1,0
1338,343325522,443886792,11.719,30.0,residential,1,0
1339,343325522,2203627170,129.611,50.0,tertiary,1,1
1340,343325522,5913217112,65.616,30.0,residential,1,0
1341,343325524,343415872,120.62799999999999,30.0,residential,1,1
1342,343325524,5861656577,65.589,30.0,residential,1,1
1343,343325590,5913217112,49.451,30.0,residential,1,0
1344,343326608,5861656577,35.085,30.0,residential,1,0
1345,343327555,476363631,108.217,30.0,residential,1,0
1346,343327555,5913155761,169.85,30.0,residential,1,1
1347,343327555,1623602566,78.525,30.0,residential,1,0
1348,343327760,343324262,39.124,30.0,residential,1,0
1349,343327806,352940342,76.594,50.0,tertiary,1,0
1350,343327806,352940549,143.947,50.0,tertiary,1,0
1351,343327806,343327896,72.059,30.0,residential,1,1
1352,343327896,476362229,54.541000000000004,30.0,residential,1,1
1353,343327896,343328485,67.01,30.0,residential,1,1
1354,343328485,343328549,32.249,30.0,residential,1,0
1355,343328485,6060497148,166.68300000000002,30.0,residential,1,1
1356,343328549,343328485,32.249,30.0,residential,1,0
1357,343328906,343329081,28.484,30.0,residential,1,0
1358,343329081,343328906,28.484,30.0,residential,1,0
1359,343329081,444739985,102.679,30.0,residential,1,0
1360,343329084,469946981,66.03,30.0,residential,1,1
1361,343329084,343329081,183.537,30.0,residential,1,1
1362,343329526,11425767901,170.58700000000002,30.0,residential,1,1
1363,343329526,375523753,73.107,30.0,residential,1,0
1364,343330142,343330692,55.79,50.0,residential,1,1
1365,343330142,29944870,162.654,50.0,tertiary,1,1
1366,343330420,35288611,91.896,50.0,tertiary,1,1
1367,343330692,343330830,50.573,50.0,residential,1,1
1368,343330692,343330693,165.297,50.0,residential,1,1
1369,343330693,340313009,24.856,50.0,tertiary,2,1
1370,343330709,343330830,167.512,50.0,residential,1,1
1371,343330709,35288613,52.066,50.0,tertiary,2,1
1372,343330830,343330420,54.257,50.0,residential,1,1
1373,343331182,1224771133,59.066,50.0,tertiary,1,1
1374,343331654,315060363,70.079,50.0,tertiary,1,1
1375,343332322,343212324,4.794,50.0,tertiary,2,1
1376,343332322,340368898,235.79699999999997,30.0,living_street,1,1
1377,343388987,342365166,71.988,50.0,tertiary,1,1
1378,343388987,342361863,69.644,50.0,tertiary,1,0
1379,343400785,343444116,13.655,50.0,residential,1,0
1380,343400785,343444113,12.978,50.0,residential,1,0
1381,343400785,343444123,132.171,50.0,residential,1,0
1382,343415872,343325168,77.218,30.0,residential,1,0
1383,343415872,343325366,191.005,30.0,residential,1,0
1384,343415874,1058561525,12.123000000000001,50.0,tertiary,1,1
1385,343415874,6404016156,126.612,50.0,tertiary,1,1
1386,343415880,358864411,15.863,50.0,tertiary,1,1
1387,343415880,1622273902,22.012999999999998,60.0,secondary,3,1
1388,343415883,343415896,65.032,50.0,residential,1,0
1389,343415883,332205713,66.292,50.0,secondary,2,1
1390,343415896,343415883,65.03200000000001,50.0,residential,1,0
1391,343415899,3676466168,62.042,50.0,residential,1,0
1392,343415899,332205712,86.692,50.0,tertiary,1,1
1393,343444081,343444093,9.062,30.0,residential,1,0
1394,343444081,343444097,10.35,30.0,residential,1,0
1395,343444081,291705706,134.975,30.0,residential,1,0
1396,343444088,10814434068,4.933,50.0,residential,1,0
1397,343444088,10814434067,4.38,50.0,residential,1,0
1398,343444088,476371657,135.211,50.0,residential,1,0
1399,343444093,343444081,9.062,30.0,residential,1,0
1400,343444097,343444081,10.35,30.0,residential,1,0
1401,343444113,343400785,12.978,50.0,residential,1,0
1402,343444116,343400785,13.655,50.0,residential,1,0
1403,343444123,343444128,54.239,50.0,residential,1,0
1404,343444123,343400785,132.171,50.0,residential,1,0
1405,343444123,476371657,53.111000000000004,50.0,residential,1,0
1406,343444128,343444123,54.239,50.0,residential,1,0
1407,343444128,343444137,126.614,50.0,residential,1,0
1408,343444128,343444163,55.215,50.0,residential,1,0
1409,343444137,343444157,13.908,50.0,residential,1,0
1410,343444137,343444152,8.034,50.0,residential,1,0
1411,343444137,343444128,126.614,50.0,residential,1,0
1412,343444152,343444137,8.034,50.0,residential,1,0
1413,343444157,343444137,13.908,50.0,residential,1,0
1414,343444163,343444168,105.775,50.0,residential,1,0
1415,343444163,343444128,55.215,50.0,residential,1,0
1416,343444163,6077474269,161.902,50.0,residential,1,0
1417,343444168,343444163,105.775,50.0,residential,1,0
1418,343611352,312283100,18.196,50.0,secondary,3,1
1419,343611352,1790662922,576.7009999999999,60.0,secondary,3,1
1420,343611360,343611352,15.67,60.0,secondary,4,1
1421,343611360,444739982,38.733,50.0,secondary,2,1
1422,343611361,444739983,14.382,50.0,secondary,2,1
1423,343611361,2225823720,18.226,50.0,tertiary,1,1
1424,343611510,342357610,14.255,50.0,residential,1,0
1425,343611510,343611511,83.354,50.0,secondary,2,1
1426,343611511,342359327,14.245,30.0,residential,1,0
1427,343611511,343611512,51.59,50.0,secondary,2,1
1428,343611511,342358423,170.81099999999998,50.0,residential,1,1
1429,343611512,343611513,137.121,50.0,secondary,2,1
1430,343611512,342380436,13.722,50.0,tertiary,1,0
1431,343611513,342376103,11.683,50.0,residential,1,0
1432,343611513,343611514,133.773,50.0,secondary,2,1
1433,343611514,342365168,10.581,50.0,residential,1,0
1434,343611514,343611515,76.024,50.0,secondary,2,1
1435,343611515,354567804,73.75,50.0,secondary,2,1
1436,343611515,2072034651,23.191,50.0,secondary,2,1
1437,343746116,1696551859,67.761,30.0,residential,1,1
1438,344068026,344068053,62.93,30.0,tertiary,1,1
1439,344068026,1696746400,259.262,30.0,residential,1,1
1440,344068053,354681569,38.243,30.0,tertiary,1,1
1441,344068053,3990123475,13.245000000000001,30.0,residential,1,1
1442,344462019,2138045009,108.873,50.0,secondary,1,1
1443,345342110,412399993,52.204,50.0,residential,1,0
1444,345342110,412401317,146.96,50.0,secondary,2,1
1445,345395870,387492231,15.871,30.0,tertiary,1,0
1446,345395870,2763587036,19.169,30.0,tertiary,1,0
1447,345395870,1168579417,290.775,60.0,secondary,2,1
1448,345395901,424105242,62.333,30.0,tertiary,1,0
1449,345395901,2763587036,59.006,30.0,tertiary,1,0
1450,345395901,424098229,119.586,30.0,residential,1,0
1451,345399922,315034711,553.544,90.0,motorway,6,1
1452,345401039,591837210,18.199,50.0,motorway_link,1,1
1453,345401039,1253870158,184.966,50.0,secondary,3,1
1454,345401922,2149039600,18.047,50.0,tertiary,2,1
1455,345401922,1253870225,188.466,50.0,secondary,3,1
1456,345403957,12573584520,127.34,50.0,unclassified,1,0
1457,345413509,2669862627,13.665,30.0,residential,2,1
1458,345413509,2481705167,17.331,30.0,residential,1,0
1459,345413509,2481705189,21.558,50.0,primary,2,1
1460,345753220,340378003,24.432000000000002,30.0,residential,1,1
1461,346147376,1271251234,14.781,30.0,residential,1,0
1462,346147376,9295247780,100.002,50.0,residential,1,1
1463,346147630,2133110729,9.701,30.0,residential,1,0
1464,346147630,346147659,82.269,30.0,residential,1,1
1465,346147659,2133110716,11.746,30.0,residential,1,0
1466,346147659,1271251234,109.272,30.0,residential,1,0
1467,346147659,12573637093,88.722,30.0,residential,1,1
1468,346147978,940860070,91.47800000000001,30.0,residential,1,0
1469,346147978,2129877350,75.394,30.0,residential,1,0
1470,346147978,346148262,75.035,30.0,residential,1,0
1471,346148180,2134290416,58.947,30.0,residential,1,1
1472,346148180,1261466808,51.169000000000004,30.0,residential,1,0
1473,346148262,1116140692,47.321,30.0,residential,1,0
1474,346148262,346147978,75.035,30.0,residential,1,0
1475,346148262,2134290450,108.989,30.0,residential,1,0
1476,346149510,534365214,8.77,50.0,residential,1,0
1477,346149510,1286559903,34.016,50.0,primary,2,1
1478,346149553,346149556,34.64,50.0,residential,1,0
1479,346149553,1288291847,46.216,50.0,residential,1,0
1480,346149553,1288291850,81.02799999999999,50.0,residential,1,0
1481,346149554,346149555,117.331,50.0,residential,1,0
1482,346149554,346149556,78.27799999999999,50.0,residential,1,0
1483,346149554,1288282282,104.461,50.0,residential,1,0
1484,346149555,563985106,36.036,50.0,residential,1,0
1485,346149555,1288282581,34.727,50.0,residential,1,0
1486,346149555,1288286326,110.685,50.0,residential,1,0
1487,346149555,346149554,117.33099999999999,50.0,residential,1,0
1488,346149556,346149553,34.64,50.0,residential,1,0
1489,346149556,563985050,28.25,50.0,residential,1,1
1490,346149556,346149554,78.27799999999999,50.0,residential,1,0
1491,346149706,1288291848,36.212,50.0,residential,1,0
1492,346149706,1288291836,19.577,30.0,residential,1,0
1493,346149706,346149915,20.96,30.0,residential,1,0
1494,346149915,346149706,20.96,30.0,residential,1,0
1495,346149915,1288291847,41.714,50.0,residential,1,0
1496,346150382,4064420031,43.153,50.0,residential,1,0
1497,346150382,534376063,30.169,50.0,primary,2,1
1498,346150403,346150405,27.929,50.0,residential,1,0
1499,346150403,346150663,119.78,50.0,residential,1,1
1500,346150405,346150403,27.929,50.0,residential,1,0
1501,346150405,1288270191,24.951,50.0,residential,1,0
1502,346150405,346150709,119.869,50.0,residential,1,0
1503,346150663,346150709,29.899,30.0,residential,1,1
1504,346150663,1288269538,157.66700000000003,50.0,residential,1,0
1505,346150709,1288267535,81.11,50.0,residential,1,0
1506,346150709,1288270306,22.432,30.0,residential,1,1
1507,346150709,346150405,119.869,50.0,residential,1,0
1508,346150916,563985315,27.268,50.0,residential,1,0
1509,346150916,1288277018,39.589,50.0,residential,1,0
1510,346150916,1288278995,57.397999999999996,50.0,residential,1,0
1511,346150953,563987681,72.362,50.0,residential,1,0
1512,346150953,12118976855,42.245,50.0,residential,1,0
1513,346150953,563988155,13.044,50.0,residential,1,0
1514,346202826,1107315933,12.546,50.0,tertiary,1,1
1515,346202826,1107315932,31.564,50.0,primary,1,1
1516,346202826,9604148233,15.018,30.0,residential,1,0
1517,346202827,346202963,11.017,50.0,primary,1,1
1518,346202827,1164229512,7.263,50.0,tertiary,1,1
1519,346202963,1164229461,14.411,50.0,primary,1,1
1520,346202963,496187785,16.013,50.0,tertiary,1,1
1521,347035948,1697461131,20.182,50.0,secondary,2,1
1522,347035948,3412396545,75.166,50.0,tertiary,1,1
1523,347036390,563908126,12.123,30.0,residential,1,1
1524,347036390,1234762852,70.186,30.0,residential,1,1
1525,347038454,563916840,51.762,30.0,residential,1,0
1526,347038454,2085420168,104.4,30.0,residential,1,0
1527,347038457,649102865,89.65,30.0,residential,1,1
1528,347038457,446138537,209.279,50.0,tertiary,1,0
1529,347038457,563936629,81.694,30.0,residential,1,1
1530,347038457,2344604156,65.824,50.0,tertiary,2,1
1531,350311049,1695279002,102.093,50.0,residential,1,1
1532,350311049,1671579982,10.296,50.0,residential,1,0
1533,350311049,1671579990,71.651,50.0,residential,1,1
1534,351227764,1688171016,62.219,30.0,residential,1,0
1535,351227764,1936278336,309.413,30.0,residential,1,0
1536,351227764,5988364211,90.604,30.0,residential,1,0
1537,352905165,352905167,82.633,50.0,residential,1,1
1538,352905165,3992798245,145.179,50.0,tertiary,1,1
1539,352905167,983958278,65.269,50.0,residential,1,1
1540,352934158,352934669,25.491,50.0,tertiary,2,0
1541,352934158,352934309,71.579,50.0,residential,1,1
1542,352934158,2473987480,223.858,50.0,tertiary,2,0
1543,352934199,352934309,100.801,50.0,residential,1,0
1544,352934309,352934310,201.517,50.0,residential,1,1
1545,352934309,352934199,100.801,50.0,residential,1,0
1546,352934310,2473987480,72.056,50.0,residential,1,1
1547,352934365,412518857,146.56,50.0,tertiary,2,0
1548,352934365,352934310,115.434,50.0,residential,1,1
1549,352934365,530185824,67.77199999999999,50.0,tertiary,2,0
1550,352934500,352934665,71.021,50.0,residential,1,1
1551,352934500,4166597202,92.167,50.0,tertiary,2,1
1552,352934665,352934666,132.668,50.0,residential,1,1
1553,352934665,352934666,167.27800000000002,50.0,residential,1,1
1554,352934666,352934669,101.905,50.0,residential,1,1
1555,352934669,352934158,25.491,50.0,tertiary,2,0
1556,352934669,2144017098,47.864000000000004,50.0,tertiary,1,0
1557,352935966,2138045001,6.245,50.0,tertiary,1,1
1558,352935966,2138044998,44.230000000000004,50.0,tertiary,1,1
1559,352936063,332204765,78.992,50.0,tertiary,1,1
1560,352936063,352936093,60.932,50.0,residential,1,1
1561,352936084,412518436,58.413,50.0,residential,1,1
1562,352936084,286367279,114.237,50.0,tertiary,1,1
1563,352936093,352935966,81.32900000000001,50.0,residential,1,1
1564,352936411,6060497148,62.996,50.0,tertiary,2,1
1565,352936411,343324262,167.25400000000002,30.0,residential,1,1
1566,352936412,6060497159,134.102,50.0,tertiary,2,1
1567,352936412,284641794,9.691,50.0,tertiary,1,0
1568,352936412,5913155755,81.741,50.0,tertiary,1,0
1569,352937792,2203627198,69.59,50.0,tertiary,1,1
1570,352937792,352937806,74.11800000000001,30.0,residential,1,0
1571,352937806,352937807,72.485,30.0,residential,1,0
1572,352937806,352937814,143.931,30.0,residential,1,0
1573,352937806,352937792,74.11800000000001,30.0,residential,1,0
1574,352937807,352937806,72.485,30.0,residential,1,0
1575,352937807,352938437,20.952,30.0,residential,1,0
1576,352937807,2203627190,72.184,30.0,residential,1,0
1577,352937814,352937806,143.931,30.0,residential,1,0
1578,352938032,352939774,68.361,30.0,residential,1,0
1579,352938161,2671045801,34.339,50.0,secondary,2,1
1580,352938161,2671045788,27.555,50.0,residential,1,1
1581,352938163,12869409443,109.514,30.0,residential,1,0
1582,352938163,352938590,59.521,30.0,residential,1,0
1583,352938163,352938164,52.048,30.0,residential,1,0
1584,352938163,352938557,48.783,30.0,residential,1,0
1585,352938164,352938163,52.048,30.0,residential,1,0
1586,352938164,352938779,56.795,30.0,residential,1,0
1587,352938164,352938835,82.971,30.0,residential,1,0
1588,352938164,352938209,56.898999999999994,30.0,residential,1,1
1589,352938209,8582199736,72.507,30.0,residential,1,1
1590,352938209,343324964,144.05499999999998,30.0,residential,1,1
1591,352938432,352938557,50.901,30.0,residential,1,0
1592,352938432,3227432449,11.88,30.0,residential,1,0
1593,352938432,352938434,176.18800000000002,30.0,residential,1,0
1594,352938434,352938436,77.847,30.0,residential,1,0
1595,352938434,352938432,176.188,30.0,residential,1,0
1596,352938434,352939372,209.69299999999998,30.0,residential,1,0
1597,352938436,12869409422,132.67,30.0,residential,1,1
1598,352938436,352938434,77.847,30.0,residential,1,0
1599,352938437,352939774,53.865,30.0,residential,1,0
1600,352938437,352937807,20.952,30.0,residential,1,0
1601,352938438,3227432449,46.82,30.0,residential,1,0
1602,352938556,352938557,65.997,30.0,residential,1,0
1603,352938557,352938558,110.233,30.0,residential,1,0
1604,352938557,352938556,65.997,30.0,residential,1,0
1605,352938557,352938163,48.783,30.0,residential,1,0
1606,352938557,352938432,50.901,30.0,residential,1,0
1607,352938558,352938557,110.233,30.0,residential,1,0
1608,352938590,352938163,59.521,30.0,residential,1,0
1609,352938779,352938164,56.795,30.0,residential,1,0
1610,352938835,352938835,106.50599999999999,30.0,residential,1,0
1611,352938835,352938835,106.506,30.0,residential,1,0
1612,352938835,352938164,82.971,30.0,residential,1,0
1613,352939372,352938434,209.69299999999998,30.0,residential,1,0
1614,352939372,343611352,95.423,50.0,secondary,3,1
1615,352939774,352938032,68.361,30.0,residential,1,0
1616,352939774,352938437,53.865,30.0,residential,1,0
1617,352939774,352938436,253.183,30.0,residential,1,1
1618,352940305,352940349,73.631,30.0,residential,1,1
1619,352940305,2225831427,75.259,50.0,secondary,2,1
1620,352940340,352940636,120.869,30.0,residential,1,1
1621,352940342,343327806,76.594,50.0,tertiary,1,0
1622,352940342,342380436,81.202,50.0,tertiary,1,0
1623,352940349,352940340,75.647,30.0,residential,1,1
1624,352940349,352940599,154.65,30.0,residential,1,1
1625,352940549,343327806,143.947,50.0,tertiary,1,0
1626,352940549,284641794,77.458,50.0,tertiary,1,0
1627,352940549,352940634,67.146,30.0,residential,1,1
1628,352940599,9272060065,77.90400000000001,30.0,residential,1,1
1629,352940634,352940902,149.482,30.0,residential,1,1
1630,352940634,352940687,118.67,30.0,residential,1,1
1631,352940636,352940342,92.57,30.0,residential,1,1
1632,352940685,352940636,52.54,30.0,residential,1,1
1633,352940685,352940687,46.094,30.0,residential,1,0
1634,352940687,352940685,34.376000000000005,30.0,residential,1,1
1635,352940687,352940685,46.094,30.0,residential,1,0
1636,352940902,352940599,71.621,30.0,residential,1,1
1637,352940902,352940340,170.261,30.0,residential,1,1
1638,352941159,35288620,77.016,50.0,secondary,1,1
1639,354025339,342280719,9.425,50.0,secondary,2,1
1640,354025339,412820357,146.556,50.0,tertiary,1,1
1641,354025345,354025339,14.489,60.0,tertiary,1,1
1642,354025345,2763587023,353.108,60.0,secondary,2,1
1643,354027676,354025345,1015.2740000000002,60.0,tertiary,1,1
1644,354027724,381597505,31.046,50.0,tertiary,1,1
1645,354027893,2349733341,157.772,50.0,tertiary_link,1,1
1646,354027893,2349733321,77.893,60.0,tertiary,1,1
1647,354030217,3725504654,191.779,30.0,residential,1,1
1648,354030217,29944870,74.64399999999999,50.0,tertiary,2,1
1649,354033146,354033153,147.353,50.0,secondary_link,1,1
1650,354033146,339427555,337.4630000000001,60.0,secondary,3,1
1651,354033153,339429278,20.371000000000002,50.0,secondary,3,1
1652,354036383,1139743596,62.738,30.0,residential,1,0
1653,354036383,1139743878,275.164,30.0,residential,1,0
1654,354036383,1139743655,78.176,30.0,residential,1,0
1655,354036386,1139743878,63.988,30.0,residential,1,0
1656,354036386,354036387,33.111000000000004,30.0,residential,1,1
1657,354036387,7006119064,268.884,30.0,residential,1,0
1658,354036387,3495343356,19.274,30.0,residential,1,1
1659,354039432,332212898,20.87,70.0,tertiary,2,1
1660,354039432,1104549345,31.002000000000002,50.0,tertiary,1,1
1661,354039615,354039617,18.106,50.0,tertiary,1,1
1662,354039615,1152351333,44.147,70.0,trunk,3,1
1663,354039617,289069621,19.948,70.0,trunk,1,1
1664,354039617,1104534232,26.911,50.0,tertiary,1,1
1665,354040266,476355557,18.328,30.0,residential,1,0
1666,354040266,6337907151,616.5029999999999,70.0,tertiary,2,1
1667,354040266,354040269,195.923,30.0,residential,1,0
1668,354040269,354040617,28.734,30.0,residential,1,1
1669,354040269,354040266,195.923,30.0,residential,1,0
1670,354040526,403794706,82.844,30.0,residential,1,0
1671,354040527,354040617,64.684,30.0,residential,1,0
1672,354040527,403794706,49.102,30.0,residential,1,0
1673,354040527,403794707,178.0,30.0,residential,1,0
1674,354040617,354040527,64.684,30.0,residential,1,0
1675,354040617,794293349,56.099,30.0,residential,1,1
1676,354040860,354041624,62.615,30.0,residential,1,0
1677,354041624,354040860,62.615,30.0,residential,1,0
1678,354041624,1152351378,43.845,30.0,residential,1,0
1679,354041624,354041770,146.958,30.0,residential,1,0
1680,354041770,6337907149,109.06,30.0,residential,1,0
1681,354041770,354041624,146.958,30.0,residential,1,0
1682,354041770,794293349,545.167,30.0,residential,1,0
1683,354041899,354053803,18.758,70.0,tertiary,2,1
1684,354041899,2303015621,15.425,30.0,residential,1,1
1685,354043219,411814102,29.734,70.0,tertiary,2,1
1686,354043219,354043320,38.95100000000001,50.0,tertiary_link,1,1
1687,354043320,354043586,27.801,50.0,residential,1,0
1688,354043320,411814102,26.46,50.0,residential,1,0
1689,354043320,354043377,38.592999999999996,50.0,tertiary_link,1,1
1690,354043377,1157432871,217.617,70.0,tertiary,2,1
1691,354043586,354043320,27.801,50.0,residential,1,0
1692,354043586,354043588,162.632,50.0,residential,1,0
1693,354043586,1141933016,312.758,50.0,residential,1,0
1694,354043586,1554860966,204.613,50.0,residential,1,0
1695,354043588,354043586,162.632,50.0,residential,1,0
1696,354043588,354043907,18.498,50.0,residential,1,1
1697,354043907,11645556334,200.35600000000002,50.0,residential,1,0
1698,354043907,354044198,24.019,50.0,residential,1,1
1699,354044062,1141932984,71.974,50.0,residential,1,0
1700,354044062,354044064,16.507,50.0,residential,1,1
1701,354044064,354045193,302.267,50.0,residential,1,0
1702,354044064,1157437088,10.717,50.0,residential,1,1
1703,354044077,409693240,27.799,50.0,residential,1,0
1704,354044077,1157434450,331.212,50.0,residential,1,0
1705,354044077,354045257,156.66299999999998,50.0,residential,1,0
1706,354044077,1191621710,370.309,50.0,residential,1,0
1707,354044198,10942754473,38.385,50.0,residential,1,1
1708,354044198,806982470,9.625,50.0,residential,1,1
1709,354044825,800950934,15.716,50.0,residential,1,0
1710,354044825,409693240,30.516,50.0,residential,1,0
1711,354044825,409693527,31.931,70.0,tertiary,1,1
1712,354045193,354045397,29.92,50.0,residential,1,1
1713,354045193,354044064,302.267,50.0,residential,1,0
1714,354045257,354044077,156.663,50.0,residential,1,0
1715,354045257,354045193,16.026,50.0,residential,1,1
1716,354045397,1643374968,126.553,50.0,residential,1,0
1717,354045397,354045257,13.732,50.0,residential,1,1
1718,354045769,1131410801,92.513,30.0,residential,1,1
1719,354045769,803481930,8.331,50.0,residential,1,1
1720,354046048,409470847,13.784,70.0,tertiary,3,1
1721,354046048,1141926352,34.201,50.0,tertiary,1,1
1722,354046851,354059802,15.274999999999999,50.0,residential,1,1
1723,354046894,354046900,208.668,50.0,residential,1,0
1724,354046900,354055944,59.363,30.0,residential,1,0
1725,354046900,354046902,96.642,30.0,residential,1,0
1726,354046900,354046894,208.668,50.0,residential,1,0
1727,354046900,354047338,595.827,30.0,residential,1,0
1728,354046902,354046900,96.642,30.0,residential,1,0
1729,354047338,354046900,595.827,30.0,residential,1,0
1730,354047338,354058549,18.347,50.0,tertiary,1,1
1731,354047746,1546447339,297.38699999999994,30.0,residential,2,0
1732,354053803,1104549396,158.437,70.0,tertiary,2,1
1733,354055944,354046900,59.363,30.0,residential,1,0
1734,354055944,354056033,25.688,50.0,tertiary,1,1
1735,354056032,354055944,14.651,50.0,tertiary,1,1
1736,354056033,354056104,22.258999999999997,50.0,tertiary,1,1
1737,354056033,354058547,216.99,50.0,tertiary,2,1
1738,354056104,354056144,40.25899999999999,50.0,tertiary,1,1
1739,354056144,1141926343,164.35600000000002,50.0,tertiary,2,1
1740,354056144,354056032,23.101,50.0,tertiary,1,1
1741,354058547,354047338,14.506,50.0,tertiary,1,1
1742,354058549,354059785,159.83,50.0,residential,2,1
1743,354058549,354058599,18.509,50.0,tertiary,1,1
1744,354058599,354058659,34.893,50.0,tertiary,1,1
1745,354058659,354056104,216.11199999999997,50.0,tertiary,2,1
1746,354058659,354058547,19.77,50.0,tertiary,1,1
1747,354059785,354045769,13.364,50.0,residential,1,1
1748,354059802,354058599,158.683,50.0,residential,2,1
1749,354059802,354059785,20.933000000000003,50.0,residential,1,1
1750,354567804,342362300,248.23000000000002,50.0,secondary,2,1
1751,354681569,1698173571,9.889,30.0,residential,1,1
1752,354681569,442893173,130.708,30.0,tertiary,1,1
1753,355602971,2144017079,81.763,50.0,tertiary,2,1
1754,355602971,311001030,22.595,50.0,tertiary,2,1
1755,355867280,563949004,100.464,30.0,residential,1,0
1756,355867280,2490677639,75.069,30.0,residential,1,0
1757,355867280,1288201521,37.614000000000004,30.0,residential,1,0
1758,355867364,563949004,40.951,30.0,residential,1,0
1759,355867364,563953815,11.867,30.0,residential,1,1
1760,357489295,724192875,16.233,50.0,residential,1,1
1761,357489295,57046720,347.709,50.0,secondary,3,1
1762,357489690,1724608588,16.278,50.0,residential,1,1
1763,357489690,1724608591,21.482,50.0,residential,1,1
1764,357491441,3621265272,9.766,50.0,residential,1,1
1765,357491441,3985298575,46.573,50.0,residential,1,1
1766,357492752,440059978,28.618,50.0,residential,1,0
1767,357492752,357493795,118.63900000000001,30.0,residential,1,1
1768,357492752,357493840,66.408,50.0,residential,1,0
1769,357493148,357493795,62.155,50.0,residential,1,1
1770,357493148,384675578,70.69,50.0,residential,1,1
1771,357493795,4139634029,28.27,30.0,residential,1,1
1772,357493840,1724608605,176.863,50.0,residential,1,0
1773,357493840,357492752,66.408,50.0,residential,1,0
1774,357498733,384667998,27.157999999999998,30.0,residential,1,1
1775,357498733,2133470403,36.117,50.0,residential,1,1
1776,357500272,2470061834,36.672,50.0,tertiary,3,0
1777,357500272,1628430724,34.499,50.0,tertiary,3,0
1778,357500272,366653136,197.94600000000003,30.0,residential,1,1
1779,357504498,357504499,113.78,30.0,residential,1,1
1780,357504498,4066061782,108.30300000000001,30.0,secondary,2,1
1781,357504499,357505221,44.447,30.0,residential,1,1
1782,357505221,357505224,83.491,30.0,residential,1,1
1783,357505221,4066061782,178.661,30.0,residential,1,1
1784,357505221,2469848123,155.885,50.0,residential,1,1
1785,357505224,357505226,16.656,30.0,residential,1,1
1786,357505226,384694041,136.713,30.0,residential,1,1
1787,357505226,357505228,50.370999999999995,30.0,residential,1,1
1788,357505228,334712285,101.12,50.0,residential,1,1
1789,357507801,1209000995,15.24,50.0,residential,2,0
1790,357507801,384664913,117.515,30.0,residential,1,1
1791,357507801,384665045,85.997,50.0,tertiary,1,1
1792,357515625,3307421768,67.951,50.0,living_street,1,0
1793,357515625,2683019657,186.287,30.0,residential,1,1
1794,357515920,2683019657,68.101,30.0,tertiary,2,1
1795,357515920,357515625,115.84599999999999,30.0,residential,1,1
1796,357518611,384668147,77.524,50.0,residential,1,1
1797,357518611,357518612,84.89800000000001,50.0,residential,1,1
1798,357518612,2365353783,20.036,50.0,residential,2,1
1799,357518612,384673348,72.039,50.0,residential,1,1
1800,357520749,1718633172,132.495,50.0,residential,1,1
1801,357520749,3146936635,671.1109999999998,30.0,residential,1,1
1802,357529280,11036710226,12.895,50.0,tertiary,2,0
1803,357529280,4439377039,49.244,50.0,residential,1,1
1804,357529280,2217011847,147.67399999999998,50.0,tertiary,2,0
1805,357531232,357531366,81.615,50.0,tertiary,2,0
1806,357531232,357531339,49.172,50.0,residential,1,1
1807,357531232,472591153,99.211,50.0,residential,2,0
1808,357531339,357531421,60.5,50.0,residential,1,1
1809,357531339,357531606,44.337,50.0,residential,1,0
1810,357531339,1931861666,37.993,50.0,residential,1,1
1811,357531366,357531421,38.525,50.0,residential,1,1
1812,357531366,6488204572,44.553,50.0,tertiary,2,0
1813,357531366,357531232,81.615,50.0,tertiary,2,0
1814,357531421,1931861662,28.945,50.0,residential,1,1
1815,357531421,1199373065,56.867999999999995,50.0,residential,1,1
1816,357531606,357531339,44.337,50.0,residential,1,0
1817,357533354,357533356,42.681,50.0,residential,1,0
1818,357533356,3524113313,20.930999999999997,50.0,residential,1,1
1819,357533356,357533354,42.681,50.0,residential,1,0
1820,357533356,10249498060,17.613,50.0,residential,1,0
1821,357533360,1931841474,95.316,50.0,residential,1,0
1822,357533360,11028054579,60.69,50.0,residential,1,0
1823,357533360,8107538553,148.965,50.0,residential,1,1
1824,357533792,1645591870,18.235,50.0,residential,2,1
1825,357533792,2515962044,216.424,50.0,secondary,3,1
1826,357534734,1143770935,35.396,50.0,residential,1,0
1827,357534734,1931841474,110.57,50.0,residential,1,0
1828,357534734,1435925458,228.44999999999996,50.0,residential,1,0
1829,357534839,1143770921,8.461,50.0,residential,1,0
1830,357534839,2217040457,22.277,50.0,secondary,2,1
1831,357534881,357534839,71.321,50.0,secondary,2,1
1832,357534881,357535066,75.75399999999999,50.0,residential,1,1
1833,357535066,1232931879,66.729,50.0,residential,1,0
1834,357535066,9970549279,118.76700000000001,50.0,tertiary,1,1
1835,357535535,580709623,47.164,50.0,residential,1,1
1836,357536485,357538922,164.14,50.0,residential,1,1
1837,357536485,286643451,57.715,50.0,residential,1,1
1838,357536696,1628430710,45.611000000000004,50.0,tertiary,2,1
1839,357536696,366651462,81.021,50.0,residential,1,1
1840,357538387,1672351167,110.378,50.0,residential,1,1
1841,357538922,357538387,36.399,50.0,residential,1,1
1842,357538922,540421284,40.913000000000004,50.0,residential,1,1
1843,357545243,540419958,43.757,50.0,residential,1,1
1844,357545243,540420234,143.831,30.0,residential,1,1
1845,357556865,57046702,134.87900000000002,50.0,residential,1,1
1846,357556865,2141534223,222.562,50.0,secondary,3,1
1847,358864411,12554118140,10.043,60.0,secondary,4,1
1848,358864411,4523332810,31.471,50.0,tertiary,2,1
1849,358866427,284911361,77.777,30.0,residential,1,1
1850,360201247,360201680,124.35400000000001,30.0,residential,1,1
1851,360201651,360201652,65.11699999999999,30.0,residential,1,0
1852,360201652,367369362,53.815,30.0,residential,1,1
1853,360201652,360201651,65.117,30.0,residential,1,0
1854,360201680,340007412,84.242,30.0,residential,1,1
1855,360201680,360201652,100.238,30.0,residential,1,1
1856,361093948,361102369,151.505,50.0,trunk_link,1,1
1857,361093948,332212528,67.815,80.0,trunk,3,1
1858,361094742,339428052,19.389,60.0,secondary,3,1
1859,361094742,2303015608,26.778,50.0,residential,2,1
1860,361094746,361094742,17.244,70.0,tertiary,3,1
1861,361094746,361094749,41.724,60.0,secondary,2,1
1862,361094749,3495343377,349.36199999999997,60.0,secondary,3,1
1863,361094761,361094749,65.135,50.0,secondary_link,1,1
1864,361094761,361094746,43.001000000000005,70.0,tertiary,3,1
1865,361102152,289087265,18.129,50.0,secondary,2,1
1866,361102152,1136844819,20.048,70.0,secondary,3,1
1867,361102157,1460805610,18.422,50.0,secondary,1,1
1868,361102157,12404428905,1086.988,80.0,trunk,4,1
1869,361102158,287081618,14.304,70.0,tertiary,1,1
1870,361102158,1141926354,29.857,50.0,tertiary,1,1
1871,361102369,1141926375,104.994,50.0,tertiary,4,1
1872,361102388,271326030,71.594,70.0,secondary,1,1
1873,361102388,361102390,154.333,50.0,trunk_link,1,1
1874,362647436,338523914,115.038,50.0,tertiary,1,1
1875,362647436,6485448248,39.949,30.0,residential,1,0
1876,362648349,338523914,67.594,30.0,residential,1,1
1877,362648954,290034963,71.517,30.0,residential,1,1
1878,362648954,7891472525,85.572,30.0,living_street,1,0
1879,362650648,340459478,76.955,30.0,residential,1,1
1880,362650648,332203931,118.83500000000001,50.0,tertiary,1,1
1881,362651172,340232952,72.74,30.0,residential,1,1
1882,362653246,412519273,46.249,30.0,residential,1,0
1883,362653249,412518478,70.797,30.0,residential,1,1
1884,362653249,362654582,68.905,50.0,tertiary,1,1
1885,362654303,2144024860,86.372,30.0,residential,1,1
1886,362654303,362654505,102.838,30.0,residential,1,1
1887,362654505,362654582,65.328,30.0,residential,1,1
1888,362654582,2469848036,90.90299999999999,50.0,tertiary,1,1
1889,365766139,1198023631,50.705999999999996,50.0,residential,1,1
1890,365766139,365766143,408.106,50.0,residential,1,0
1891,365766143,2112520119,76.327,30.0,residential,1,0
1892,365766143,472591174,64.77,50.0,residential,1,0
1893,365766143,365766139,408.106,50.0,residential,1,0
1894,365766257,365766891,89.833,30.0,residential,1,1
1895,365766891,2584166686,5.14,50.0,secondary,1,1
1896,365767690,549249391,8.403,50.0,residential,1,1
1897,365767690,3979130628,14.499,50.0,residential,1,1
1898,365767693,1198023618,19.498,50.0,residential,1,0
1899,365767693,549249391,28.661,50.0,residential,1,1
1900,365767997,13167218933,4.214,50.0,tertiary,2,1
1901,365767997,13167218927,8.324,50.0,secondary,1,1
1902,365768007,2532326726,19.814,50.0,residential,1,1
1903,365768007,6137993452,113.572,50.0,secondary,1,1
1904,365768345,384668147,51.104,30.0,residential,1,1
1905,365768345,3985298566,45.485,50.0,residential,1,1
1906,365768426,412530016,26.58,30.0,residential,1,1
1907,365768435,57046702,100.471,30.0,residential,1,1
1908,365769152,580725909,249.76800000000003,30.0,living_street,1,0
1909,365769816,2264252017,12.131,50.0,tertiary,2,0
1910,365769816,1589498340,67.62700000000001,30.0,living_street,1,1
1911,365769816,3992078740,109.264,50.0,tertiary,2,0
1912,365769873,540448708,141.863,50.0,tertiary,1,0
1913,365769873,2515962043,15.636,50.0,tertiary,1,0
1914,365769873,2216120240,15.026,50.0,tertiary,1,0
1915,365769873,13123372779,42.409,30.0,tertiary,1,0
1916,366649858,3999875641,7.472,50.0,tertiary,2,1
1917,366649858,496176177,98.279,30.0,residential,1,1
1918,366651300,496176172,97.278,50.0,residential,1,1
1919,366651300,286643458,37.938,50.0,residential,1,1
1920,366651303,1995922151,10.721,50.0,tertiary,2,1
1921,366651349,366651300,81.95899999999999,50.0,residential,1,1
1922,366651349,286542239,42.782999999999994,50.0,residential,1,1
1923,366651462,286643458,95.213,50.0,residential,1,1
1924,366651462,496176172,40.221,30.0,residential,1,1
1925,366652262,1628430689,39.461,50.0,residential,1,1
1926,366652380,366652262,82.891,50.0,residential,1,1
1927,366652380,4170418930,42.311,50.0,residential,1,1
1928,366652516,1995922116,9.746,50.0,tertiary,2,1
1929,366652516,496176174,65.00399999999999,30.0,residential,1,1
1930,366652746,366653067,17.745,50.0,residential,1,1
1931,366652746,2470061834,195.19599999999997,30.0,residential,1,1
1932,366653067,286643440,38.736,50.0,residential,1,1
1933,366653067,2139244073,155.659,50.0,residential,1,1
1934,366653136,366652746,36.049,50.0,residential,1,1
1935,366653136,286643475,86.547,30.0,residential,1,1
1936,366653799,1628430723,36.726,50.0,residential,1,1
1937,366653799,2470061832,199.90800000000002,30.0,residential,1,1
1938,366654065,366653799,84.292,30.0,residential,1,1
1939,366654065,1574692918,38.471,50.0,residential,1,1
1940,366925712,8400880094,100.837,50.0,secondary,5,1
1941,366925712,2989957353,31.156,50.0,motorway_link,2,1
1942,366926629,366925712,21.502,50.0,motorway_link,2,1
1943,366926629,4416355538,27.311999999999998,50.0,secondary,5,1
1944,367369362,2469848162,115.544,50.0,tertiary,1,0
1945,367369362,370499903,19.935000000000002,50.0,residential,1,0
1946,367369362,340005675,63.608,50.0,tertiary,1,0
1947,367607977,367608098,43.982,50.0,residential,1,0
1948,367607977,1678949791,39.185,50.0,residential,2,1
1949,367607977,339474687,50.89,50.0,residential,1,0
1950,367608098,367607977,43.982,50.0,residential,1,0
1951,367608098,339472702,22.868,50.0,residential,1,0
1952,367608169,4085651845,14.778,50.0,tertiary,3,1
1953,367608364,3593956982,18.01,50.0,residential,1,0
1954,369338835,369339017,68.52,30.0,residential,1,0
1955,369338835,369338837,15.561,50.0,tertiary,1,1
1956,369338837,369338838,12.655000000000001,50.0,tertiary,1,1
1957,369338837,1187565588,256.99899999999997,30.0,tertiary,1,0
1958,369338838,1168934790,32.637,30.0,residential,1,0
1959,369338838,369338839,16.458000000000002,50.0,tertiary,1,1
1960,369338839,5914178744,47.524,30.0,tertiary,1,0
1961,369338839,369338835,15.588000000000001,50.0,tertiary,1,1
1962,369338898,387490406,74.288,30.0,residential,1,0
1963,369338898,387490555,200.154,30.0,residential,1,1
1964,369338952,369338953,21.955,30.0,tertiary,1,1
1965,369338952,417132169,162.139,30.0,tertiary,1,0
1966,369338953,417644744,55.425,30.0,residential,1,0
1967,369338953,849307551,17.259999999999998,30.0,tertiary,1,1
1968,369339017,369338835,68.52,30.0,residential,1,0
1969,369339017,387490553,272.84700000000004,30.0,residential,1,1
1970,369339273,369339274,14.552,30.0,tertiary,1,0
1971,369339273,1123297110,208.09700000000004,50.0,primary,1,1
1972,369339274,5914178738,22.026,50.0,primary,1,1
1973,369339274,369339273,14.552,30.0,tertiary,1,0
1974,369339274,5914178740,18.993000000000002,30.0,tertiary,1,0
1975,369339277,418860662,59.429,30.0,tertiary,1,0
1976,369339277,418891188,81.021,30.0,tertiary,1,0
1977,369339277,418862430,239.444,30.0,residential,1,1
1978,369339277,418858301,100.574,30.0,residential,1,0
1979,369339278,418857387,73.321,30.0,tertiary,1,0
1980,369339278,418850572,524.646,30.0,tertiary,1,0
1981,369339278,419004579,114.037,30.0,residential,1,0
1982,369339292,369340741,52.325,30.0,tertiary,1,0
1983,369339292,471554985,50.563,30.0,residential,1,1
1984,369339292,424094288,167.42700000000002,30.0,tertiary,1,0
1985,369340656,418850572,103.826,30.0,tertiary,1,0
1986,369340656,369341060,16.257,30.0,tertiary,1,1
1987,369340741,369339292,52.325,30.0,tertiary,1,0
1988,369340741,369341058,23.846,30.0,tertiary,1,1
1989,369341058,369340656,17.161,30.0,tertiary,1,1
1990,369341060,369340741,23.613,30.0,tertiary,1,1
1991,369341060,418858303,347.517,30.0,residential,1,1
1992,369345564,369338952,25.457,30.0,tertiary,1,1
1993,370499903,5959244491,63.051,30.0,residential,1,1
1994,370499903,367369362,19.935000000000002,50.0,residential,1,0
1995,370499903,12771027382,112.779,50.0,tertiary,1,1
1996,374352685,10901313426,106.118,50.0,residential,1,0
1997,374352685,11267492233,15.312999999999999,50.0,residential,1,1
1998,375523753,5862276273,62.095,30.0,residential,1,0
1999,375523753,343329526,73.107,30.0,residential,1,0
2000,375523753,6063048211,192.153,30.0,residential,1,0
2001,381449118,1692356608,30.301,50.0,tertiary,1,1
2002,381449118,381457105,52.92100000000001,50.0,tertiary_link,1,1
2003,381453814,10579294329,8.624,50.0,tertiary,1,1
2004,381453814,672924222,302.65700000000004,50.0,residential,1,1
2005,381457105,10579349744,26.755000000000003,50.0,residential,1,1
2006,381457105,6351946426,275.36899999999997,50.0,residential,1,0
2007,381475785,381494570,53.341,50.0,residential,1,0
2008,381475785,392067695,56.358000000000004,30.0,residential,1,1
2009,381475785,381600331,87.12100000000001,30.0,residential,1,0
2010,381478349,271878405,73.947,30.0,residential,1,0
2011,381478349,381480093,21.777,50.0,tertiary,1,1
2012,381480093,271878297,451.47400000000005,50.0,tertiary,1,0
2013,381480093,10579564601,26.819,50.0,tertiary,1,1
2014,381494570,381475785,53.341,50.0,residential,1,0
2015,381494570,471483578,64.021,30.0,residential,1,0
2016,381510919,463245857,144.644,30.0,residential,1,0
2017,381510919,1170510750,65.423,30.0,residential,1,0
2018,381510919,1171649160,49.132,30.0,residential,1,0
2019,381511940,381579633,58.018,50.0,residential,1,0
2020,381511940,416639005,207.452,30.0,residential,1,1
2021,381511949,381511957,49.754999999999995,30.0,residential,1,1
2022,381511949,471560855,258.309,30.0,residential,1,1
2023,381511957,381511986,136.738,30.0,residential,1,1
2024,381511986,471561160,63.085,30.0,residential,1,0
2025,381511986,471562980,29.782,30.0,residential,1,1
2026,381512024,381554811,61.315,30.0,residential,1,0
2027,381512024,381510919,220.012,30.0,residential,1,1
2028,381533431,10579294317,5.151,50.0,tertiary,1,1
2029,381533431,10579297244,26.959,30.0,residential,1,1
2030,381540455,10579297244,57.191,30.0,residential,1,0
2031,381540455,392067702,121.672,30.0,residential,1,1
2032,381543295,381543300,116.496,30.0,residential,1,1
2033,381543300,381543295,238.512,30.0,residential,1,1
2034,381543300,381544317,98.83599999999998,30.0,residential,1,1
2035,381544317,381544321,155.152,30.0,residential,1,1
2036,381544321,381544317,212.23299999999998,30.0,residential,1,1
2037,381544321,381554811,88.035,30.0,residential,1,1
2038,381554811,381512024,61.315,30.0,residential,1,0
2039,381554811,4173059488,120.149,30.0,residential,1,0
2040,381571872,381579633,34.611999999999995,30.0,residential,1,0
2041,381571872,271878300,40.058,50.0,tertiary,1,1
2042,381579633,381511940,58.018,50.0,residential,1,0
2043,381579633,463173566,77.649,30.0,residential,1,0
2044,381579633,381571872,34.611999999999995,30.0,residential,1,0
2045,381597505,314957906,11.933,50.0,tertiary,1,1
2046,381597505,381449118,249.43,50.0,tertiary,2,1
2047,381600331,1170498425,137.9,30.0,residential,1,0
2048,381600331,471483903,308.727,30.0,residential,1,0
2049,381600331,381475785,87.12100000000001,30.0,residential,1,0
2050,381609606,381609648,11.934,50.0,tertiary,1,1
2051,381609606,417131196,121.42699999999999,50.0,tertiary,1,1
2052,381609648,10579564570,12.163,50.0,tertiary,1,1
2053,381609648,989278106,121.95899999999999,50.0,tertiary,1,1
2054,384558892,3666479493,79.808,50.0,secondary,3,1
2055,384581741,9683452910,21.197,50.0,tertiary,2,1
2056,384581741,10733523520,13.543,50.0,residential,1,1
2057,384595167,339474687,17.635,50.0,residential,1,0
2058,384595167,339473381,83.40700000000001,50.0,residential,1,0
2059,384604490,1209001015,55.217,50.0,tertiary,2,1
2060,384604490,476376664,140.334,50.0,residential,1,1
2061,384604491,384604871,45.528,50.0,tertiary,3,1
2062,384604871,476376316,95.376,50.0,residential,1,1
2063,384604871,1672351169,52.378,50.0,tertiary,3,1
2064,384604872,384604490,46.243,50.0,tertiary,2,1
2065,384609471,3992803564,24.939,50.0,residential,1,0
2066,384609471,4413855649,62.366,50.0,tertiary,2,1
2067,384613392,384613775,37.847,50.0,residential,1,1
2068,384613392,476376316,50.569,50.0,residential,1,1
2069,384613392,1672351169,88.908,50.0,tertiary,2,1
2070,384613399,1683209667,55.41699999999999,30.0,tertiary,1,1
2071,384613775,4413855649,131.538,50.0,residential,1,1
2072,384613775,384613399,227.15300000000002,50.0,residential,1,1
2073,384622257,384622740,61.531,50.0,tertiary,2,1
2074,384622257,4475762404,145.86599999999999,50.0,residential,1,1
2075,384622740,384622743,160.09,30.0,living_street,1,1
2076,384622740,3992803567,57.689,50.0,tertiary,2,1
2077,384622743,4475762404,68.091,50.0,tertiary,3,1
2078,384632413,7769911996,70.306,50.0,residential,1,1
2079,384636414,384637410,8.906,50.0,residential,1,1
2080,384636414,384632413,218.68200000000002,50.0,residential,1,1
2081,384636415,384637413,9.028,50.0,residential,1,0
2082,384636415,384636414,19.787,50.0,residential,1,1
2083,384637410,384637413,19.019,50.0,residential,1,1
2084,384637410,384639051,42.194,50.0,residential,1,1
2085,384637413,476389032,102.427,50.0,residential,1,1
2086,384637413,384636415,9.028,50.0,residential,1,0
2087,384639051,384639342,62.218,50.0,residential,1,1
2088,384639223,476389032,56.754,50.0,residential,1,1
2089,384639223,384639051,115.405,50.0,residential,1,1
2090,384639342,384639549,120.577,50.0,residential,1,1
2091,384639342,384651125,58.476,50.0,residential,1,1
2092,384639549,384639223,60.685,50.0,residential,1,1
2093,384644922,287571173,62.994,50.0,residential,1,1
2094,384648219,4020571610,82.78200000000001,50.0,tertiary,2,1
2095,384648219,34650802,175.595,50.0,tertiary,2,1
2096,384648220,11473316970,4.89,50.0,tertiary,2,1
2097,384648220,384648219,19.727,50.0,tertiary,2,1
2098,384648823,334739043,79.309,50.0,residential,3,1
2099,384649099,384648823,125.013,50.0,residential,2,1
2100,384649099,384676600,73.327,50.0,residential,3,1
2101,384651116,4014929254,62.785,50.0,tertiary,2,1
2102,384651116,384651121,17.592,50.0,residential,1,1
2103,384651121,384651123,83.56899999999999,50.0,residential,1,1
2104,384651121,334739161,207.10700000000003,50.0,tertiary,2,1
2105,384651123,384639549,59.903,50.0,residential,1,1
2106,384651123,384651125,126.676,50.0,residential,1,1
2107,384651125,384632413,123.535,50.0,residential,1,1
2108,384651125,476389622,207.11400000000003,50.0,residential,1,1
2109,384653018,282458089,136.306,30.0,residential,1,1
2110,384653018,384636414,72.72900000000001,30.0,residential,1,1
2111,384653019,384741761,55.191,30.0,residential,1,1
2112,384653019,384653018,78.846,30.0,residential,1,1
2113,384653020,496175198,69.039,30.0,residential,1,1
2114,384653020,384660757,81.491,30.0,residential,1,1
2115,384654416,384719374,70.264,50.0,residential,1,1
2116,384654416,412521186,212.65400000000002,50.0,residential,1,1
2117,384654737,384653020,64.017,30.0,residential,1,1
2118,384654737,384654416,244.112,50.0,residential,1,1
2119,384655862,334710148,62.805,30.0,residential,1,1
2120,384656319,384655862,122.97,30.0,residential,1,1
2121,384656323,384656319,59.389,30.0,residential,1,1
2122,384656323,2469848073,8.555,50.0,tertiary,1,1
2123,384656481,334711448,18.605,30.0,residential,1,0
2124,384658095,384658245,69.088,50.0,residential,1,0
2125,384658095,334709788,14.434,50.0,tertiary,1,1
2126,384658245,384658095,69.08800000000001,50.0,residential,1,0
2127,384658333,384658418,54.829,50.0,residential,1,0
2128,384658418,384658333,54.829,50.0,residential,1,0
2129,384658418,384656323,59.915000000000006,50.0,tertiary,1,1
2130,384660226,384660612,81.341,30.0,residential,1,1
2131,384660226,384653020,178.132,30.0,residential,1,1
2132,384660612,384660615,68.971,30.0,residential,1,1
2133,384660612,384660757,174.688,30.0,residential,1,1
2134,384660615,287570954,53.313,30.0,residential,1,1
2135,384660757,384653019,83.91300000000001,30.0,residential,1,1
2136,384661649,3307421769,96.789,50.0,residential,1,1
2137,384661649,384661655,183.291,50.0,residential,1,1
2138,384661655,384654737,73.202,30.0,residential,1,1
2139,384662487,384663290,49.742,50.0,residential,1,1
2140,384662487,384664614,151.906,50.0,residential,1,1
2141,384662488,384663084,47.203,50.0,tertiary,1,1
2142,384662490,384663288,45.384,50.0,residential,1,1
2143,384662490,384662488,126.48,50.0,residential,1,1
2144,384662704,357507801,89.394,50.0,tertiary,1,1
2145,384663084,384663288,113.06200000000001,50.0,residential,1,1
2146,384663084,1342959838,61.936,50.0,tertiary,1,1
2147,384663288,384663621,130.108,50.0,residential,1,1
2148,384663288,384663624,65.031,50.0,residential,1,1
2149,384663290,384664971,128.21699999999998,50.0,residential,1,1
2150,384663621,384662704,60.64,50.0,residential,1,1
2151,384663621,384663683,47.576,50.0,residential,1,0
2152,384663621,384663624,159.411,50.0,living_street,1,1
2153,384663624,384664613,71.203,50.0,residential,1,1
2154,384663683,384663621,47.576,50.0,residential,1,0
2155,384664613,384664614,47.257,30.0,residential,1,1
2156,384664613,384663290,151.50400000000002,50.0,residential,1,1
2157,384664614,384741724,52.933,30.0,residential,1,1
2158,384664614,384662490,146.77300000000002,50.0,residential,1,1
2159,384664913,384664613,56.047,30.0,residential,1,1
2160,384664971,384664913,76.826,50.0,residential,1,1
2161,384664971,384665045,98.032,50.0,residential,1,1
2162,384665045,2144017077,77.132,50.0,tertiary,1,1
2163,384667998,3985298562,52.801,30.0,residential,1,1
2164,384667998,365768345,21.681,30.0,residential,1,1
2165,384668105,384675482,52.236,50.0,residential,1,1
2166,384668147,4010257603,7.691,50.0,residential,1,1
2167,384669147,2469958071,128.187,50.0,residential,2,1
2168,384669147,334740172,130.66899999999998,50.0,residential,2,1
2169,384669173,384669350,42.105,50.0,residential,1,0
2170,384669173,384731941,29.801000000000002,50.0,residential,1,1
2171,384669178,384673698,129.718,50.0,residential,1,1
2172,384669178,7534151841,32.644,50.0,residential,1,0
2173,384669350,384669173,42.105,50.0,residential,1,0
2174,384670581,1628415505,42.965,50.0,residential,1,1
2175,384670581,384673698,69.124,50.0,residential,1,1
2176,384670833,3985298557,26.477,50.0,residential,1,1
2177,384670833,384673348,110.34300000000002,50.0,residential,1,1
2178,384671144,384669173,44.619,50.0,residential,1,1
2179,384671144,384669147,69.604,50.0,residential,1,1
2180,384671148,384670581,76.907,50.0,residential,1,1
2181,384671148,384671144,137.10899999999998,50.0,residential,1,1
2182,384673348,1628415522,38.64,50.0,residential,1,1
2183,384673348,384671148,85.63,50.0,residential,1,1
2184,384673698,384730905,139.521,50.0,residential,2,1
2185,384674447,6427502028,15.694,50.0,residential,1,1
2186,384674447,384675965,94.49699999999999,50.0,residential,1,1
2187,384674784,384675853,26.123,50.0,residential,1,1
2188,384674784,496175385,47.504,50.0,residential,1,1
2189,384674787,384674784,70.76,50.0,residential,1,1
2190,384674787,384668105,29.329,50.0,residential,1,1
2191,384674961,384668105,59.694,50.0,residential,1,1
2192,384674961,384674784,64.921,50.0,residential,1,1
2193,384674962,384674961,50.027,50.0,residential,1,1
2194,384674962,1628415509,37.908,50.0,residential,1,1
2195,384675482,4018542415,30.064,50.0,residential,1,1
2196,384675578,357493840,49.763,50.0,residential,1,1
2197,384675578,384675739,88.682,50.0,residential,1,1
2198,384675739,384675741,71.064,50.0,residential,1,0
2199,384675741,384726502,5.62,50.0,residential,1,1
2200,384675741,384675739,71.064,50.0,residential,1,0
2201,384675853,2274162150,12.885,50.0,residential,1,1
2202,384675878,1083454176,43.422,50.0,residential,1,1
2203,384675878,412531396,77.821,30.0,residential,1,1
2204,384675965,496175387,94.927,50.0,residential,1,1
2205,384675965,384730662,31.375,50.0,residential,1,1
2206,384676006,357493148,20.529,50.0,residential,1,1
2207,384676006,4139634023,84.277,50.0,residential,1,1
2208,384676600,57046735,60.93600000000001,50.0,residential,1,1
2209,384676600,4018510522,19.439999999999998,50.0,residential,2,1
2210,384676600,4018510533,22.271,50.0,residential,2,1
2211,384677576,539617401,17.734,30.0,residential,1,1
2212,384677768,384678214,189.514,50.0,residential,1,1
2213,384677768,4023817515,30.301,30.0,residential,1,0
2214,384677991,3988271551,66.968,50.0,secondary,3,1
2215,384677991,3987152341,101.38900000000001,50.0,residential,1,1
2216,384678214,384679001,68.164,50.0,residential,1,1
2217,384678214,384677991,170.073,50.0,residential,1,1
2218,384679001,384687032,366.413,30.0,residential,1,1
2219,384679001,315468520,74.553,50.0,residential,2,1
2220,384682788,384683898,31.696,30.0,residential,1,0
2221,384682788,440059999,4.971,30.0,residential,1,1
2222,384683898,384682788,31.696,30.0,residential,1,0
2223,384687032,357505228,79.434,30.0,residential,1,1
2224,384687032,384687040,112.156,30.0,residential,1,1
2225,384687040,384692739,60.763000000000005,30.0,residential,1,1
2226,384687440,334711446,46.537,30.0,residential,1,1
2227,384690638,384690639,13.952,30.0,residential,1,1
2228,384690639,384691691,83.434,30.0,residential,1,1
2229,384690639,384691682,74.561,30.0,residential,1,1
2230,384690640,384693618,35.367,50.0,residential,1,0
2231,384690640,384694041,116.62099999999998,30.0,residential,1,1
2232,384690640,334712025,129.708,50.0,residential,2,0
2233,384691682,384691691,69.998,30.0,residential,1,1
2234,384691682,384691747,79.486,50.0,residential,1,1
2235,384691691,384690640,64.988,30.0,residential,1,1
2236,384691747,334712025,78.63,50.0,tertiary,2,0
2237,384691747,2384741926,106.628,50.0,tertiary,2,0
2238,384692739,384692884,59.277,30.0,residential,1,1
2239,384692739,384687440,62.492,30.0,residential,1,1
2240,384692884,384690638,46.349000000000004,30.0,residential,1,1
2241,384693618,334712285,49.021,50.0,residential,1,0
2242,384693618,384690640,35.367,50.0,residential,1,0
2243,384693618,384692884,143.709,30.0,residential,1,1
2244,384693961,412404252,11.788,30.0,residential,1,1
2245,384693961,357505224,126.019,30.0,residential,1,1
2246,384694041,384693961,93.941,30.0,residential,1,1
2247,384694639,384695042,196.18099999999998,50.0,residential,1,1
2248,384694639,357500272,59.396,50.0,tertiary,2,1
2249,384695042,286754329,28.759,50.0,tertiary,2,1
2250,384719374,384661649,59.722,50.0,residential,1,1
2251,384719374,10578430746,152.321,50.0,residential,1,1
2252,384726502,2268450648,51.234,50.0,residential,1,1
2253,384726502,5957905807,20.892,50.0,residential,1,0
2254,384730662,5957905807,24.043,50.0,residential,1,1
2255,384730905,4013462837,78.316,50.0,residential,1,1
2256,384731941,384670581,133.663,50.0,residential,1,1
2257,384731941,384669178,68.309,50.0,residential,1,1
2258,384731941,4637515475,143.698,50.0,residential,1,0
2259,384732671,384732672,97.637,50.0,residential,1,1
2260,384732671,549240225,121.864,30.0,residential,1,1
2261,384732672,5959043985,168.74200000000002,50.0,residential,1,1
2262,384732672,384677991,78.22800000000001,50.0,secondary,2,1
2263,384741724,476379062,50.403,30.0,residential,1,1
2264,384741724,3307421769,169.419,50.0,residential,1,1
2265,384741725,384662487,51.731,50.0,residential,1,1
2266,384741725,384741724,149.206,50.0,residential,1,1
2267,384741759,384653018,57.179,30.0,residential,1,1
2268,384741761,384741759,78.472,50.0,residential,1,1
2269,384741761,384660615,117.334,30.0,residential,1,1
2270,384759545,440062849,13.238,50.0,residential,1,1
2271,384759545,1724608656,22.391,50.0,secondary,3,1
2272,386012533,2473987382,9.452,30.0,tertiary,1,1
2273,386012533,11155512363,37.966,50.0,tertiary,1,1
2274,386012533,442893185,123.898,50.0,residential,1,0
2275,386012536,1695279041,164.795,30.0,residential,1,1
2276,386012536,1698173571,67.756,30.0,tertiary,1,1
2277,387490405,387490406,70.129,30.0,residential,1,0
2278,387490405,681533985,20.24,30.0,residential,1,0
2279,387490405,681533984,18.209,30.0,residential,1,0
2280,387490406,387490405,70.129,30.0,residential,1,0
2281,387490406,369338898,74.288,30.0,residential,1,0
2282,387490406,679331025,25.944,30.0,residential,1,0
2283,387490482,387490551,13.116,30.0,residential,1,0
2284,387490482,387490781,51.44,30.0,residential,1,0
2285,387490482,417645686,221.401,50.0,tertiary,1,1
2286,387490551,387490482,13.116,30.0,residential,1,0
2287,387490551,387490553,80.625,30.0,residential,1,0
2288,387490551,1164229504,130.131,50.0,tertiary,1,1
2289,387490553,681535275,76.425,30.0,residential,1,1
2290,387490553,417645393,168.909,30.0,residential,1,1
2291,387490553,387490551,80.625,30.0,residential,1,0
2292,387490555,369339017,70.83,30.0,residential,1,1
2293,387490781,471560039,70.25,30.0,residential,1,1
2294,387490781,387490482,51.44,30.0,residential,1,0
2295,387490781,471560309,555.506,50.0,living_street,1,0
2296,387490782,416631044,87.99600000000001,30.0,residential,1,0
2297,387490782,2763587032,127.408,30.0,residential,1,0
2298,387492231,345395870,15.871,30.0,tertiary,1,0
2299,387492231,412821294,50.078,30.0,residential,1,0
2300,387492231,354025339,364.987,60.0,secondary,2,1
2301,387493707,387494857,210.209,50.0,residential,1,1
2302,387493707,387493754,77.179,50.0,residential,1,1
2303,387493754,2473987515,68.84400000000001,50.0,tertiary,2,1
2304,387494738,387494743,98.841,50.0,residential,1,0
2305,387494738,12084734255,60.489000000000004,50.0,residential,1,0
2306,387494738,10578420600,84.282,50.0,residential,1,0
2307,387494743,387494738,98.841,50.0,residential,1,0
2308,387494857,286546551,69.83,50.0,residential,3,1
2309,387496059,287237424,108.882,30.0,residential,1,1
2310,387496222,284915964,45.273,50.0,tertiary,1,0
2311,387496222,387496059,90.809,30.0,residential,1,1
2312,387496222,287237779,107.109,50.0,tertiary,1,0
2313,387497047,342365166,19.016,50.0,residential,1,0
2314,387497047,342378333,55.403000000000006,50.0,tertiary,1,1
2315,387497047,342382517,82.212,30.0,residential,1,1
2316,387497657,387497762,119.26,30.0,residential,1,1
2317,387497657,342361863,65.346,50.0,tertiary,1,0
2318,387497657,342359328,72.47699999999999,50.0,tertiary,1,0
2319,387497762,342371984,80.53,30.0,residential,1,1
2320,387519294,342354796,144.266,30.0,residential,1,1
2321,387519294,342355075,16.533,50.0,tertiary,1,0
2322,387519294,518158039,158.202,50.0,tertiary,1,0
2323,388514335,318753098,733.449,90.0,motorway,4,1
2324,388561082,540449079,60.503,50.0,residential,1,0
2325,388561082,1200005672,27.252,50.0,residential,1,1
2326,388561082,540442213,277.867,50.0,tertiary,1,1
2327,392067695,381540455,99.224,30.0,residential,1,1
2328,392067702,471483846,59.362,30.0,residential,1,1
2329,392067702,392067695,337.361,30.0,residential,1,1
2330,401546169,10985355496,116.606,50.0,residential,1,0
2331,401546169,10985378579,50.592999999999996,50.0,residential,1,1
2332,403794706,403794707,51.093,30.0,residential,1,0
2333,403794706,354040527,49.102,30.0,residential,1,0
2334,403794706,354040526,82.844,30.0,residential,1,0
2335,403794707,403794706,51.093,30.0,residential,1,0
2336,403794707,354040527,178.0,30.0,residential,1,0
2337,403794707,1152351364,125.30700000000002,30.0,residential,1,0
2338,404498390,518158005,19.334,30.0,residential,1,0
2339,404498390,405125317,51.977,30.0,residential,1,0
2340,404498390,4033905186,57.135,30.0,residential,1,0
2341,404498395,440076104,6.114,30.0,residential,1,0
2342,404498395,1064391797,113.107,50.0,tertiary,1,1
2343,404498395,4033905186,55.926,30.0,residential,1,0
2344,404498670,4033905186,129.889,30.0,living_street,1,1
2345,404498670,10985378689,100.198,50.0,tertiary,1,1
2346,404499201,410114837,49.585,30.0,residential,1,0
2347,404499201,139723,131.326,30.0,residential,1,1
2348,405124989,4033905186,51.709,30.0,residential,1,0
2349,405125317,404498390,51.977,30.0,residential,1,0
2350,406399586,286542239,95.798,30.0,tertiary,1,1
2351,406399586,540420824,40.228,50.0,residential,1,1
2352,409470847,361102158,18.819,50.0,tertiary,1,1
2353,409470847,1141926340,29.161,70.0,tertiary,3,1
2354,409472694,10814034527,157.398,50.0,residential,1,0
2355,409472694,3666392294,59.882000000000005,50.0,residential,1,1
2356,409473182,409473188,134.183,50.0,residential,1,1
2357,409473182,11433131999,885.368,50.0,residential,1,0
2358,409473188,409473182,118.177,50.0,residential,1,1
2359,409473188,11267492245,95.146,50.0,residential,1,0
2360,409473614,10829428954,11.605,50.0,residential,1,0
2361,409473614,2869146146,152.392,50.0,residential,1,0
2362,409473614,1750275770,120.447,50.0,residential,1,0
2363,409474194,409474194,116.447,50.0,residential,1,1
2364,409474194,409474204,129.37800000000001,50.0,residential,1,0
2365,409474204,11267492271,174.95700000000002,50.0,residential,1,1
2366,409474204,409474194,129.37800000000001,50.0,residential,1,0
2367,409475952,469933508,17.651,60.0,motorway,3,1
2368,409693240,354044825,30.516,50.0,residential,1,0
2369,409693240,354044077,27.799,50.0,residential,1,0
2370,409693240,409693527,45.436,50.0,tertiary_link,1,1
2371,409693527,1141926378,208.287,70.0,tertiary,1,1
2372,409693882,409694582,7.246,70.0,tertiary,3,1
2373,409693882,1758359987,26.164,30.0,residential,1,1
2374,409694329,409694330,13.215,30.0,residential,1,1
2375,409694329,409734955,28.115000000000002,30.0,residential,1,1
2376,409694330,409694333,21.309,30.0,residential,1,1
2377,409694333,409720363,17.721,50.0,residential,1,1
2378,409694333,409720364,17.593,30.0,residential,1,1
2379,409694342,409694344,12.177000000000001,30.0,residential,1,1
2380,409694342,1758359985,46.604,30.0,residential,2,1
2381,409694344,409694329,20.400000000000002,30.0,residential,1,1
2382,409694582,411814102,10.362,30.0,residential,2,1
2383,409694582,1758359982,22.731,70.0,tertiary,3,1
2384,409720363,409720364,19.149,30.0,residential,1,1
2385,409720363,409720370,110.11000000000001,30.0,residential,1,0
2386,409720364,409694342,22.542999999999996,30.0,residential,1,1
2387,409720370,409720371,14.804,50.0,residential,1,1
2388,409720370,409720363,110.11,30.0,residential,1,0
2389,409720371,409721644,17.08,30.0,residential,1,1
2390,409720373,409720370,17.771,30.0,residential,1,1
2391,409720373,409720371,12.437,30.0,residential,1,1
2392,409721640,409724509,15.111,50.0,residential,1,1
2393,409721640,409721641,9.828,30.0,residential,1,1
2394,409721641,409720373,14.053,30.0,residential,1,1
2395,409721644,409721645,8.364,30.0,residential,1,1
2396,409721644,409725697,13.682,30.0,residential,1,1
2397,409721645,409721647,20.442999999999998,30.0,residential,1,1
2398,409721647,409725791,17.599,50.0,residential,1,1
2399,409721647,409721648,9.687,30.0,residential,1,1
2400,409721648,409721640,18.589,30.0,residential,1,1
2401,409721688,409724506,11.424,50.0,residential,1,1
2402,409721688,409721690,9.364,30.0,residential,1,1
2403,409721690,409723769,31.571,30.0,residential,1,1
2404,409721696,409721688,29.661,30.0,residential,1,1
2405,409721821,409721824,17.072000000000003,30.0,residential,1,1
2406,409721824,409725960,22.824,50.0,residential,1,1
2407,409721824,10983773590,9.342,30.0,residential,1,1
2408,409722025,409727064,14.894,30.0,residential,1,1
2409,409722025,409727307,21.205,30.0,residential,1,1
2410,409722029,10968410651,37.11599999999999,30.0,residential,1,1
2411,409722029,409727055,58.32,30.0,residential,1,0
2412,409722039,3255104744,21.8,30.0,residential,1,1
2413,409722039,409725699,38.568999999999996,30.0,residential,1,1
2414,409722342,409722345,20.474000000000004,30.0,residential,1,1
2415,409722342,409727704,22.46,50.0,residential,1,1
2416,409722345,409722347,7.529,30.0,residential,1,1
2417,409722347,409734987,14.732,30.0,residential,1,1
2418,409722347,409734988,13.954999999999998,30.0,residential,1,1
2419,409722352,409728618,16.747,50.0,residential,1,1
2420,409722352,409722354,8.645,30.0,residential,1,1
2421,409722354,409722357,9.036,30.0,residential,1,1
2422,409722357,409722358,16.784999999999997,30.0,residential,1,1
2423,409722357,409728823,23.341,50.0,residential,1,1
2424,409722358,409722342,5.27,30.0,residential,1,1
2425,409722557,409730400,6.707,50.0,residential,1,1
2426,409722557,409730401,7.487,30.0,residential,1,1
2427,409722561,409722563,9.522,30.0,residential,1,1
2428,409722561,409730391,19.136,50.0,residential,1,1
2429,409722563,409722569,25.238000000000003,30.0,residential,1,1
2430,409722569,409730452,10.723,30.0,residential,1,1
2431,409722569,409730451,23.108,50.0,residential,1,1
2432,409722701,409730171,5.686,30.0,residential,1,1
2433,409722708,409722701,11.916,30.0,residential,1,1
2434,409722708,409728931,24.823999999999998,50.0,residential,1,1
2435,409722737,409722738,46.723,30.0,residential,1,0
2436,409722738,409722737,46.723,30.0,residential,1,0
2437,409722738,409721696,13.658,50.0,residential,1,1
2438,409723769,409722738,13.052,50.0,residential,1,1
2439,409723769,409721696,6.791,30.0,residential,1,1
2440,409724506,409721690,11.383,50.0,residential,1,1
2441,409724506,409724509,16.665,30.0,residential,1,0
2442,409724509,409721641,15.172,50.0,residential,1,1
2443,409724509,409724506,16.665,30.0,residential,1,0
2444,409725697,409725699,95.143,30.0,residential,1,0
2445,409725697,409721645,12.96,50.0,residential,1,1
2446,409725699,3255104744,39.102000000000004,30.0,residential,1,1
2447,409725699,409725697,95.143,30.0,residential,1,0
2448,409725791,409721648,16.638,30.0,residential,1,1
2449,409725791,409725960,97.64699999999999,30.0,residential,1,0
2450,409725960,409725791,97.64699999999999,30.0,residential,1,0
2451,409725960,10983773590,23.964,50.0,residential,1,1
2452,409726977,2084866630,27.847,30.0,residential,1,0
2453,409726977,409721821,39.836,50.0,residential,1,1
2454,409727055,10968410534,5.391,30.0,residential,1,0
2455,409727055,409722029,58.32,30.0,residential,1,0
2456,409727055,409728829,235.28099999999998,30.0,residential,1,0
2457,409727064,409722029,4.069,30.0,residential,1,1
2458,409727307,409727064,22.712,30.0,residential,1,1
2459,409727307,409727704,103.988,30.0,residential,1,0
2460,409727704,409722345,23.231,50.0,residential,1,1
2461,409727704,409727307,103.988,30.0,residential,1,0
2462,409728618,409722354,18.388,50.0,residential,1,1
2463,409728618,409730459,138.47299999999998,30.0,residential,1,0
2464,409728823,409722358,21.445,30.0,residential,1,1
2465,409728823,409728829,121.307,30.0,residential,1,0
2466,409728829,409727055,235.281,30.0,residential,1,0
2467,409728829,409728931,55.542,30.0,residential,1,0
2468,409728829,409728823,121.30699999999999,30.0,residential,1,0
2469,409728931,409722701,23.494,50.0,residential,1,1
2470,409728931,409728829,55.541999999999994,30.0,residential,1,0
2471,409730171,409730173,13.227,30.0,residential,1,1
2472,409730171,409730172,20.897000000000002,50.0,residential,1,1
2473,409730172,409730391,78.048,30.0,residential,1,0
2474,409730172,409730173,19.573,50.0,residential,1,1
2475,409730173,1931484328,21.288,30.0,residential,1,1
2476,409730391,409730172,78.048,30.0,residential,1,0
2477,409730391,409722563,17.551000000000002,50.0,residential,1,1
2478,409730400,409730409,10.915,50.0,residential,1,0
2479,409730400,409730401,8.46,50.0,residential,1,1
2480,409730401,409722561,21.233000000000004,30.0,residential,1,1
2481,409730409,409730400,10.915,50.0,residential,1,0
2482,409730451,409730452,21.698,50.0,residential,1,1
2483,409730451,409730459,85.333,30.0,residential,1,0
2484,409730452,409722557,26.826,30.0,residential,1,1
2485,409730459,10127170956,31.392,30.0,residential,2,0
2486,409730459,409730451,85.333,30.0,residential,1,0
2487,409730459,409728618,138.473,30.0,residential,1,0
2488,409734955,409694330,24.943,30.0,residential,1,1
2489,409734955,409734987,102.478,30.0,residential,1,0
2490,409734987,409734988,15.733,30.0,residential,1,1
2491,409734987,409734955,102.478,30.0,residential,1,0
2492,409734988,409722352,12.207999999999998,30.0,residential,1,1
2493,409835471,2216964326,12.05,50.0,secondary,4,1
2494,409835471,3531593254,97.194,50.0,tertiary,2,1
2495,409835472,2216964312,28.831,50.0,secondary,3,1
2496,409835472,409835471,10.643,50.0,tertiary,4,1
2497,410065569,442898681,13.4,50.0,tertiary,2,1
2498,410065569,1329709,277.399,50.0,secondary,3,1
2499,410114834,410114837,51.02,30.0,residential,1,0
2500,410114834,496179965,115.821,30.0,residential,1,1
2501,410114835,342343497,57.468,30.0,residential,1,1
2502,410114835,4033905181,27.245,50.0,residential,1,0
2503,410114837,410114834,51.02,30.0,residential,1,0
2504,410114837,404499201,49.585,30.0,residential,1,0
2505,410114837,415292027,124.368,30.0,living_street,1,1
2506,410114837,496179967,124.845,30.0,living_street,1,1
2507,410209828,1156243208,4.975,50.0,residential,1,0
2508,410209828,1155637956,72.449,50.0,residential,1,1
2509,410209828,410210107,98.467,50.0,residential,2,0
2510,410210096,849313316,132.753,50.0,residential,1,0
2511,410210096,410210103,551.558,50.0,residential,1,0
2512,410210096,410210117,194.675,50.0,residential,1,0
2513,410210103,410210096,551.558,50.0,residential,1,0
2514,410210103,410210105,156.11,50.0,residential,2,0
2515,410210103,8887759664,21.951999999999998,50.0,unclassified,1,0
2516,410210105,5617979005,130.024,50.0,residential,2,0
2517,410210105,410210103,156.11,50.0,residential,2,0
2518,410210105,5617979332,83.313,50.0,residential,1,0
2519,410210107,410210117,123.273,50.0,residential,2,0
2520,410210107,410209828,98.467,50.0,residential,2,0
2521,410210107,1156243065,84.522,30.0,residential,1,0
2522,410210117,410210107,123.273,50.0,residential,2,0
2523,410210117,410210096,194.675,50.0,residential,1,0
2524,410210117,5617979005,140.051,50.0,residential,2,0
2525,410210121,1156243178,63.592,50.0,residential,1,0
2526,410210121,849313316,87.976,50.0,residential,1,0
2527,410210121,1155637851,124.68400000000001,50.0,residential,1,0
2528,410210121,2757804972,56.291,50.0,residential,1,0
2529,410210351,410210354,15.707,50.0,residential,1,1
2530,410210351,1156251700,35.801,70.0,primary,1,1
2531,410210354,417762831,320.505,70.0,primary,1,1
2532,410212795,282458178,67.605,50.0,residential,1,1
2533,410212795,410212890,125.013,50.0,residential,1,1
2534,410212890,6269826300,80.92599999999999,50.0,residential,1,0
2535,411814102,354043320,26.46,50.0,residential,1,0
2536,411814102,409693882,10.705,30.0,residential,1,1
2537,411814102,354043377,24.013,70.0,tertiary,2,1
2538,411814882,354044825,18.89,70.0,tertiary,1,1
2539,411814882,409693240,38.462,50.0,tertiary_link,1,1
2540,411815423,3060912304,102.223,50.0,motorway_link,1,1
2541,411815423,411816145,135.159,70.0,secondary,4,1
2542,411815424,10829002290,63.826,50.0,secondary,1,1
2543,411816145,4708890371,15.007,50.0,motorway_link,1,1
2544,411816145,411815424,21.796,50.0,secondary,1,1
2545,411816372,287081614,454.308,50.0,secondary,2,1
2546,411859454,603554347,13.509,50.0,tertiary,1,1
2547,412270798,412271185,192.352,30.0,residential,1,1
2548,412270798,412272507,73.17399999999999,50.0,residential,1,0
2549,412270806,412271185,35.111,30.0,residential,1,0
2550,412270811,412271453,197.44799999999998,30.0,residential,1,1
2551,412270811,412270939,72.78999999999999,30.0,residential,1,1
2552,412270939,343325168,77.06,30.0,tertiary,1,1
2553,412271185,412270806,35.111,30.0,residential,1,0
2554,412271185,412270811,131.226,30.0,residential,1,1
2555,412271453,412270798,124.115,30.0,residential,1,1
2556,412271453,343325366,80.682,30.0,residential,1,0
2557,412272507,1622273920,16.735,50.0,tertiary,1,1
2558,412272507,412270798,73.17399999999999,50.0,residential,1,0
2559,412272583,5861656576,16.152,30.0,residential,1,0
2560,412272584,343415874,111.31,50.0,tertiary,1,1
2561,412272584,5861656575,36.273,50.0,residential,1,0
2562,412398379,1627588,54.929,50.0,residential,1,0
2563,412398654,343330142,30.516,50.0,tertiary,1,1
2564,412398654,3725504654,112.94,30.0,residential,1,1
2565,412398719,332204071,55.744,50.0,tertiary,1,1
2566,412398836,799400621,71.739,30.0,residential,1,1
2567,412398836,412398719,192.379,30.0,residential,1,1
2568,412398841,412398719,54.787,50.0,tertiary,1,1
2569,412398841,412398897,198.991,30.0,residential,1,1
2570,412398897,9875349279,52.638,30.0,residential,1,0
2571,412398897,412398836,82.11500000000001,30.0,residential,1,1
2572,412399295,412399663,119.007,30.0,residential,1,1
2573,412399336,412399337,82.259,30.0,residential,1,1
2574,412399336,412399295,329.86,30.0,residential,1,1
2575,412399337,412399703,65.884,30.0,residential,1,1
2576,412399337,29944865,57.338,50.0,tertiary,2,1
2577,412399663,412399336,110.369,30.0,residential,1,1
2578,412399694,412399993,65.587,50.0,residential,1,1
2579,412399703,412399827,93.746,50.0,residential,1,1
2580,412399703,412399694,152.181,30.0,residential,1,1
2581,412399827,412399694,91.713,50.0,residential,1,1
2582,412399827,1226807,71.959,50.0,residential,1,1
2583,412399993,345342110,52.204,50.0,residential,1,0
2584,412399993,2469848149,117.49799999999999,30.0,residential,1,1
2585,412400474,1226807,40.945,50.0,secondary_link,1,1
2586,412400474,412401592,42.602000000000004,50.0,secondary,2,1
2587,412401317,412401592,50.607,50.0,secondary_link,1,1
2588,412401317,1226807,28.341,50.0,secondary,2,1
2589,412401592,33388443,268.009,50.0,secondary,2,1
2590,412401592,531952045,257.73199999999997,30.0,residential,1,1
2591,412402858,2403217894,101.323,30.0,residential,1,1
2592,412402858,1941637478,126.614,50.0,tertiary,1,1
2593,412403926,412406205,33.633,30.0,residential,1,1
2594,412403935,412402858,102.663,30.0,residential,1,1
2595,412403935,412403937,75.609,30.0,residential,1,1
2596,412403937,412403926,69.153,30.0,residential,1,1
2597,412404248,412404249,142.191,30.0,residential,1,1
2598,412404248,412404986,71.289,30.0,residential,1,1
2599,412404249,412404251,68.30799999999999,30.0,residential,1,1
2600,412404251,412404418,73.481,50.0,tertiary,1,1
2601,412404251,412404252,207.57199999999997,30.0,residential,1,1
2602,412404252,2469848123,52.391,30.0,residential,1,1
2603,412404375,412520635,58.253,30.0,residential,1,1
2604,412404375,334712025,108.287,50.0,tertiary,1,1
2605,412404411,412404413,92.256,30.0,residential,1,1
2606,412404411,334712025,49.554,50.0,tertiary,1,1
2607,412404413,412405984,39.022000000000006,30.0,residential,1,1
2608,412404416,412404249,47.173,30.0,residential,1,1
2609,412404416,412404418,72.166,30.0,residential,1,1
2610,412404418,412404411,65.353,50.0,tertiary,1,1
2611,412404418,412404419,66.169,30.0,residential,1,0
2612,412404419,412404418,66.169,30.0,residential,1,0
2613,412404986,412403926,32.552,30.0,residential,1,1
2614,412405029,9400490651,31.335,30.0,residential,1,0
2615,412405070,412520622,6.419,30.0,residential,1,1
2616,412405072,412404375,107.142,50.0,tertiary,1,1
2617,412405984,412404416,33.456,30.0,residential,1,1
2618,412405984,4484352857,142.341,30.0,residential,1,1
2619,412406205,412406223,92.631,30.0,residential,1,1
2620,412406205,267817909,62.897000000000006,30.0,residential,1,1
2621,412406223,9400490651,69.82900000000001,30.0,residential,1,1
2622,412514505,340370102,29.811,50.0,tertiary,1,1
2623,412514552,412514559,37.395,30.0,residential,1,1
2624,412514552,412516707,85.174,30.0,residential,1,0
2625,412514559,412514505,67.08,30.0,residential,1,1
2626,412516707,412514552,85.174,30.0,residential,1,0
2627,412516881,412514552,39.555,30.0,residential,1,1
2628,412516881,412517013,43.003,30.0,residential,1,0
2629,412517013,412516881,43.003,30.0,residential,1,0
2630,412517044,412517359,65.752,30.0,residential,1,1
2631,412517044,289089573,61.027,50.0,tertiary,1,1
2632,412517359,412518129,58.714,30.0,residential,1,0
2633,412517359,412517417,119.12500000000001,30.0,residential,1,1
2634,412517417,340005844,70.158,50.0,tertiary,1,1
2635,412518129,412517359,58.714,30.0,residential,1,0
2636,412518129,340006835,138.959,30.0,residential,1,1
2637,412518361,352936063,37.628,50.0,tertiary,1,1
2638,412518361,412518375,45.263999999999996,50.0,residential,1,0
2639,412518375,412518361,45.264,50.0,residential,1,0
2640,412518425,412518430,57.251,50.0,tertiary,2,0
2641,412518425,2138044998,25.369,50.0,tertiary,2,0
2642,412518425,412518429,91.143,30.0,residential,1,1
2643,412518429,352936093,53.4,50.0,residential,1,1
2644,412518430,1187734218,11.156,50.0,tertiary,2,0
2645,412518430,412518425,57.251,50.0,tertiary,2,0
2646,412518436,412518429,57.666,50.0,residential,1,1
2647,412518478,412518639,184.369,50.0,residential,1,1
2648,412518478,1672308816,54.253,30.0,residential,1,1
2649,412518614,267816148,123.10900000000001,50.0,tertiary,1,1
2650,412518614,412518639,98.95100000000001,50.0,residential,1,1
2651,412518639,412518430,53.849,50.0,residential,1,1
2652,412518853,412519014,66.434,30.0,residential,1,1
2653,412518853,1643304637,66.107,50.0,residential,1,0
2654,412518853,412519048,78.922,30.0,residential,1,1
2655,412518857,352934365,146.56,50.0,tertiary,2,0
2656,412518857,412518961,74.551,30.0,residential,1,1
2657,412518857,1627580,77.801,50.0,tertiary,2,0
2658,412518859,412518961,74.94,30.0,residential,1,1
2659,412518859,412518853,25.803,30.0,residential,1,1
2660,412518961,412519014,55.787,30.0,residential,1,1
2661,412519014,3676466165,116.373,30.0,residential,1,1
2662,412519048,440077889,84.295,30.0,residential,1,0
2663,412519048,267816148,78.839,30.0,residential,1,0
2664,412519273,362653246,46.249,30.0,residential,1,0
2665,412519273,412519569,76.657,30.0,residential,1,1
2666,412519273,362653249,102.791,30.0,residential,1,1
2667,412519563,412520370,34.134,30.0,residential,1,1
2668,412519569,412519563,54.289,30.0,residential,1,1
2669,412519569,412519635,33.812,30.0,residential,1,1
2670,412519623,362653249,74.283,50.0,tertiary,1,1
2671,412519635,412519623,71.882,30.0,residential,1,1
2672,412519635,412520370,55.536,30.0,residential,1,1
2673,412519643,340008586,52.717,50.0,tertiary,2,0
2674,412519643,412519798,11.35,50.0,tertiary,2,0
2675,412519703,289089573,60.387,50.0,tertiary,1,1
2676,412519703,412519798,181.986,30.0,residential,1,1
2677,412519798,412519643,11.35,50.0,tertiary,2,0
2678,412519798,286367279,63.19,50.0,tertiary,2,0
2679,412519847,412520369,94.302,50.0,residential,1,1
2680,412519847,9399427381,149.85199999999998,50.0,tertiary,2,1
2681,412520369,412519563,72.904,30.0,residential,1,1
2682,412520369,12897960675,69.628,50.0,tertiary,1,1
2683,412520370,412519643,82.576,30.0,residential,1,1
2684,412520622,412405072,70.713,30.0,residential,1,1
2685,412520622,412520635,152.87199999999999,30.0,residential,1,1
2686,412520635,412404413,19.009,30.0,residential,1,1
2687,412521186,10578430746,91.817,50.0,tertiary,1,1
2688,412521186,287571173,354.056,30.0,residential,1,1
2689,412521761,412521855,27.594,50.0,residential,1,0
2690,412521761,412521763,119.321,50.0,residential,1,0
2691,412521761,2469958071,112.962,50.0,residential,2,0
2692,412521763,412521761,119.321,50.0,residential,1,0
2693,412521855,412521761,27.594,50.0,residential,1,0
2694,412522566,286643432,36.615,50.0,tertiary,2,1
2695,412524677,1319999687,43.485,30.0,residential,1,1
2696,412524677,1319999683,78.908,50.0,residential,1,1
2697,412524678,1319999683,53.135,50.0,residential,1,0
2698,412525198,412527706,7.003,50.0,residential,1,0
2699,412525198,3593580055,220.29600000000002,50.0,residential,1,1
2700,412525198,12959281701,33.854,50.0,residential,1,0
2701,412527669,1383600414,67.382,50.0,residential,1,1
2702,412527706,412534016,24.704,50.0,residential,1,1
2703,412527706,412525198,7.003,50.0,residential,1,0
2704,412528048,365768426,10.993,30.0,residential,1,1
2705,412528048,412528202,125.816,50.0,residential,1,1
2706,412528202,340235293,114.33999999999999,50.0,residential,1,1
2707,412528707,412528770,28.723000000000003,50.0,residential,1,1
2708,412528707,3985298559,66.946,50.0,residential,1,0
2709,412528770,2133476077,36.461,30.0,residential,1,1
2710,412528770,3985298563,45.646,50.0,residential,1,0
2711,412528771,3985298563,33.555,50.0,residential,1,0
2712,412528771,1628415510,46.723,50.0,residential,1,1
2713,412530001,412530195,35.936,50.0,residential,1,1
2714,412530001,412530197,12.863,50.0,residential,1,0
2715,412530016,1383600399,5.559,30.0,residential,1,1
2716,412530016,412530001,41.358,50.0,residential,1,1
2717,412530195,412530340,28.085,50.0,residential,1,1
2718,412530197,412530001,12.863,50.0,residential,1,0
2719,412530340,412531323,23.633,50.0,residential,1,1
2720,412530569,496175946,32.642,50.0,residential,1,1
2721,412531260,412530569,23.048,50.0,residential,1,1
2722,412531260,412531506,43.515,50.0,residential,1,1
2723,412531323,317214579,27.955,50.0,residential,1,1
2724,412531396,412531901,44.777,50.0,residential,1,1
2725,412531396,412524677,49.424,30.0,residential,1,1
2726,412531452,412530569,42.55,50.0,residential,1,1
2727,412531452,412531506,23.325,50.0,residential,1,1
2728,412531452,412530340,165.48000000000002,50.0,residential,1,1
2729,412531506,1383600402,26.878,50.0,residential,1,1
2730,412531506,412531323,163.96800000000002,50.0,residential,1,1
2731,412531507,412527706,44.44,50.0,residential,1,1
2732,412531507,412527669,164.56,50.0,residential,1,1
2733,412531901,412531452,36.905,50.0,residential,1,1
2734,412531901,576978980,76.916,50.0,residential,1,1
2735,412532283,496175946,40.477,50.0,residential,1,1
2736,412532283,412530569,67.638,50.0,residential,1,1
2737,412532425,576978980,51.08,50.0,residential,1,0
2738,412534016,3593580049,40.597,50.0,residential,1,1
2739,412691495,8647535227,152.919,30.0,residential,1,0
2740,412691495,34132764,91.045,30.0,residential,1,1
2741,412702687,362654505,63.964999999999996,30.0,residential,1,1
2742,412702687,412519273,65.30799999999999,30.0,residential,1,1
2743,412813531,412813618,59.205,50.0,residential,1,0
2744,412813618,12783448856,59.167,50.0,residential,1,0
2745,412813618,412813531,59.205,50.0,residential,1,0
2746,412813618,412814406,115.46900000000001,50.0,residential,1,0
2747,412813618,412814470,114.99799999999999,50.0,residential,1,0
2748,412814405,412814406,65.376,50.0,residential,1,0
2749,412814406,6145368549,66.532,50.0,residential,1,0
2750,412814406,412814405,65.376,50.0,residential,1,0
2751,412814406,412814471,170.924,50.0,residential,1,0
2752,412814406,412813618,115.46900000000001,50.0,residential,1,0
2753,412814470,412813618,114.99799999999999,50.0,residential,1,0
2754,412814471,412815718,224.8,50.0,residential,1,0
2755,412814471,10742383295,93.41300000000001,50.0,residential,1,0
2756,412814471,412814406,170.92399999999998,50.0,residential,1,0
2757,412815718,1678949751,11.379,30.0,residential,1,0
2758,412815718,412814471,224.79999999999998,50.0,residential,1,0
2759,412815718,3667590706,193.24099999999999,50.0,tertiary,2,1
2760,412815787,412815718,160.33799999999997,50.0,tertiary,2,1
2761,412816145,289503068,95.629,50.0,residential,1,0
2762,412816227,289503068,81.125,50.0,residential,1,0
2763,412816227,412816550,129.555,50.0,residential,1,1
2764,412816227,10304320419,115.757,50.0,residential,1,0
2765,412816550,1790662886,32.839,50.0,residential,1,1
2766,412816550,3644526483,86.013,50.0,unclassified,1,0
2767,412817611,412817612,17.314,50.0,unclassified,1,1
2768,412817611,3496916397,692.4019999999999,50.0,secondary,3,1
2769,412817612,1147954803,7.394,50.0,secondary,3,1
2770,412817612,1551409219,29.514,50.0,unclassified,1,1
2771,412818316,4232510967,702.016,50.0,unclassified,1,1
2772,412818316,11846590955,30.307,50.0,unclassified,1,1
2773,412820301,342280843,96.999,50.0,secondary,3,1
2774,412820301,412820333,139.893,50.0,secondary_link,1,1
2775,412820333,354027893,942.2289999999996,60.0,tertiary,1,1
2776,412820357,342280719,148.462,50.0,tertiary,1,1
2777,412820357,412820592,301.911,30.0,tertiary,1,0
2778,412820592,412820595,292.067,30.0,tertiary,1,0
2779,412820592,412820357,301.91099999999994,30.0,tertiary,1,0
2780,412820592,1152595949,94.474,30.0,residential,1,0
2781,412820595,412820592,292.067,30.0,tertiary,1,0
2782,412820595,412834048,103.718,50.0,tertiary,1,0
2783,412820595,412834963,171.029,30.0,tertiary,1,0
2784,412820600,412820601,87.27,30.0,residential,1,0
2785,412820600,412838545,115.135,30.0,tertiary,1,0
2786,412820600,412835008,111.44800000000001,30.0,tertiary,1,0
2787,412820601,412820600,87.27,30.0,residential,1,0
2788,412821294,387492231,50.078,30.0,residential,1,0
2789,412821294,412821484,95.711,30.0,residential,1,1
2790,412821484,1152596031,44.18,30.0,residential,1,0
2791,412821484,412821644,319.093,30.0,residential,1,1
2792,412821644,412834048,131.173,50.0,tertiary,1,0
2793,412821644,412823940,171.471,50.0,tertiary,1,0
2794,412823940,412831028,18.742,50.0,tertiary,1,0
2795,412823940,412821644,171.47099999999998,50.0,tertiary,1,0
2796,412823940,387492231,303.98199999999997,60.0,secondary,2,1
2797,412831028,412823940,18.742,50.0,tertiary,1,0
2798,412831028,1168579440,19.972,60.0,secondary,2,1
2799,412831028,1168579465,14.305,30.0,tertiary,1,0
2800,412832647,412823940,205.259,60.0,secondary,2,1
2801,412832647,412832662,119.467,30.0,tertiary,1,0
2802,412832662,412840241,95.285,30.0,tertiary,1,0
2803,412832662,412832647,119.467,30.0,tertiary,1,0
2804,412832662,412833777,219.23900000000003,30.0,residential,1,1
2805,412832892,412833417,91.34,30.0,residential,1,1
2806,412832892,1107315960,127.15500000000002,50.0,secondary,1,1
2807,412833417,412840255,166.473,30.0,residential,1,1
2808,412833777,412833779,49.016,30.0,living_street,1,0
2809,412833777,412833417,78.433,30.0,residential,1,1
2810,412833779,412833777,49.016,30.0,living_street,1,0
2811,412833951,412834759,96.855,30.0,residential,1,1
2812,412833951,412832662,266.918,30.0,residential,1,1
2813,412834048,412821644,131.173,50.0,tertiary,1,0
2814,412834048,412833951,110.224,30.0,residential,1,1
2815,412834048,412820595,103.718,50.0,tertiary,1,0
2816,412834759,412834963,90.946,30.0,residential,1,0
2817,412834759,412840251,211.11700000000002,30.0,residential,1,1
2818,412834963,412834759,90.946,30.0,residential,1,0
2819,412834963,412835008,89.179,30.0,tertiary,1,0
2820,412834963,412820595,171.029,30.0,tertiary,1,0
2821,412835008,412835021,279.877,30.0,residential,1,1
2822,412835008,412820600,111.44800000000001,30.0,tertiary,1,0
2823,412835008,412834963,89.179,30.0,tertiary,1,0
2824,412835021,412840035,81.194,30.0,tertiary,1,0
2825,412835021,412837667,50.894,30.0,tertiary,1,0
2826,412835021,412836308,194.997,30.0,residential,1,1
2827,412835374,1107315967,22.68,50.0,secondary,1,1
2828,412835374,342281592,13.781,60.0,secondary,2,1
2829,412836308,412836309,12.727999999999998,30.0,residential,1,1
2830,412836308,412832892,94.366,50.0,secondary,1,1
2831,412836309,415457634,150.867,50.0,secondary,1,1
2832,412837667,412835021,50.894,30.0,tertiary,1,0
2833,412837667,412837835,155.807,30.0,residential,1,0
2834,412837667,412837672,208.76,30.0,residential,1,0
2835,412837667,412838545,165.754,30.0,tertiary,1,0
2836,412837672,412837667,208.76,30.0,residential,1,0
2837,412837835,412836308,51.737,50.0,secondary,1,1
2838,412837835,412837667,155.807,30.0,residential,1,0
2839,412838545,412837667,165.754,30.0,tertiary,1,0
2840,412838545,412820600,115.135,30.0,tertiary,1,0
2841,412838545,10829002286,153.651,30.0,residential,1,0
2842,412840035,412835021,81.194,30.0,tertiary,1,0
2843,412840035,412840251,13.836,30.0,tertiary,1,1
2844,412840241,412832662,95.285,30.0,tertiary,1,0
2845,412840241,412840255,15.100000000000001,30.0,tertiary,1,1
2846,412840251,412840241,16.543,30.0,tertiary,1,1
2847,412840255,412840035,19.607,30.0,tertiary,1,1
2848,412870573,2559090345,37.221,30.0,residential,1,0
2849,412871192,4649675001,39.169,30.0,residential,1,1
2850,412871192,342326535,71.399,50.0,residential,1,0
2851,412871192,342316230,92.881,50.0,residential,1,0
2852,412871776,4649675001,85.187,30.0,residential,1,1
2853,412871776,342316230,52.098,50.0,residential,1,0
2854,412871776,342329117,319.13800000000003,50.0,residential,1,0
2855,412872360,4649675001,59.322,30.0,residential,1,0
2856,413898291,840370986,27.059,30.0,tertiary,1,1
2857,413898291,417624290,395.18399999999997,30.0,residential,1,0
2858,413898294,413898291,18.659999999999997,30.0,tertiary,1,1
2859,413898295,413898294,12.852,30.0,tertiary,1,1
2860,413898297,413898295,19.884,30.0,tertiary,1,1
2861,413898297,2343721438,322.844,30.0,tertiary,1,1
2862,414596282,840371341,14.690999999999999,30.0,tertiary,1,1
2863,414685307,417624290,233.64999999999998,30.0,residential,1,0
2864,414685307,900655290,53.404,30.0,residential,1,0
2865,414685307,840370986,77.703,30.0,residential,1,0
2866,414719366,414719373,12.299,50.0,tertiary,1,1
2867,414719373,5894576017,168.601,30.0,residential,1,1
2868,414719373,4970978703,10.475999999999999,50.0,tertiary,1,1
2869,414719375,415452223,12.021,50.0,tertiary,1,1
2870,414719517,414719375,155.446,30.0,tertiary,1,1
2871,414719517,4970978701,14.962,50.0,tertiary,1,1
2872,414719542,414719543,13.547999999999998,50.0,tertiary,1,1
2873,414719542,415454322,67.118,30.0,residential,1,0
2874,414719543,415448758,245.491,30.0,tertiary,1,1
2875,414719543,414719544,15.562000000000001,50.0,tertiary,1,1
2876,414719544,414719546,14.806000000000001,50.0,tertiary,1,1
2877,414719546,414719517,15.797,50.0,tertiary,1,1
2878,414719546,415449695,186.223,30.0,residential,1,0
2879,414719927,414720498,186.824,30.0,residential,1,0
2880,414719927,414720184,72.969,30.0,residential,1,0
2881,414719927,415454481,295.584,30.0,residential,1,0
2882,414720184,414719927,72.969,30.0,residential,1,0
2883,414720184,414720184,43.275999999999996,50.0,residential,1,1
2884,414720498,414719927,186.824,30.0,residential,1,0
2885,414720498,415454322,63.711,30.0,residential,1,0
2886,414720498,414720503,85.848,30.0,residential,1,0
2887,414720503,414720504,25.846,30.0,residential,1,0
2888,414720503,414720498,85.848,30.0,residential,1,0
2889,414720503,414720507,51.264,30.0,residential,1,0
2890,414720504,414720503,25.846,30.0,residential,1,0
2891,414720507,414720503,51.264,30.0,residential,1,0
2892,414720635,3540731266,140.021,30.0,residential,1,1
2893,414720635,414720771,137.331,30.0,residential,1,0
2894,414720638,414720795,216.099,30.0,residential,1,0
2895,414720638,414720681,65.394,30.0,residential,1,0
2896,414720638,414720771,202.406,30.0,residential,1,0
2897,414720676,414720795,135.666,30.0,residential,1,0
2898,414720681,414720638,65.394,30.0,residential,1,0
2899,414720681,11489094007,26.537,30.0,residential,1,0
2900,414720681,414720699,203.04099999999997,30.0,residential,1,1
2901,414720699,414720700,23.022,50.0,residential,1,0
2902,414720699,11489094007,183.66900000000004,30.0,residential,1,1
2903,414720700,414720699,23.022,50.0,residential,1,0
2904,414720771,522487351,238.674,30.0,residential,1,0
2905,414720771,414720638,202.406,30.0,residential,1,0
2906,414720771,414720635,137.331,30.0,residential,1,0
2907,414720780,414720795,306.73400000000004,30.0,residential,1,0
2908,414720780,3540731265,7.945,50.0,residential,1,1
2909,414720795,414720638,216.099,30.0,residential,1,0
2910,414720795,414720676,135.666,30.0,residential,1,0
2911,414720795,414720780,306.734,30.0,residential,1,0
2912,415292027,410114834,81.661,30.0,residential,1,1
2913,415442186,1627585,72.56,50.0,tertiary,3,0
2914,415442186,270490795,67.24799999999999,50.0,tertiary,3,0
2915,415442591,415442652,58.589,50.0,residential,1,1
2916,415442593,415442594,12.583,30.0,residential,1,0
2917,415442593,417773824,96.827,60.0,secondary,2,1
2918,415442594,415442593,12.583,30.0,residential,1,0
2919,415442594,1107315974,186.233,60.0,secondary,2,1
2920,415442594,415461792,64.263,30.0,residential,1,0
2921,415442595,412837835,101.687,50.0,secondary,1,1
2922,415442603,415442591,99.959,50.0,residential,1,1
2923,415442603,1227320,73.047,50.0,secondary,2,1
2924,415442652,415442665,88.248,50.0,residential,1,1
2925,415442652,415442186,77.15700000000001,50.0,residential,1,1
2926,415442665,415442603,67.746,50.0,secondary,2,1
2927,415443303,958076404,93.111,50.0,tertiary,1,0
2928,415443303,603554356,12.612,50.0,tertiary,1,0
2929,415443303,335852681,163.256,50.0,tertiary,1,1
2930,415446335,434304762,41.751,30.0,residential,1,0
2931,415447033,415448018,136.898,30.0,tertiary,1,0
2932,415447033,2485930974,45.304,30.0,tertiary,1,0
2933,415447033,958446733,99.82300000000001,30.0,tertiary,1,0
2934,415447359,958445675,203.177,30.0,tertiary,1,0
2935,415447359,1001172772,23.352,30.0,tertiary,1,0
2936,415447359,1125956494,72.38000000000001,30.0,residential,1,0
2937,415447423,1001172514,53.06,30.0,tertiary,1,1
2938,415447423,1001172655,88.584,30.0,tertiary,1,0
2939,415447520,4113619421,16.858,50.0,tertiary,1,1
2940,415447520,1127788262,53.058,30.0,tertiary,1,1
2941,415447643,335853131,11.507,50.0,tertiary,1,1
2942,415447643,415448018,86.813,30.0,tertiary,1,0
2943,415448018,415447033,136.898,30.0,tertiary,1,0
2944,415448018,335852980,81.913,50.0,tertiary_link,1,1
2945,415448018,415447643,86.813,30.0,tertiary,1,0
2946,415448066,4113619442,69.619,30.0,residential,1,0
2947,415448753,414719544,242.425,30.0,tertiary,1,1
2948,415448753,415448758,10.516,30.0,tertiary,1,1
2949,415448758,415448941,10.299,30.0,tertiary,1,1
2950,415448762,415448753,13.84,30.0,tertiary,1,1
2951,415448762,612260597,123.469,30.0,tertiary,1,0
2952,415448941,415448762,27.887,30.0,tertiary,1,1
2953,415448941,1156938320,70.961,30.0,residential,1,0
2954,415449529,2554825139,236.15800000000002,30.0,residential,1,0
2955,415449529,612260597,103.108,30.0,tertiary,1,0
2956,415449529,3147530509,47.980000000000004,30.0,tertiary,1,1
2957,415449695,2554825148,27.483,30.0,residential,1,0
2958,415449695,414719546,186.223,30.0,residential,1,0
2959,415449695,415450694,132.22,30.0,residential,1,0
2960,415450694,415449695,132.22,30.0,residential,1,0
2961,415452223,414719366,13.764,50.0,tertiary,1,1
2962,415452223,3147530490,318.882,30.0,tertiary,1,1
2963,415452402,415452403,17.79,50.0,secondary,1,1
2964,415452402,3147530512,20.966,70.0,secondary,1,1
2965,415452403,361102152,13.066,70.0,secondary,1,1
2966,415452403,1156944911,13.49,50.0,secondary,1,1
2967,415454322,414720498,63.711,30.0,residential,1,0
2968,415454322,414719542,67.118,30.0,residential,1,0
2969,415454322,415454333,120.471,30.0,residential,1,0
2970,415454333,415454322,120.471,30.0,residential,1,0
2971,415454481,414719927,295.584,30.0,residential,1,0
2972,415454481,1156938320,247.95299999999997,30.0,residential,1,0
2973,415454481,1156938320,548.222,30.0,residential,1,0
2974,415454481,766773323,121.381,50.0,unclassified,1,0
2975,415454497,415461001,79.117,30.0,residential,1,0
2976,415454499,415454497,149.131,30.0,residential,1,1
2977,415457634,415459507,64.722,30.0,residential,1,0
2978,415457634,415442595,13.134,30.0,residential,1,1
2979,415457634,301910593,176.644,50.0,secondary,1,1
2980,415458099,415454499,238.463,30.0,residential,1,1
2981,415458099,415459682,281.76,30.0,residential,1,1
2982,415459506,415462640,146.129,30.0,residential,1,1
2983,415459506,1127856902,33.961,30.0,residential,1,0
2984,415459506,415462480,69.125,30.0,residential,1,0
2985,415459507,415457634,64.722,30.0,residential,1,0
2986,415459507,415458099,157.182,30.0,residential,1,1
2987,415459507,415462363,90.386,30.0,residential,1,0
2988,415459682,415454499,80.149,30.0,residential,1,1
2989,415459682,417624330,25.269,50.0,residential,1,0
2990,415461001,415462363,67.789,30.0,residential,1,0
2991,415461001,415454497,79.117,30.0,residential,1,0
2992,415461001,415731670,124.31099999999999,30.0,residential,1,1
2993,415461283,415462480,57.012,30.0,residential,1,0
2994,415461283,415461792,11.546,50.0,residential,1,1
2995,415461704,415461283,10.481,50.0,residential,1,1
2996,415461792,415442594,64.263,30.0,residential,1,0
2997,415461792,415461914,10.698,50.0,residential,1,1
2998,415461914,415466714,69.277,50.0,living_street,1,0
2999,415461914,415461704,11.120999999999999,50.0,residential,1,1
3000,415462363,415459507,90.386,30.0,residential,1,0
3001,415462363,415461001,67.789,30.0,residential,1,0
3002,415462363,415462570,255.691,30.0,residential,1,1
3003,415462480,415459506,69.125,30.0,residential,1,0
3004,415462480,415461283,57.012,30.0,residential,1,0
3005,415462570,415462640,77.499,30.0,residential,1,0
3006,415462570,415462480,168.14600000000002,30.0,residential,1,1
3007,415462640,415462570,77.499,30.0,residential,1,0
3008,415462640,415459507,258.678,30.0,residential,1,1
3009,415466714,415461914,69.277,50.0,living_street,1,0
3010,415466714,2070683971,98.196,50.0,living_street,1,0
3011,415466714,1100306330,88.15899999999999,50.0,living_street,1,0
3012,415731379,415731383,39.092,30.0,residential,1,0
3013,415731383,415732221,105.005,30.0,residential,1,0
3014,415731383,415731379,39.092,30.0,residential,1,0
3015,415731383,415731670,35.816,30.0,residential,1,0
3016,415731386,415732221,108.612,30.0,residential,1,0
3017,415731670,415731383,35.816,30.0,residential,1,0
3018,415731670,415461704,308.396,30.0,residential,1,1
3019,415732221,415731386,108.612,30.0,residential,1,0
3020,415732221,415731383,105.005,30.0,residential,1,0
3021,415732221,415732269,34.446,30.0,residential,1,0
3022,415732269,415732221,34.446,30.0,residential,1,0
3023,415990088,1468749493,8.493,50.0,tertiary,2,1
3024,416613220,2763587025,142.454,50.0,primary,1,1
3025,416613221,2763587043,21.283,50.0,primary,1,1
3026,416613221,416613220,15.332,30.0,residential,1,1
3027,416613788,1170469323,65.896,30.0,residential,1,0
3028,416613788,416622612,193.028,30.0,residential,1,1
3029,416613788,416622572,122.448,30.0,residential,1,0
3030,416613788,271878283,61.76,30.0,residential,1,0
3031,416614082,2763587039,53.147,30.0,residential,1,1
3032,416614082,416614999,100.086,30.0,residential,1,0
3033,416614999,416614082,100.086,30.0,residential,1,0
3034,416614999,416615001,76.918,30.0,residential,1,0
3035,416615001,416614999,76.918,30.0,residential,1,0
3036,416615001,416622240,385.177,30.0,residential,1,1
3037,416615001,416615004,78.887,30.0,residential,1,0
3038,416615004,416615001,78.887,30.0,residential,1,0
3039,416615004,416615005,50.589,30.0,residential,1,0
3040,416615005,416615006,75.322,30.0,residential,1,0
3041,416615005,416620452,457.11199999999997,30.0,residential,1,1
3042,416615005,416615004,50.589,30.0,residential,1,0
3043,416615006,416615005,75.322,30.0,residential,1,0
3044,416615006,416620560,68.184,30.0,residential,1,0
3045,416615007,416620560,70.633,50.0,residential,1,1
3046,416615007,416618398,188.879,30.0,residential,1,1
3047,416615009,416620261,38.979,30.0,residential,1,1
3048,416615009,416618401,206.83700000000002,30.0,residential,1,1
3049,416616679,416615009,266.92,30.0,residential,1,1
3050,416616679,10579564628,13.803999999999998,50.0,tertiary,1,1
3051,416617725,10579564601,175.748,50.0,tertiary,1,0
3052,416617725,416617810,13.402000000000001,50.0,tertiary,1,1
3053,416617810,416616679,11.892999999999999,50.0,tertiary,1,1
3054,416618398,416618401,58.258,30.0,residential,1,1
3055,416618401,416617810,80.659,30.0,residential,1,1
3056,416618882,2169645264,193.406,50.0,primary,1,1
3057,416618882,416619374,16.698,30.0,residential,1,1
3058,416619374,416615007,65.335,30.0,residential,1,1
3059,416619374,369339273,142.217,50.0,primary,1,1
3060,416619958,416622432,62.676,30.0,residential,1,0
3061,416619958,416620445,44.385,30.0,residential,1,1
3062,416619958,416620575,170.165,30.0,residential,1,0
3063,416620261,416620276,31.203,30.0,residential,1,0
3064,416620261,416615007,69.723,30.0,residential,1,1
3065,416620276,416620261,31.203,30.0,residential,1,0
3066,416620445,416620452,71.127,30.0,residential,1,0
3067,416620445,416615006,489.234,30.0,residential,1,1
3068,416620452,416620445,71.127,30.0,residential,1,0
3069,416620452,416621015,148.37599999999998,30.0,residential,1,1
3070,416620560,416615006,68.184,30.0,residential,1,0
3071,416620560,416620575,402.26700000000005,30.0,residential,1,1
3072,416620575,416620655,50.405,50.0,residential,1,0
3073,416620575,416619958,170.165,30.0,residential,1,0
3074,416620575,416618398,234.62800000000001,30.0,residential,1,1
3075,416620655,416620575,50.405,50.0,residential,1,0
3076,416621015,416622274,74.028,30.0,residential,1,0
3077,416621015,416615004,457.75800000000004,30.0,residential,1,1
3078,416621892,416622031,24.633,30.0,residential,1,1
3079,416621892,416622073,19.803,30.0,residential,1,1
3080,416622031,416622073,14.69,50.0,residential,1,0
3081,416622031,416614999,218.20999999999998,30.0,residential,1,1
3082,416622073,416622031,14.69,50.0,residential,1,0
3083,416622073,416614082,171.361,30.0,residential,1,1
3084,416622220,416622274,5.687,50.0,residential,1,1
3085,416622240,416622260,23.17,50.0,residential,1,0
3086,416622240,416622220,63.506,30.0,residential,1,1
3087,416622260,416622240,23.17,50.0,residential,1,0
3088,416622260,416621892,111.892,30.0,residential,1,1
3089,416622274,416621015,74.028,30.0,residential,1,0
3090,416622274,416622409,9.989,50.0,residential,1,1
3091,416622409,416622612,4.346,50.0,residential,1,1
3092,416622409,416622583,168.01999999999998,30.0,residential,1,1
3093,416622432,416619958,62.676,30.0,residential,1,0
3094,416622432,416622572,45.965,30.0,residential,1,0
3095,416622572,416622432,45.965,30.0,residential,1,0
3096,416622572,416613788,122.448,30.0,residential,1,0
3097,416622583,416622432,55.342,30.0,residential,1,1
3098,416622583,416622572,29.512999999999998,30.0,residential,1,1
3099,416622612,416623041,7.225,50.0,residential,1,1
3100,416622637,416622260,65.657,30.0,residential,1,1
3101,416622637,416622220,6.355,50.0,residential,1,1
3102,416623041,416622637,5.888999999999999,50.0,residential,1,1
3103,416623041,416628930,81.335,30.0,residential,1,1
3104,416626375,1168579465,138.673,30.0,tertiary,1,0
3105,416626375,416626377,36.629,30.0,tertiary,1,1
3106,416626377,471556322,58.339,30.0,tertiary,1,0
3107,416626377,416626378,17.384,30.0,tertiary,1,1
3108,416626378,4203241203,83.067,30.0,residential,1,0
3109,416626378,416626375,21.027,30.0,tertiary,1,1
3110,416626733,471556322,91.893,30.0,tertiary,1,0
3111,416626733,416626958,22.970999999999997,30.0,tertiary,1,1
3112,416626957,416626733,23.939,30.0,tertiary,1,1
3113,416626957,1164615700,175.65999999999997,30.0,residential,1,0
3114,416626958,416627032,67.421,30.0,residential,1,0
3115,416626958,1166194458,24.991999999999997,30.0,tertiary,1,1
3116,416627032,416626958,67.421,30.0,residential,1,0
3117,416627032,424095530,220.266,30.0,residential,1,1
3118,416627757,1107315939,12.188,30.0,tertiary,1,0
3119,416627757,1164229428,120.72,50.0,tertiary,1,1
3120,416627757,479360024,70.63499999999999,30.0,tertiary,1,0
3121,416628930,416628934,67.186,30.0,residential,1,1
3122,416628930,416631790,165.97199999999998,30.0,residential,1,0
3123,416628934,416630271,137.793,30.0,residential,1,1
3124,416630271,416630272,42.54,30.0,residential,1,0
3125,416630271,416631044,72.709,30.0,residential,1,1
3126,416630271,416631790,56.676,30.0,residential,1,0
3127,416630272,416630271,42.54,30.0,residential,1,0
3128,416631044,416638549,104.571,30.0,residential,1,0
3129,416631044,387490782,87.99600000000001,30.0,residential,1,0
3130,416631790,416630271,56.676,30.0,residential,1,0
3131,416631790,416628930,165.97199999999998,30.0,residential,1,0
3132,416631790,416632613,160.20800000000003,30.0,residential,1,0
3133,416631805,387490782,68.013,30.0,residential,1,1
3134,416631805,416634039,99.05000000000001,30.0,residential,1,0
3135,416632613,416631805,57.737,30.0,residential,1,1
3136,416632613,416631790,160.208,30.0,residential,1,0
3137,416632613,4665356128,152.79999999999998,30.0,residential,1,0
3138,416633132,416633134,13.272,30.0,residential,1,0
3139,416633132,416613220,66.98,50.0,primary,1,1
3140,416633134,416633132,13.272,30.0,residential,1,0
3141,416633134,4665356128,16.127,30.0,residential,1,0
3142,416633134,2763587027,142.341,50.0,primary,1,1
3143,416634039,416631805,99.05000000000001,30.0,residential,1,0
3144,416634515,416636883,39.777,30.0,residential,1,0
3145,416634515,416634751,115.01299999999999,30.0,residential,1,0
3146,416634515,271878283,143.11,30.0,residential,1,0
3147,416634515,1834267841,91.87599999999999,30.0,residential,1,0
3148,416634751,416634515,115.013,30.0,residential,1,0
3149,416634816,416636883,65.039,30.0,residential,1,0
3150,416634816,416635976,185.66199999999998,30.0,residential,1,1
3151,416635976,416637426,215.485,30.0,residential,1,1
3152,416635976,416638688,137.126,30.0,residential,1,0
3153,416636862,416636883,209.747,30.0,residential,1,0
3154,416636883,416634515,39.777,30.0,residential,1,0
3155,416636883,416634816,65.039,30.0,residential,1,0
3156,416636883,416636862,209.74699999999999,30.0,residential,1,0
3157,416636883,416637426,243.46300000000002,30.0,residential,1,1
3158,416637426,416634816,96.805,30.0,residential,1,1
3159,416638549,416638586,49.906,30.0,residential,1,0
3160,416638549,1834267800,70.022,30.0,residential,1,0
3161,416638549,416631044,104.571,30.0,residential,1,0
3162,416638586,416638549,49.906,30.0,residential,1,0
3163,416638586,1121332751,144.367,30.0,residential,1,0
3164,416638586,1834267803,348.48199999999997,30.0,residential,1,0
3165,416638688,416635976,137.126,30.0,residential,1,0
3166,416638912,10579564566,184.626,50.0,tertiary,1,0
3167,416638912,416639005,55.727,30.0,residential,1,0
3168,416638912,271878268,169.171,50.0,tertiary,1,0
3169,416639005,381511949,80.58,30.0,residential,1,1
3170,416639005,416638912,55.727,30.0,residential,1,0
3171,417131196,1171698753,231.611,50.0,tertiary,1,1
3172,417131924,1187565519,65.946,30.0,tertiary,1,0
3173,417131924,417132415,8.352,50.0,tertiary,1,1
3174,417132169,369338952,162.139,30.0,tertiary,1,0
3175,417132169,417132414,7.946000000000001,50.0,tertiary,1,1
3176,417132414,417131924,9.286000000000001,50.0,tertiary,1,1
3177,417132414,679329266,53.665,30.0,residential,1,0
3178,417132415,679333658,34.746,30.0,residential,1,0
3179,417132415,417132169,9.868,50.0,tertiary,1,1
3180,417624290,417624642,64.682,30.0,residential,1,0
3181,417624290,414685307,233.65000000000003,30.0,residential,1,0
3182,417624290,413898291,395.18399999999997,30.0,residential,1,0
3183,417624293,417624642,22.036,30.0,residential,1,0
3184,417624330,415459682,25.269,50.0,residential,1,0
3185,417624642,417624293,22.036,30.0,residential,1,0
3186,417624642,417624290,64.682,30.0,residential,1,0
3187,417624642,417638774,39.818,30.0,residential,1,0
3188,417624642,1102085491,35.988,30.0,residential,1,0
3189,417632981,4135912116,52.536,50.0,residential,1,1
3190,417632981,849307633,21.543000000000003,50.0,residential,1,1
3191,417635284,6579560133,97.277,30.0,residential,1,0
3192,417635284,4220237826,43.239999999999995,30.0,residential,1,0
3193,417635284,1049970057,253.03300000000002,30.0,residential,1,0
3194,417635696,417637416,125.449,30.0,residential,1,0
3195,417635696,417636900,134.923,30.0,residential,1,0
3196,417635696,417637103,113.18900000000001,30.0,residential,1,0
3197,417635895,417635897,186.062,30.0,residential,1,0
3198,417635895,6579560133,162.55800000000002,30.0,residential,1,0
3199,417635895,417636920,109.763,30.0,residential,1,1
3200,417635897,417635895,186.06199999999998,30.0,residential,1,0
3201,417636900,417635696,134.923,30.0,residential,1,0
3202,417636900,849307622,7.556000000000001,50.0,residential,1,1
3203,417636920,417636900,19.073999999999998,50.0,residential,1,1
3204,417637034,417637416,43.929,30.0,residential,1,0
3205,417637103,417637150,91.28999999999999,30.0,residential,1,0
3206,417637103,417635696,113.18900000000001,30.0,residential,1,0
3207,417637103,417637124,104.101,50.0,residential,1,0
3208,417637124,417637128,42.254,50.0,residential,1,0
3209,417637124,417637103,104.101,50.0,residential,1,0
3210,417637124,417637126,35.674,50.0,residential,1,0
3211,417637126,417637124,35.674,50.0,residential,1,0
3212,417637128,417637124,42.254,50.0,residential,1,0
3213,417637150,417637103,91.28999999999999,30.0,residential,1,0
3214,417637416,417637034,43.929,30.0,residential,1,0
3215,417637416,417637424,110.126,30.0,residential,1,0
3216,417637416,417635696,125.449,30.0,residential,1,0
3217,417637424,417637416,110.126,30.0,residential,1,0
3218,417637424,417637427,93.258,30.0,residential,1,0
3219,417637424,417637680,124.225,30.0,residential,1,0
3220,417637424,417637677,182.953,30.0,residential,1,0
3221,417637427,417637424,93.258,30.0,residential,1,0
3222,417637427,417640287,223.31199999999998,30.0,residential,1,0
3223,417637427,1188801366,146.955,30.0,residential,1,0
3224,417637674,417637677,90.634,30.0,residential,1,0
3225,417637677,417637962,61.213,30.0,residential,1,0
3226,417637677,417637424,182.953,30.0,residential,1,0
3227,417637677,417637674,90.634,30.0,residential,1,0
3228,417637680,417637424,124.225,30.0,residential,1,0
3229,417637962,417637677,61.213,30.0,residential,1,0
3230,417637962,417638116,12.929,50.0,residential,1,0
3231,417637962,417638112,9.713,50.0,residential,1,0
3232,417638112,417637962,9.713,50.0,residential,1,0
3233,417638116,417637962,12.929,50.0,residential,1,0
3234,417638774,417624642,39.818,30.0,residential,1,0
3235,417638984,1188801366,133.195,30.0,residential,1,1
3236,417638993,417640287,29.955,30.0,residential,1,0
3237,417639491,1188801366,127.519,30.0,residential,1,0
3238,417639595,417640323,236.57,30.0,residential,1,1
3239,417639750,417638984,72.594,30.0,residential,1,1
3240,417639750,417639595,80.208,30.0,residential,1,1
3241,417640110,417638984,265.685,30.0,residential,1,1
3242,417640110,417639750,147.62,30.0,residential,1,1
3243,417640287,417638993,29.955,30.0,residential,1,0
3244,417640287,417637427,223.312,30.0,residential,1,0
3245,417640323,417640287,80.60300000000001,50.0,living_street,1,1
3246,417640323,1168996547,67.47,30.0,residential,1,1
3247,417640523,417640558,74.339,30.0,residential,1,0
3248,417640523,417643080,103.211,30.0,tertiary,2,1
3249,417640558,417647306,80.211,30.0,residential,1,1
3250,417640558,417641916,125.388,30.0,residential,1,1
3251,417640558,417640560,281.365,30.0,residential,1,0
3252,417640558,417640523,74.339,30.0,residential,1,0
3253,417640560,417640110,91.003,30.0,residential,1,1
3254,417640560,1172343443,104.52,30.0,residential,1,0
3255,417640560,417640558,281.365,30.0,residential,1,0
3256,417640561,417641179,84.48,30.0,residential,1,0
3257,417640561,417640893,98.825,30.0,residential,1,1
3258,417640893,1172343443,5.134,30.0,residential,1,0
3259,417640893,417641535,237.822,30.0,residential,1,1
3260,417641145,1172268773,244.06799999999998,30.0,residential,1,0
3261,417641179,417640561,84.48,30.0,residential,1,0
3262,417641179,417641260,54.538,30.0,residential,1,0
3263,417641179,417641259,40.609,30.0,residential,1,0
3264,417641259,417641179,40.609,30.0,residential,1,0
3265,417641260,417641179,54.538,30.0,residential,1,0
3266,417641514,417647370,21.750999999999998,30.0,residential,1,1
3267,417641535,417641650,99.815,30.0,residential,1,1
3268,417641535,417641650,159.597,30.0,residential,1,1
3269,417641650,417641514,81.047,30.0,residential,1,1
3270,417641916,417643080,64.152,30.0,residential,1,1
3271,417642078,417642197,43.162,30.0,residential,1,1
3272,417642078,417641916,138.36499999999998,30.0,residential,1,1
3273,417642197,417642078,318.74699999999996,30.0,residential,1,1
3274,417643080,10579564565,54.918000000000006,30.0,tertiary,2,1
3275,417643292,10579564565,68.5,30.0,residential,1,0
3276,417643420,417643717,97.502,30.0,residential,1,0
3277,417643420,417643424,72.791,30.0,residential,1,1
3278,417643420,10579550535,74.646,30.0,residential,1,0
3279,417643424,417643772,76.607,30.0,residential,1,0
3280,417643424,417643427,68.176,30.0,residential,1,1
3281,417643427,417644007,77.278,30.0,residential,1,0
3282,417643427,417643430,75.662,30.0,residential,1,1
3283,417643430,417644065,81.954,30.0,residential,1,0
3284,417643430,417643435,59.585,30.0,residential,1,1
3285,417643435,417643438,93.97800000000001,30.0,residential,1,0
3286,417643435,3991299391,129.193,30.0,residential,1,0
3287,417643438,417644744,126.628,30.0,residential,1,0
3288,417643438,417644123,55.954,30.0,living_street,1,0
3289,417643438,417643435,93.978,30.0,residential,1,0
3290,417643717,417643420,97.502,30.0,residential,1,0
3291,417643772,417643424,76.607,30.0,residential,1,0
3292,417644007,417643427,77.278,30.0,residential,1,0
3293,417644065,417643430,81.954,30.0,residential,1,0
3294,417644123,417643438,55.954,30.0,living_street,1,0
3295,417644123,417644329,76.07799999999999,30.0,living_street,1,0
3296,417644329,417645779,54.557,30.0,living_street,1,0
3297,417644329,3991299393,141.35500000000002,30.0,living_street,1,0
3298,417644329,417644123,76.07799999999999,30.0,living_street,1,0
3299,417644744,369338953,55.425,30.0,residential,1,0
3300,417644744,417643438,126.628,30.0,residential,1,0
3301,417644744,417645083,62.778999999999996,30.0,residential,1,1
3302,417644982,417643420,64.71,30.0,residential,1,1
3303,417645083,417644982,307.225,30.0,residential,1,1
3304,417645083,417644982,336.628,30.0,residential,1,1
3305,417645291,679332816,165.082,30.0,residential,1,0
3306,417645291,417645306,22.828,30.0,residential,1,1
3307,417645306,417645393,64.921,30.0,residential,1,0
3308,417645306,417645308,44.595,30.0,residential,1,1
3309,417645308,2728576321,18.588,30.0,residential,1,0
3310,417645308,1170452313,16.522000000000002,30.0,residential,1,1
3311,417645393,417645306,64.921,30.0,residential,1,0
3312,417645393,681536220,64.982,30.0,residential,1,1
3313,417645519,417645686,13.334,30.0,residential,1,0
3314,417645519,2728576314,16.865,50.0,tertiary,1,1
3315,417645519,2728576321,19.708,30.0,residential,1,0
3316,417645686,417645519,13.334,30.0,residential,1,0
3317,417645686,471560309,292.14200000000005,50.0,tertiary,1,1
3318,417645779,417644329,54.557,30.0,living_street,1,0
3319,417646258,679329266,126.422,30.0,residential,1,0
3320,417646258,846225440,18.269,30.0,residential,1,1
3321,417646390,417648007,78.905,30.0,residential,1,0
3322,417646390,1195945656,20.168,30.0,residential,1,1
3323,417646587,1168974126,34.473,30.0,residential,1,1
3324,417646628,679330265,12.134,30.0,residential,1,1
3325,417647016,417647300,170.735,30.0,residential,1,1
3326,417647016,417647300,232.599,30.0,residential,1,1
3327,417647300,417646628,67.848,30.0,residential,1,1
3328,417647306,417647016,70.915,30.0,residential,1,1
3329,417647306,417641514,167.905,30.0,residential,1,1
3330,417647370,1187530011,48.877,30.0,residential,1,0
3331,417647370,417646587,274.37899999999996,30.0,residential,1,1
3332,417647489,1187529982,27.381999999999998,50.0,residential,1,0
3333,417648007,417646390,78.905,30.0,residential,1,0
3334,417648007,1168935124,264.611,50.0,living_street,1,0
3335,417648007,849313316,122.57300000000001,50.0,"['residential', 'living_street']",1,0
3336,417648007,1200826106,116.612,50.0,living_street,1,0
3337,417653251,417653336,15.974,30.0,residential,1,1
3338,417653251,6174571931,135.27999999999997,30.0,residential,1,0
3339,417653278,417773824,88.316,30.0,residential,1,0
3340,417653278,417653337,15.873999999999999,30.0,residential,1,1
3341,417653336,471558379,38.396,30.0,residential,1,0
3342,417653336,417653278,17.778,30.0,residential,1,1
3343,417653337,417653251,17.064999999999998,30.0,residential,1,1
3344,417653337,471556732,88.41,30.0,residential,1,0
3345,417762830,336099013,92.878,50.0,primary,2,1
3346,417762831,2769638390,15.73,50.0,secondary_link,1,1
3347,417762831,417762870,43.193,50.0,primary,2,1
3348,417762870,197465978,17.973,50.0,residential,1,1
3349,417762870,417762830,26.32,50.0,primary,2,1
3350,417763275,479356252,91.785,70.0,secondary,2,1
3351,417772569,417772571,14.037,50.0,residential,1,1
3352,417772571,2191443261,42.48,50.0,residential,1,1
3353,417773116,1101781785,164.247,30.0,residential,1,0
3354,417773116,414596282,213.076,30.0,tertiary,1,1
3355,417773824,342281871,15.072,30.0,tertiary,1,1
3356,417773824,417653278,88.316,30.0,residential,1,0
3357,417773824,471557870,248.05499999999998,60.0,secondary,2,1
3358,418850572,369340656,103.826,30.0,tertiary,1,0
3359,418850572,369339278,524.6460000000001,30.0,tertiary,1,0
3360,418850572,418850768,189.392,30.0,residential,1,0
3361,418850572,471564095,69.982,30.0,residential,1,0
3362,418850768,418850572,189.392,30.0,residential,1,0
3363,418857387,369339278,73.321,30.0,tertiary,1,0
3364,418857387,418888158,34.783,30.0,tertiary,1,0
3365,418857387,418857610,61.870999999999995,30.0,residential,1,0
3366,418857610,418857611,51.938,30.0,residential,1,0
3367,418857610,418857387,61.870999999999995,30.0,residential,1,0
3368,418857611,418857610,51.938,30.0,residential,1,0
3369,418857611,418857610,410.27799999999996,30.0,residential,1,1
3370,418857611,418860662,152.048,30.0,residential,1,1
3371,418858301,369339277,100.574,30.0,residential,1,0
3372,418858301,418858302,42.443,30.0,residential,1,0
3373,418858302,418858301,42.443,30.0,residential,1,0
3374,418858302,418858303,61.679,30.0,residential,1,0
3375,418858302,418863519,109.545,30.0,residential,1,0
3376,418858303,418858302,61.679,30.0,residential,1,0
3377,418858303,424189516,292.81199999999995,30.0,residential,1,1
3378,418860662,5914178740,44.824,30.0,tertiary,1,0
3379,418860662,369339277,59.429,30.0,tertiary,1,0
3380,418862430,418858301,326.06499999999994,30.0,residential,1,1
3381,418862430,419004301,70.093,30.0,residential,1,1
3382,418863519,418858302,109.545,30.0,residential,1,0
3383,418888158,418857387,34.783,30.0,tertiary,1,0
3384,418888158,418891188,55.994,30.0,tertiary,1,0
3385,418888158,418889150,79.183,30.0,residential,1,0
3386,418889150,418888158,79.183,30.0,residential,1,0
3387,418889150,418889539,39.616,30.0,residential,1,0
3388,418889150,418889153,23.495,30.0,residential,1,0
3389,418889153,418889150,23.495,30.0,residential,1,0
3390,418889539,418889150,39.616,30.0,residential,1,0
3391,418891188,418888158,55.994,30.0,tertiary,1,0
3392,418891188,418891526,76.5,30.0,residential,1,0
3393,418891188,369339277,81.021,30.0,tertiary,1,0
3394,418891526,418891188,76.5,30.0,residential,1,0
3395,418891526,418891741,41.239,30.0,residential,1,0
3396,418891526,418891528,27.487,30.0,residential,1,0
3397,418891528,418891526,27.487,30.0,residential,1,0
3398,418891741,418891526,41.239,30.0,residential,1,0
3399,419004301,369339274,214.341,50.0,primary,1,1
3400,419004579,369339278,114.037,30.0,residential,1,0
3401,419737965,419737996,20.860999999999997,70.0,tertiary,4,1
3402,419737965,2303015630,52.792,50.0,residential,1,1
3403,419737996,354039432,15.517,50.0,tertiary,1,1
3404,419737996,2303015625,42.046,70.0,tertiary,3,1
3405,420270888,4508998791,85.876,50.0,residential,1,0
3406,420270888,2219832310,149.48499999999999,50.0,residential,1,0
3407,420287565,420288533,98.858,50.0,residential,1,1
3408,420287565,2769638369,78.30099999999999,50.0,residential,1,0
3409,420288533,2219832310,6.464,50.0,residential,1,1
3410,424094288,424105242,39.012,30.0,tertiary,1,0
3411,424094288,369339292,167.427,30.0,tertiary,1,0
3412,424095530,424098229,74.36,30.0,residential,1,0
3413,424095530,424094288,157.595,30.0,residential,1,1
3414,424095530,1166167894,105.988,30.0,residential,1,0
3415,424098229,345395901,119.586,30.0,residential,1,0
3416,424098229,424095530,74.36,30.0,residential,1,0
3417,424098229,424098232,119.275,30.0,residential,1,0
3418,424098232,424098229,119.27499999999999,30.0,residential,1,0
3419,424104897,471554674,28.501,30.0,residential,1,1
3420,424104897,1166180101,91.745,30.0,residential,1,0
3421,424104901,424104897,29.149,30.0,residential,1,1
3422,424104901,1166185469,121.07,30.0,residential,1,0
3423,424104906,424104901,37.24,30.0,residential,1,1
3424,424104906,424177972,133.626,30.0,residential,1,0
3425,424104910,424104906,35.489,30.0,residential,1,1
3426,424104910,424183413,52.368,30.0,residential,1,1
3427,424104914,424104910,19.836,30.0,residential,1,1
3428,424104917,424145058,79.76,30.0,residential,1,0
3429,424104917,424104914,52.622,30.0,residential,1,1
3430,424105242,424094288,39.012,30.0,tertiary,1,0
3431,424105242,345395901,62.333,30.0,tertiary,1,0
3432,424105242,424104917,513.3290000000001,30.0,residential,1,1
3433,424145058,424104917,79.76,30.0,residential,1,0
3434,424177972,424104906,133.626,30.0,residential,1,0
3435,424183413,479373408,65.354,30.0,residential,1,0
3436,424183413,424104914,53.80800000000001,30.0,residential,1,1
3437,424189516,416627032,78.521,30.0,residential,1,1
3438,424190659,424189516,266.167,30.0,residential,1,1
3439,424190659,471555476,146.174,30.0,residential,1,1
3440,428196558,1801631020,47.343,50.0,secondary_link,1,0
3441,428196558,4903471073,29.709999999999997,50.0,secondary_link,1,1
3442,434304760,434304762,58.405,30.0,residential,1,0
3443,434304760,958441017,9.922,30.0,tertiary,1,0
3444,434304760,5264234782,106.80099999999999,30.0,tertiary,1,0
3445,434304762,415446335,41.751,30.0,residential,1,0
3446,434304762,434304760,58.405,30.0,residential,1,0
3447,434304762,5264234782,168.139,30.0,residential,1,0
3448,440045043,384581741,8.541,50.0,residential,2,1
3449,440045043,3820683112,269.187,50.0,tertiary,2,1
3450,440059964,315468519,13.901,50.0,residential,1,1
3451,440059964,549233516,26.036,30.0,residential,1,0
3452,440059966,539641899,21.808,50.0,residential,1,1
3453,440059966,440059970,167.894,50.0,residential,1,1
3454,440059970,440059996,69.307,50.0,residential,1,0
3455,440059970,384732672,62.488,50.0,secondary,2,1
3456,440059978,357492752,28.618,50.0,residential,1,0
3457,440059978,3985298578,30.953,50.0,residential,1,1
3458,440059996,440059970,69.307,50.0,residential,1,0
3459,440059999,384682788,16.838,30.0,residential,1,1
3460,440059999,440060001,45.760999999999996,30.0,residential,1,1
3461,440060001,549231325,36.048,30.0,residential,1,1
3462,440060001,440060003,53.201,30.0,residential,1,1
3463,440060003,440060011,92.906,30.0,residential,1,1
3464,440060011,539632333,49.345,30.0,residential,1,1
3465,440060011,539636482,9.737,30.0,residential,1,1
3466,440060012,539625980,49.104,30.0,residential,1,1
3467,440060012,440060013,28.225,30.0,living_street,1,0
3468,440060013,440060012,28.225,30.0,living_street,1,0
3469,440060013,539654214,29.44,30.0,residential,1,1
3470,440060015,549232724,31.829,50.0,residential,1,0
3471,440060016,549237413,37.355,30.0,residential,1,1
3472,440060016,440060036,63.91,30.0,residential,1,0
3473,440060036,539655506,36.406,30.0,residential,1,0
3474,440060036,549237409,36.459,30.0,residential,1,0
3475,440060036,549233516,43.857,30.0,residential,1,0
3476,440060036,440060016,63.91,30.0,residential,1,0
3477,440061583,440062760,191.15300000000002,30.0,tertiary,1,0
3478,440061583,440062921,148.02700000000002,30.0,tertiary,1,0
3479,440061583,440062885,74.184,30.0,residential,1,0
3480,440061585,1127659175,16.01,50.0,tertiary,1,1
3481,440061585,2111357737,48.186,50.0,secondary,1,1
3482,440061589,440061671,60.414,30.0,tertiary,1,1
3483,440061589,440061613,82.802,30.0,residential,1,0
3484,440061613,440061589,82.802,30.0,residential,1,0
3485,440061671,2111357761,49.979,30.0,tertiary,1,1
3486,440061671,440061673,105.039,30.0,living_street,1,0
3487,440061673,440061671,105.03899999999999,30.0,living_street,1,0
3488,440061684,440061751,109.41,30.0,tertiary,2,0
3489,440061684,289069630,91.438,30.0,tertiary,2,0
3490,440061684,2133500408,195.69600000000003,30.0,residential,1,0
3491,440061751,440061684,109.41,30.0,tertiary,2,0
3492,440061751,440061798,86.60699999999999,30.0,residential,1,0
3493,440061751,440061813,86.27600000000001,30.0,tertiary,2,0
3494,440061798,440061751,86.607,30.0,residential,1,0
3495,440061813,440061845,36.456,30.0,tertiary,2,0
3496,440061813,440061823,110.23400000000001,30.0,residential,1,0
3497,440061813,440061751,86.27600000000001,30.0,tertiary,2,0
3498,440061820,440061823,149.013,30.0,residential,1,0
3499,440061823,440061820,149.013,30.0,residential,1,0
3500,440061823,440061813,110.23400000000001,30.0,residential,1,0
3501,440061823,440061830,60.265,30.0,residential,1,0
3502,440061830,440061823,60.265,30.0,residential,1,0
3503,440061845,440061813,36.456,30.0,tertiary,2,0
3504,440061845,1135292845,119.024,30.0,residential,1,0
3505,440061845,440061971,321.345,30.0,tertiary,2,0
3506,440061971,440062013,100.57900000000001,30.0,residential,1,0
3507,440061971,1188072657,94.14999999999999,30.0,tertiary,2,0
3508,440061971,440061845,321.34499999999997,30.0,tertiary,2,0
3509,440062009,2199109109,96.63,30.0,residential,1,0
3510,440062009,440062010,45.778999999999996,30.0,residential,1,0
3511,440062009,440062013,82.148,30.0,residential,1,0
3512,440062010,440062009,45.778999999999996,30.0,residential,1,0
3513,440062013,440062021,62.628,30.0,residential,1,0
3514,440062013,440062009,82.148,30.0,residential,1,0
3515,440062013,440061971,100.57900000000001,30.0,residential,1,0
3516,440062016,440062021,136.632,30.0,residential,1,0
3517,440062021,440062013,62.628,30.0,residential,1,0
3518,440062021,440062016,136.632,30.0,residential,1,0
3519,440062021,2133503416,106.84299999999999,30.0,residential,1,0
3520,440062346,440062359,90.913,30.0,residential,1,0
3521,440062346,440062350,58.512,30.0,residential,1,0
3522,440062346,440062349,89.86500000000001,30.0,residential,1,0
3523,440062349,440062346,89.865,30.0,residential,1,0
3524,440062350,440062346,58.512,30.0,residential,1,0
3525,440062359,440062346,90.913,30.0,residential,1,0
3526,440062359,440062369,8.229,30.0,residential,1,0
3527,440062359,440062368,55.996,30.0,residential,1,0
3528,440062368,440062359,55.996,30.0,residential,1,0
3529,440062369,440062359,8.229,30.0,residential,1,0
3530,440062369,440062371,58.997,30.0,residential,1,0
3531,440062369,289069644,112.866,30.0,residential,1,0
3532,440062371,440062369,58.997,30.0,residential,1,0
3533,440062618,440062682,142.606,30.0,residential,1,0
3534,440062671,290507618,176.119,30.0,residential,1,0
3535,440062682,440062618,142.606,30.0,residential,1,0
3536,440062682,290507618,62.171,30.0,residential,1,0
3537,440062682,440062733,97.42,30.0,residential,1,0
3538,440062733,440062682,97.42,30.0,residential,1,0
3539,440062744,290507602,95.462,30.0,residential,1,0
3540,440062760,290507602,82.086,30.0,tertiary,1,0
3541,440062760,440061583,191.15299999999996,30.0,tertiary,1,0
3542,440062760,440062762,112.845,30.0,residential,1,0
3543,440062762,440062845,9.676,30.0,residential,1,0
3544,440062762,440062760,112.845,30.0,residential,1,0
3545,440062762,440062843,131.33100000000002,30.0,residential,1,0
3546,440062843,440062762,131.331,30.0,residential,1,0
3547,440062845,440062762,9.676,30.0,residential,1,0
3548,440062846,2160093352,22.231,50.0,residential,1,1
3549,440062846,2141532006,33.51,50.0,residential,1,1
3550,440062846,476387543,89.37,50.0,residential,1,1
3551,440062847,33617427,40.055,50.0,secondary,3,1
3552,440062849,57046723,13.868,50.0,residential,1,1
3553,440062849,724192875,377.449,50.0,secondary,2,1
3554,440062857,357556865,35.026999999999994,50.0,residential,1,1
3555,440062857,1200005654,154.40800000000002,50.0,secondary,2,1
3556,440062859,724191521,10.239,50.0,tertiary,2,1
3557,440062859,2383595033,39.019,50.0,secondary,1,1
3558,440062871,549239503,91.062,50.0,residential,1,1
3559,440062871,549237566,83.148,30.0,residential,1,1
3560,440062885,440062888,49.03,30.0,residential,1,0
3561,440062885,440061583,74.184,30.0,residential,1,0
3562,440062885,440062886,121.936,30.0,residential,1,0
3563,440062886,440062885,121.936,30.0,residential,1,0
3564,440062888,440062885,49.03,30.0,residential,1,0
3565,440062889,440062921,49.928,30.0,tertiary,1,0
3566,440062889,1135232949,24.183,30.0,tertiary,1,0
3567,440062889,440062920,130.898,30.0,residential,1,1
3568,440062920,440062929,30.956,30.0,residential,1,0
3569,440062920,440062921,85.846,30.0,residential,1,1
3570,440062921,440061583,148.027,30.0,tertiary,1,0
3571,440062921,440062889,49.928,30.0,tertiary,1,0
3572,440062929,440062920,30.956,30.0,residential,1,0
3573,440076104,404498395,6.114,30.0,residential,1,0
3574,440076104,440076117,49.846,50.0,tertiary,2,1
3575,440076107,440076104,44.563,50.0,tertiary,2,1
3576,440076117,518158039,74.36800000000001,50.0,tertiary,2,1
3577,440076131,1064391797,14.62,50.0,tertiary,1,1
3578,440076131,440076107,70.088,50.0,tertiary,2,1
3579,440077889,412519048,84.295,30.0,residential,1,0
3580,440077889,332205712,17.749,50.0,residential,1,0
3581,440077889,3676466165,142.154,50.0,tertiary,1,1
3582,440282892,4131740925,101.407,30.0,living_street,1,1
3583,440340648,10976816535,5.846,50.0,residential,1,0
3584,441130108,2138044997,30.838,50.0,tertiary,1,1
3585,441130108,6432694165,38.959,50.0,tertiary,1,1
3586,442893172,442893179,9.883,30.0,tertiary,1,1
3587,442893173,442893172,8.5,30.0,tertiary,1,1
3588,442893179,2473987386,165.491,30.0,tertiary,1,1
3589,442893179,977275666,9.791,30.0,tertiary,1,1
3590,442893181,386012536,62.003,30.0,tertiary,1,1
3591,442893181,442893173,13.658999999999999,30.0,tertiary,1,1
3592,442893185,386012533,123.898,50.0,residential,1,0
3593,442893205,2473987340,15.535,50.0,tertiary,1,1
3594,442893205,1228098,154.236,50.0,secondary,3,1
3595,442893206,1228098,194.238,50.0,residential,1,0
3596,442893206,3586725578,20.251,50.0,residential,1,1
3597,442893209,1329703,11.429,50.0,residential,1,0
3598,442893209,442893210,71.92099999999999,50.0,residential,1,0
3599,442893209,442893216,146.997,50.0,tertiary,1,1
3600,442893210,442893211,52.328,50.0,residential,1,0
3601,442893210,442893209,71.92099999999999,50.0,residential,1,0
3602,442893210,1390478152,170.781,50.0,residential,1,0
3603,442893211,442893210,52.328,50.0,residential,1,0
3604,442893211,3586725521,20.994999999999997,50.0,residential,1,1
3605,442893216,442893205,83.921,50.0,tertiary,1,1
3606,442893225,3586725578,10.463000000000001,50.0,residential,1,1
3607,442893225,442893206,19.749000000000002,50.0,residential,1,1
3608,442893232,3586725540,16.626,50.0,residential,1,1
3609,442893232,3586725566,76.596,50.0,residential,1,0
3610,442893234,3586725550,13.144,50.0,residential,1,1
3611,442893234,442893237,96.542,50.0,residential,1,0
3612,442893237,5852226393,146.082,50.0,residential,1,0
3613,442893237,442893234,96.542,50.0,residential,1,0
3614,442893237,3917184873,56.563,50.0,residential,1,0
3615,442898681,442898687,28.593,50.0,tertiary,1,1
3616,442898681,315048449,11.631,50.0,secondary,2,1
3617,442898682,2344604158,25.021,50.0,secondary_link,1,1
3618,442898682,2344604151,17.536,50.0,tertiary,2,1
3619,442898686,1695278980,11.376,30.0,residential,1,0
3620,442898686,312834939,83.212,30.0,residential,1,0
3621,442898686,681273912,312.18899999999996,50.0,tertiary,1,1
3622,442898687,442898686,400.2720000000001,50.0,tertiary,1,1
3623,443886751,444731193,12.062,50.0,tertiary,1,1
3624,443886751,343324101,88.922,30.0,tertiary,1,1
3625,443886792,343325522,11.719,30.0,residential,1,0
3626,443886792,443886751,85.657,50.0,tertiary,1,1
3627,444731120,444731151,94.223,30.0,tertiary,1,1
3628,444731151,1627531,10.752,50.0,tertiary,2,0
3629,444731151,444731193,332.255,30.0,tertiary,1,1
3630,444731151,282407636,74.299,50.0,tertiary,2,0
3631,444731193,444731202,10.802,30.0,tertiary,1,1
3632,444731193,1122085779,90.208,50.0,tertiary,1,1
3633,444731202,35288640,11.714,50.0,tertiary,1,1
3634,444731202,968515553,280.03,30.0,tertiary,1,1
3635,444739980,270425874,165.382,50.0,trunk_link,1,1
3636,444739980,270425869,78.52799999999999,70.0,trunk,3,1
3637,444739981,444739982,54.675,50.0,secondary_link,1,1
3638,444739981,343611360,40.587,60.0,secondary,4,1
3639,444739982,2225823713,355.64500000000004,50.0,secondary,2,1
3640,444739983,444739986,16.226,50.0,tertiary,2,1
3641,444739983,8911780977,174.679,50.0,secondary,2,1
3642,444739985,343329081,102.679,30.0,residential,1,0
3643,444739985,469946981,169.94500000000002,50.0,tertiary,2,1
3644,444739986,444739985,86.033,50.0,tertiary,2,1
3645,444739986,35288643,12.936,50.0,secondary,2,1
3646,446138533,649102921,77.504,30.0,residential,1,1
3647,446138533,563927922,19.698999999999998,30.0,residential,1,1
3648,446138537,563935791,82.549,30.0,residential,1,1
3649,446138537,347038457,209.279,50.0,tertiary,1,0
3650,446138537,563927884,15.383000000000001,50.0,tertiary,1,0
3651,446167471,1688194327,132.976,50.0,residential,1,0
3652,446167471,1688171004,170.733,50.0,tertiary,3,1
3653,463172922,471483577,19.373,50.0,residential,1,0
3654,463173566,479369605,117.189,30.0,residential,1,0
3655,463173566,381579633,77.649,30.0,residential,1,0
3656,463173566,463173568,52.472,30.0,residential,1,1
3657,463173568,463245871,19.234,30.0,residential,1,0
3658,463173568,1170498302,263.119,30.0,residential,1,1
3659,463245857,471483903,126.885,30.0,residential,1,0
3660,463245857,381510919,144.644,30.0,residential,1,0
3661,463245857,463245886,163.21800000000002,30.0,residential,1,0
3662,463245871,1171649191,100.138,30.0,residential,1,0
3663,463245871,463173568,19.234,30.0,residential,1,0
3664,463245883,463245886,98.917,30.0,residential,1,1
3665,463245886,463245857,163.21800000000002,30.0,residential,1,0
3666,463245886,463245871,96.62299999999999,30.0,residential,1,1
3667,463257215,471561807,44.076,30.0,residential,1,0
3668,463257215,849307622,180.737,30.0,residential,1,0
3669,463257215,1049970007,129.243,30.0,residential,1,0
3670,463257215,1049970046,26.121,50.0,residential,1,0
3671,463257217,6579560130,17.134999999999998,50.0,residential,1,1
3672,463257217,989278081,92.601,30.0,residential,1,1
3673,469933508,1144043816,61.182,90.0,trunk,4,1
3674,469946981,343324430,11.54,30.0,residential,1,1
3675,469946981,4865879049,72.045,50.0,tertiary,2,1
3676,469954005,922576795,87.102,50.0,residential,2,0
3677,469954005,9709161820,88.403,50.0,residential,2,0
3678,469954005,10966434666,79.60499999999999,50.0,residential,1,0
3679,471483577,463172922,19.373,50.0,residential,1,0
3680,471483577,471483578,156.113,30.0,residential,1,1
3681,471483578,381494570,64.021,30.0,residential,1,0
3682,471483578,471483577,140.661,30.0,residential,1,1
3683,471483846,471483903,159.468,30.0,residential,1,0
3684,471483846,381543295,89.664,30.0,residential,1,1
3685,471483903,471483846,159.468,30.0,residential,1,0
3686,471483903,381600331,308.727,30.0,residential,1,0
3687,471483903,463245857,126.88499999999999,30.0,residential,1,0
3688,471554424,471554674,116.744,30.0,residential,1,0
3689,471554674,369341058,34.829,30.0,residential,1,1
3690,471554674,471554424,116.744,30.0,residential,1,0
3691,471554983,471555476,105.59400000000001,30.0,residential,1,1
3692,471554983,471554984,128.97199999999998,30.0,residential,1,1
3693,471554984,471554983,21.627,30.0,residential,1,1
3694,471554985,471554984,62.341,30.0,residential,1,1
3695,471554985,471555295,96.21300000000001,30.0,residential,1,0
3696,471555295,471554985,96.21300000000001,30.0,residential,1,0
3697,471555476,424190659,25.064999999999998,30.0,residential,1,1
3698,471556322,416626377,58.339,30.0,tertiary,1,0
3699,471556322,416626733,91.893,30.0,tertiary,1,0
3700,471556322,4593945197,81.832,30.0,living_street,1,0
3701,471556489,479359242,239.886,30.0,residential,1,0
3702,471556489,479361695,85.73299999999999,30.0,residential,1,0
3703,471556489,479359525,94.074,30.0,living_street,1,0
3704,471556585,479360024,94.121,30.0,residential,1,0
3705,471556732,471556733,123.465,30.0,residential,1,0
3706,471556732,471556733,219.972,30.0,residential,1,0
3707,471556732,417653337,88.41000000000001,30.0,residential,1,0
3708,471556733,471556732,123.465,30.0,residential,1,0
3709,471556733,471556732,219.972,30.0,residential,1,0
3710,471556733,471556965,158.97199999999998,30.0,residential,1,0
3711,471556926,471556965,92.96199999999999,30.0,residential,1,0
3712,471556965,471556926,92.96199999999999,30.0,residential,1,0
3713,471556965,471556733,158.97199999999998,30.0,residential,1,0
3714,471556965,6174571920,168.71300000000002,30.0,residential,1,0
3715,471557022,471558924,45.514,30.0,residential,1,0
3716,471557022,471557153,106.06,30.0,residential,1,0
3717,471557022,6174571928,119.397,30.0,residential,1,0
3718,471557152,471557152,63.309999999999995,30.0,residential,1,1
3719,471557152,471557153,79.7,30.0,residential,1,0
3720,471557153,471557022,106.06,30.0,residential,1,0
3721,471557153,1164290876,61.77199999999999,30.0,residential,1,0
3722,471557153,471557152,79.7,30.0,residential,1,0
3723,471557239,1164290854,58.063,30.0,residential,1,0
3724,471557239,471559832,343.606,30.0,residential,1,1
3725,471557662,471562493,16.328,30.0,residential,1,0
3726,471557662,471557852,27.069,30.0,residential,1,1
3727,471557852,471557853,50.942,30.0,residential,1,1
3728,471557853,8401791011,40.737,30.0,residential,1,1
3729,471557853,471559018,116.871,30.0,residential,1,1
3730,471557861,8401791011,55.843,30.0,residential,1,0
3731,471557861,471557662,62.434,30.0,residential,1,1
3732,471557861,471558380,65.007,30.0,residential,1,0
3733,471557870,8401791011,47.681999999999995,30.0,residential,1,0
3734,471557870,2769656028,21.158,50.0,residential,1,1
3735,471557870,3985733417,100.093,60.0,secondary,2,1
3736,471558379,471558380,94.089,30.0,residential,1,0
3737,471558379,417653336,38.396,30.0,residential,1,0
3738,471558379,471558675,137.917,30.0,residential,1,1
3739,471558380,471558379,94.089,30.0,residential,1,0
3740,471558380,471557861,65.007,30.0,residential,1,0
3741,471558675,471558380,42.142,30.0,residential,1,1
3742,471558675,1164290282,50.330999999999996,30.0,residential,1,0
3743,471558810,336099013,96.92699999999999,60.0,secondary,1,1
3744,471558814,471559018,65.317,30.0,residential,1,0
3745,471558814,471558810,45.945,50.0,residential,1,1
3746,471558911,471558912,48.237,30.0,residential,1,0
3747,471558911,471559018,48.871,30.0,residential,1,0
3748,471558911,471557852,119.832,30.0,residential,1,1
3749,471558912,471558911,48.237,30.0,residential,1,0
3750,471558912,471558915,44.736,30.0,residential,1,0
3751,471558915,471558924,119.415,30.0,residential,1,1
3752,471558915,1200567498,136.469,30.0,residential,1,0
3753,471558915,471558912,44.736,30.0,residential,1,0
3754,471558924,471562493,45.59,30.0,residential,1,0
3755,471558924,471557022,45.514,30.0,residential,1,0
3756,471559018,471558911,48.871,30.0,residential,1,0
3757,471559018,471558814,65.317,30.0,residential,1,0
3758,471559832,471557239,294.98400000000004,30.0,residential,1,1
3759,471559832,1168434907,87.054,30.0,residential,1,0
3760,471560039,471562869,266.068,30.0,residential,1,1
3761,471560039,471562869,139.304,30.0,residential,1,1
3762,471560309,387490781,555.5060000000001,50.0,living_street,1,0
3763,471560309,10579564570,191.871,50.0,tertiary,1,1
3764,471560855,471563156,62.199,30.0,residential,1,1
3765,471561157,381512024,140.858,30.0,residential,1,1
3766,471561157,471561160,244.043,30.0,residential,1,1
3767,471561160,381511986,63.085,30.0,residential,1,0
3768,471561160,381511957,267.13599999999997,30.0,residential,1,1
3769,471561195,471562980,181.93299999999996,30.0,residential,1,0
3770,471561552,6579560130,65.815,30.0,residential,1,1
3771,471561561,6579560133,219.89999999999998,30.0,residential,1,0
3772,471561561,471561807,67.717,30.0,residential,1,1
3773,471561807,463257215,44.076,30.0,residential,1,0
3774,471561807,463257217,77.25,30.0,residential,1,1
3775,471562493,471557662,16.328,30.0,residential,1,0
3776,471562493,471558924,45.59,30.0,residential,1,0
3777,471562493,471558912,122.888,30.0,residential,1,1
3778,471562869,387490782,42.539,30.0,residential,1,1
3779,471562980,471561157,126.90299999999999,30.0,residential,1,1
3780,471562980,471561195,181.93300000000002,30.0,residential,1,0
3781,471563156,381511940,54.698,30.0,residential,1,1
3782,471563251,479369605,69.747,30.0,residential,1,0
3783,471563251,471563156,135.232,30.0,residential,1,1
3784,471563251,471560855,172.52999999999997,30.0,residential,1,1
3785,471564025,471564028,34.526,30.0,residential,1,0
3786,471564028,471564030,40.43,30.0,residential,1,0
3787,471564028,471564025,34.526,30.0,residential,1,0
3788,471564028,471564086,42.529,30.0,residential,1,0
3789,471564030,471564028,40.43,30.0,residential,1,0
3790,471564051,471564056,42.386,30.0,residential,1,0
3791,471564056,471564086,35.09,30.0,residential,1,0
3792,471564056,471564095,68.109,30.0,residential,1,0
3793,471564056,471564051,42.386,30.0,residential,1,0
3794,471564086,471564028,42.529,30.0,residential,1,0
3795,471564086,471564056,35.09,30.0,residential,1,0
3796,471564086,471564095,45.019999999999996,30.0,residential,1,0
3797,471564095,418850572,69.982,30.0,residential,1,0
3798,471564095,471564056,68.109,30.0,residential,1,0
3799,471564095,471564086,45.019999999999996,30.0,residential,1,0
3800,472591106,1199372997,44.238,30.0,tertiary,1,0
3801,472591106,1931844453,138.37,50.0,tertiary,2,0
3802,472591106,318758601,201.69899999999998,50.0,tertiary,2,0
3803,472591117,472591118,59.269,30.0,residential,1,1
3804,472591117,2515962043,60.065,50.0,tertiary,1,0
3805,472591117,1931848046,33.646,50.0,tertiary,1,0
3806,472591118,514536537,52.003,30.0,residential,1,1
3807,472591118,13123372782,21.144,50.0,residential,1,0
3808,472591126,1931844422,42.313,30.0,tertiary,1,0
3809,472591126,1931844396,24.882,30.0,tertiary,1,0
3810,472591128,1931844469,43.779,30.0,tertiary,1,1
3811,472591128,7067508722,45.857,50.0,tertiary_link,1,1
3812,472591134,1931844394,61.905,30.0,residential,1,0
3813,472591134,514541475,163.08200000000002,30.0,residential,1,0
3814,472591136,978369656,45.945,50.0,residential,1,1
3815,472591136,978389307,84.091,50.0,residential,1,0
3816,472591143,472591146,33.164,50.0,residential,1,0
3817,472591143,1199373039,118.477,50.0,residential,1,0
3818,472591146,3668921343,6.808,50.0,residential,1,0
3819,472591146,472591143,33.164,50.0,residential,1,0
3820,472591146,2558916051,64.185,50.0,residential,1,1
3821,472591152,365766257,201.035,30.0,residential,1,1
3822,472591152,580743786,39.21,50.0,residential,1,1
3823,472591153,472591152,60.135000000000005,50.0,residential,1,1
3824,472591153,357531232,99.211,50.0,residential,2,0
3825,472591158,1199372997,67.254,30.0,tertiary,1,0
3826,472591158,8569097451,19.473,50.0,residential,1,1
3827,472591174,365766143,64.77,50.0,residential,1,0
3828,472591207,318759301,15.05,50.0,tertiary,1,1
3829,472591207,2365358069,37.344,50.0,tertiary,2,1
3830,476355557,354040266,18.328,30.0,residential,1,0
3831,476355557,3655260385,24.648,70.0,tertiary,3,1
3832,476355557,3655260399,22.336,50.0,residential,1,0
3833,476359630,338523544,61.605,30.0,residential,1,1
3834,476359630,338523441,56.344,30.0,residential,1,0
3835,476360595,338523681,93.623,30.0,residential,1,1
3836,476360595,29944880,157.107,50.0,secondary,1,1
3837,476362229,343324262,152.026,30.0,residential,1,0
3838,476362229,342359327,159.63400000000001,30.0,residential,1,0
3839,476362229,6277973442,45.263,50.0,residential,1,0
3840,476363631,343327555,108.217,30.0,residential,1,0
3841,476363631,5913155762,98.558,30.0,residential,1,1
3842,476363631,6060497173,81.229,30.0,residential,1,0
3843,476367059,331408674,61.243,30.0,residential,1,1
3844,476367554,332203930,19.079,50.0,tertiary,1,1
3845,476367554,340007281,23.402,50.0,residential,1,1
3846,476368384,288134274,132.933,50.0,tertiary,1,0
3847,476368384,339420952,64.594,50.0,tertiary,1,0
3848,476368635,285953228,72.285,30.0,residential,1,1
3849,476368635,285953225,350.536,30.0,residential,1,1
3850,476369184,287237779,16.19,50.0,tertiary,1,0
3851,476369184,331421759,71.721,30.0,residential,1,0
3852,476369184,1122085761,152.479,50.0,tertiary,1,0
3853,476371657,343444088,135.211,50.0,residential,1,0
3854,476371657,343444123,53.111000000000004,50.0,residential,1,0
3855,476371657,291705706,44.713,50.0,residential,1,0
3856,476376316,476376664,47.146,50.0,residential,1,1
3857,476376316,384604872,136.307,50.0,residential,1,1
3858,476376664,384604491,99.6,50.0,residential,1,1
3859,476376664,34132755,53.314,50.0,residential,1,1
3860,476379062,476379129,78.197,50.0,residential,1,1
3861,476379062,384661655,37.708999999999996,30.0,residential,1,1
3862,476379129,496175245,65.168,50.0,residential,1,1
3863,476387543,549237564,83.741,50.0,secondary,2,1
3864,476387543,315468518,102.97800000000001,50.0,residential,1,1
3865,476389032,282458093,96.133,50.0,residential,1,1
3866,476389032,13512500267,65.7,50.0,residential,1,1
3867,476389622,384649099,55.479,50.0,residential,2,1
3868,476389622,334739043,132.975,50.0,residential,1,1
3869,479356252,3985733417,36.266999999999996,50.0,secondary_link,1,1
3870,479356252,2769656028,121.59299999999999,60.0,secondary,2,1
3871,479359242,479361476,66.029,30.0,residential,1,0
3872,479359242,3260728096,143.962,30.0,residential,1,0
3873,479359242,471556489,239.886,30.0,residential,1,0
3874,479359525,271878245,166.278,50.0,tertiary,1,1
3875,479359525,1107315943,13.144000000000002,50.0,residential,1,1
3876,479359525,471556489,94.07400000000001,30.0,living_street,1,0
3877,479360024,3260728096,15.726,30.0,tertiary,1,0
3878,479360024,471556585,94.121,30.0,residential,1,0
3879,479360024,416627757,70.63499999999999,30.0,tertiary,1,0
3880,479360570,3260728096,54.843,30.0,tertiary,1,0
3881,479360570,1164618519,77.784,30.0,tertiary,1,0
3882,479360570,479360855,118.962,30.0,residential,1,0
3883,479360855,479360570,118.962,30.0,residential,1,0
3884,479361476,479359242,66.029,30.0,residential,1,0
3885,479361476,479361695,229.808,30.0,residential,1,0
3886,479361476,1164615700,84.617,30.0,residential,1,0
3887,479361695,479361476,229.808,30.0,residential,1,0
3888,479361695,471556489,85.73299999999999,30.0,residential,1,0
3889,479361695,479362204,102.99199999999999,30.0,residential,1,0
3890,479362204,479362779,38.129,50.0,living_street,1,0
3891,479362204,479361695,102.99200000000002,30.0,residential,1,0
3892,479362204,4203241203,100.09700000000001,30.0,residential,1,0
3893,479362779,479362204,38.129,50.0,living_street,1,0
3894,479362779,1164618527,68.035,50.0,living_street,1,1
3895,479364099,4203241203,117.39,30.0,residential,1,0
3896,479369605,463173566,117.189,30.0,residential,1,0
3897,479369605,471563251,69.747,30.0,residential,1,0
3898,479369605,1170510750,74.45400000000001,30.0,residential,1,0
3899,479373408,424183413,65.354,30.0,residential,1,0
3900,496175198,7768335018,65.423,30.0,residential,1,1
3901,496175198,1897895749,57.608999999999995,50.0,residential,1,1
3902,496175245,384741725,46.811,50.0,residential,1,1
3903,496175245,3992803564,72.473,50.0,residential,1,1
3904,496175385,384730662,95.79,50.0,residential,1,1
3905,496175385,496175387,29.124,50.0,residential,1,1
3906,496175387,384675853,55.091,50.0,residential,1,1
3907,496175387,1083453617,35.989,50.0,residential,1,1
3908,496175461,2108063323,50.565,30.0,residential,1,1
3909,496175461,412530195,43.682,50.0,residential,1,1
3910,496175946,412531901,43.121,50.0,residential,1,1
3911,496175946,412524677,32.836,50.0,residential,1,1
3912,496176171,286754329,93.76599999999999,30.0,tertiary,1,1
3913,496176172,496176171,43.367,30.0,residential,1,1
3914,496176172,366651303,87.395,50.0,residential,1,1
3915,496176174,366652380,95.90899999999999,50.0,residential,1,1
3916,496176174,1628430687,38.262,30.0,residential,1,1
3917,496176177,496176174,41.431,30.0,residential,1,1
3918,496176177,412522566,57.675000000000004,50.0,residential,1,1
3919,496176315,357536485,27.487000000000002,50.0,residential,1,1
3920,496176315,496176455,280.51400000000007,50.0,residential,1,1
3921,496176455,286542525,62.15,50.0,tertiary,2,1
3922,496177000,1688171015,89.974,30.0,residential,1,1
3923,496177000,1936278336,20.413,30.0,residential,1,0
3924,496177409,1695278975,121.965,30.0,residential,1,1
3925,496177409,1695278944,104.56700000000001,30.0,residential,1,1
3926,496179965,410114835,161.034,30.0,residential,1,1
3927,496179965,342293381,84.765,50.0,tertiary,1,1
3928,496179967,496179965,57.966,50.0,tertiary,1,1
3929,496179967,4033905181,187.161,30.0,"['residential', 'living_street']",1,1
3930,496180557,1696551882,77.881,30.0,tertiary,1,0
3931,496180557,342334554,54.161,30.0,tertiary,1,0
3932,496180557,342330805,77.414,30.0,residential,1,0
3933,496187635,417773824,14.845,30.0,tertiary,1,1
3934,496187635,415442594,94.485,60.0,secondary,2,1
3935,496187785,961868586,40.773,50.0,primary,1,1
3936,496187785,961868586,126.14499999999997,50.0,residential,1,1
3937,496187785,346202827,20.691,50.0,tertiary,1,1
3938,513062972,3666392311,34.516,50.0,unclassified,1,1
3939,514350359,2108063278,101.435,30.0,residential,1,0
3940,514350359,580712059,96.81899999999999,50.0,tertiary,1,1
3941,514354787,357535535,126.678,50.0,residential,1,1
3942,514354787,580710939,13.786999999999999,50.0,residential,1,0
3943,514355655,357535535,215.881,30.0,residential,1,1
3944,514355655,540427864,63.152,50.0,tertiary,2,1
3945,514356775,4170418930,43.199999999999996,50.0,residential,1,0
3946,514357167,5958934395,129.943,30.0,residential,1,0
3947,514357167,4170418936,25.241,50.0,tertiary,1,1
3948,514532018,2515962046,18.85,30.0,tertiary,1,1
3949,514532018,9258097269,44.216,50.0,tertiary,1,1
3950,514532018,8560706148,92.062,50.0,tertiary,3,0
3951,514536537,6760419102,16.275,30.0,residential,1,0
3952,514536537,472591126,72.628,30.0,residential,1,1
3953,514541475,472591128,25.913,30.0,tertiary,1,1
3954,514541475,472591134,163.08200000000002,30.0,residential,1,0
3955,515877139,1575611570,37.351,50.0,secondary,2,1
3956,515877139,1575611075,21.532,50.0,secondary,2,1
3957,515877404,515877406,15.17,70.0,secondary,3,1
3958,515877404,2216964345,376.056,50.0,secondary,4,1
3959,515877406,1575611492,47.829,50.0,secondary,3,1
3960,515877406,1575611440,38.708999999999996,50.0,tertiary,1,1
3961,515880752,318868147,14.22,50.0,secondary,1,1
3962,515880752,1458980339,51.825,50.0,tertiary,2,1
3963,518158005,404498390,19.334,30.0,residential,1,0
3964,518158014,342350935,86.20700000000001,30.0,residential,1,0
3965,518158014,444739983,163.78900000000002,50.0,tertiary,2,1
3966,518158039,139693,14.108,50.0,tertiary,1,1
3967,518158039,518158014,141.28,50.0,tertiary,2,1
3968,518158039,387519294,158.202,50.0,tertiary,1,0
3969,521584034,521584069,69.157,30.0,residential,1,0
3970,521584034,522487505,125.83200000000001,30.0,residential,1,0
3971,521584034,521584112,135.346,30.0,residential,1,0
3972,521584041,287081614,17.908,50.0,residential,1,0
3973,521584041,591845872,443.553,50.0,secondary,2,1
3974,521584057,522487351,68.028,30.0,residential,1,0
3975,521584057,522487220,211.483,30.0,residential,1,0
3976,521584069,522487252,63.977,30.0,residential,1,0
3977,521584069,521584034,69.157,30.0,residential,1,0
3978,521584069,521584112,66.278,30.0,residential,1,0
3979,521584069,521584079,238.248,30.0,residential,1,1
3980,521584079,521584057,69.391,30.0,residential,1,1
3981,521584112,599932420,13.258,30.0,residential,1,0
3982,521584112,521584069,66.278,30.0,residential,1,0
3983,521584112,521584034,135.346,30.0,residential,1,0
3984,521990778,6472964370,193.63299999999998,50.0,residential,1,0
3985,522487220,521584057,211.483,30.0,residential,1,0
3986,522487220,522487252,13.913,50.0,residential,1,1
3987,522487252,521584069,63.977,30.0,residential,1,0
3988,522487252,6538159016,18.002,50.0,residential,1,1
3989,522487275,534919513,67.526,30.0,residential,1,0
3990,522487275,522487220,13.797999999999998,50.0,residential,1,1
3991,522487351,525789092,111.591,30.0,residential,1,0
3992,522487351,521584057,68.028,30.0,residential,1,0
3993,522487351,525789268,74.999,30.0,residential,1,0
3994,522487351,414720771,238.674,30.0,residential,1,0
3995,522487354,525789092,67.816,30.0,residential,1,0
3996,522487354,1141153335,62.722,30.0,residential,1,0
3997,522487354,522487437,128.695,30.0,residential,1,0
3998,522487354,522487356,51.408,30.0,residential,1,0
3999,522487356,522487354,51.408,30.0,residential,1,0
4000,522487383,522487356,130.277,30.0,residential,1,1
4001,522487383,522487437,84.095,30.0,residential,1,0
4002,522487416,525794235,63.962,30.0,residential,1,0
4003,522487416,525794082,226.40599999999998,30.0,residential,1,1
4004,522487437,522487354,128.695,30.0,residential,1,0
4005,522487437,525794235,103.674,30.0,residential,1,0
4006,522487437,525789247,69.44,30.0,residential,1,0
4007,522487437,522487383,84.095,30.0,residential,1,0
4008,522487451,525789268,42.457,30.0,residential,1,0
4009,522487451,11513717736,34.15,30.0,residential,1,0
4010,522487451,525789247,130.903,30.0,residential,1,0
4011,522487505,521584034,125.83200000000001,30.0,residential,1,0
4012,522487505,521584079,187.204,30.0,residential,1,1
4013,525789092,522487354,67.816,30.0,residential,1,0
4014,525789092,522487351,111.591,30.0,residential,1,0
4015,525789092,525789244,73.734,30.0,residential,1,0
4016,525789244,525789247,44.741,30.0,residential,1,0
4017,525789244,525789092,73.734,30.0,residential,1,0
4018,525789244,525789268,123.932,30.0,residential,1,0
4019,525789247,522487437,69.44,30.0,residential,1,0
4020,525789247,525794237,97.932,30.0,residential,1,0
4021,525789247,525789244,44.741,30.0,residential,1,0
4022,525789247,522487451,130.90300000000002,30.0,residential,1,0
4023,525789268,522487351,74.999,30.0,residential,1,0
4024,525789268,522487451,42.457,30.0,residential,1,0
4025,525789268,525789244,123.93199999999999,30.0,residential,1,0
4026,525794082,522487383,126.655,30.0,residential,1,1
4027,525794082,525794235,128.358,30.0,residential,1,0
4028,525794235,522487437,103.674,30.0,residential,1,0
4029,525794235,522487416,63.962,30.0,residential,1,0
4030,525794235,525794237,71.989,30.0,residential,1,0
4031,525794235,525794082,128.358,30.0,residential,1,0
4032,525794237,525789247,97.932,30.0,residential,1,0
4033,525794237,525794235,71.989,30.0,residential,1,0
4034,525794237,534919513,113.421,30.0,residential,1,0
4035,530185824,2473987501,191.12699999999998,50.0,tertiary,1,1
4036,530185824,270490795,18.965,50.0,tertiary,1,0
4037,530185824,352934365,67.77199999999999,50.0,tertiary,2,0
4038,530185827,288134139,11.009,50.0,tertiary,1,0
4039,530185827,4000823193,20.973,50.0,residential,1,0
4040,530185827,530185828,105.064,50.0,secondary,3,1
4041,530185828,1329372,12.343,50.0,tertiary,1,0
4042,530185828,8476549335,123.41999999999999,50.0,secondary,3,1
4043,530185828,3601426656,94.095,50.0,residential,1,0
4044,530714283,1698388014,15.051,50.0,residential,1,1
4045,530714287,531365015,12.326999999999998,50.0,residential,1,1
4046,530714287,3606106810,31.648,50.0,residential,1,1
4047,530714339,2692325665,30.822,50.0,tertiary,2,1
4048,530717403,1688171043,95.858,50.0,tertiary,3,1
4049,530842257,530842268,15.662,30.0,tertiary,1,1
4050,530842257,1156944947,431.297,70.0,secondary,1,1
4051,530842268,3147530475,20.59,30.0,tertiary,1,1
4052,530842268,3147530474,12.881,70.0,secondary,1,1
4053,531365015,847958597,9.645,50.0,residential,1,1
4054,531952045,536542767,106.623,30.0,residential,1,1
4055,531952045,33388443,15.881,50.0,tertiary,1,1
4056,531970624,335851740,63.115,30.0,residential,1,0
4057,531970751,925632919,74.024,30.0,residential,1,0
4058,531970751,531970762,61.038,30.0,residential,1,0
4059,531970751,598696471,82.43,30.0,residential,1,0
4060,531970751,565445702,139.894,30.0,residential,1,0
4061,531970762,531970624,173.385,30.0,residential,1,1
4062,531970762,531970751,61.038,30.0,residential,1,0
4063,534365168,1566055318,41.017,30.0,tertiary,1,0
4064,534365168,1562944425,131.514,30.0,tertiary,1,0
4065,534365172,1566055318,14.168,30.0,tertiary,1,0
4066,534365172,1566056116,42.219,30.0,tertiary,1,0
4067,534365172,1562944459,287.953,30.0,residential,1,1
4068,534365190,549258646,19.601,30.0,tertiary,1,0
4069,534365190,8476326813,35.126000000000005,30.0,tertiary,1,1
4070,534365212,5346499550,176.39,50.0,primary,2,1
4071,534365212,563980862,83.662,30.0,residential,1,1
4072,534365214,346149510,8.77,50.0,residential,1,0
4073,534365214,5346499553,23.459,50.0,residential,1,0
4074,534365214,534409544,181.567,50.0,primary,2,1
4075,534365215,10577103074,10.891,50.0,primary,2,1
4076,534365215,534376075,27.046,50.0,tertiary,1,1
4077,534376059,563957231,93.851,30.0,residential,1,0
4078,534376059,563964181,83.195,30.0,residential,1,1
4079,534376059,4071359743,372.7779999999999,30.0,"['residential', 'living_street']",1,0
4080,534376062,3219537045,11.998,30.0,residential,1,0
4081,534376062,1288184320,31.648,30.0,residential,1,0
4082,534376063,563970801,85.247,30.0,residential,1,0
4083,534376063,1227191,30.18,50.0,primary,2,1
4084,534376075,3230599298,24.62,50.0,tertiary,1,1
4085,534408668,563982976,92.923,50.0,residential,1,0
4086,534408668,534409259,109.644,50.0,primary,2,1
4087,534409259,9759325538,111.20499999999998,50.0,residential,1,0
4088,534409259,5853901000,273.799,50.0,primary,2,1
4089,534409260,345413509,14.964,30.0,residential,2,1
4090,534409260,2129877241,152.069,50.0,primary,2,1
4091,534409264,2131481193,12.301,50.0,secondary,3,1
4092,534409544,534365215,10.209,50.0,tertiary,1,1
4093,534409544,534408668,39.589,50.0,primary,2,1
4094,534919513,522487275,67.526,30.0,residential,1,0
4095,534919513,6538159018,66.836,30.0,residential,1,1
4096,534919513,525794237,113.421,30.0,residential,1,0
4097,536542757,340121937,14.161000000000001,30.0,residential,1,1
4098,536542767,536542757,408.55600000000004,30.0,residential,1,1
4099,536734011,536734013,14.833,50.0,residential,2,1
4100,536734011,530717403,20.503999999999998,50.0,tertiary_link,1,1
4101,536734013,530717403,11.889,50.0,tertiary,3,1
4102,536734013,1936278342,12.305,50.0,residential,2,1
4103,539617401,4023817515,50.524,30.0,residential,1,1
4104,539619086,384677576,36.465,30.0,residential,1,1
4105,539619086,539627326,49.639,30.0,residential,1,1
4106,539625937,539628947,36.953,30.0,residential,1,1
4107,539625937,539626016,50.487,30.0,residential,1,0
4108,539625980,539625937,52.775,30.0,residential,1,1
4109,539625980,539628952,36.796,30.0,residential,1,1
4110,539626016,384683898,34.988,30.0,residential,1,1
4111,539626016,539625937,50.487,30.0,residential,1,0
4112,539627326,539628955,38.162,30.0,residential,1,1
4113,539628367,539626016,37.274,30.0,residential,1,1
4114,539628367,539628947,50.471,30.0,residential,1,1
4115,539628947,539617401,35.502,30.0,residential,1,1
4116,539628947,539628952,52.824,30.0,residential,1,1
4117,539628952,539628955,48.197,30.0,residential,1,1
4118,539628952,539619086,35.4,30.0,residential,1,1
4119,539628955,440060013,8.443,30.0,residential,1,1
4120,539632333,549231325,52.722,30.0,residential,1,1
4121,539632333,440060003,37.343,30.0,residential,1,1
4122,539632333,539625980,34.704,30.0,residential,1,1
4123,539636482,440060012,24.774,30.0,residential,1,1
4124,539636482,539656397,20.212,30.0,residential,1,1
4125,539641899,5959043985,42.943,50.0,residential,1,1
4126,539641899,539642223,79.252,30.0,residential,1,1
4127,539642223,539627326,18.674,30.0,residential,1,1
4128,539642223,539655506,50.326,30.0,residential,1,0
4129,539654214,539655506,62.926,30.0,residential,1,0
4130,539654214,440060016,35.747,30.0,residential,1,1
4131,539655506,539642223,50.326,30.0,residential,1,0
4132,539655506,440060036,36.406,30.0,residential,1,0
4133,539655506,549233531,44.465,30.0,residential,1,0
4134,539655506,539654214,62.926,30.0,residential,1,0
4135,539655513,440059966,33.62,50.0,residential,1,1
4136,539655513,549233531,26.263,30.0,residential,1,0
4137,540418391,1574692809,16.996,50.0,residential,2,1
4138,540418391,282458259,252.25099999999998,50.0,residential,1,1
4139,540418426,1574582521,34.511,50.0,residential,2,1
4140,540418426,1574582502,30.778,50.0,tertiary_link,1,1
4141,540419838,1574692741,67.25,50.0,tertiary,2,1
4142,540419838,540419840,35.424,50.0,residential,1,1
4143,540419840,366654065,126.889,30.0,residential,1,1
4144,540419840,2294948482,15.508,50.0,residential,1,1
4145,540419855,1628430720,120.437,50.0,residential,1,1
4146,540419855,799417137,39.114,50.0,residential,1,1
4147,540419958,286643465,53.288,50.0,residential,1,1
4148,540419958,2294948482,102.07400000000001,50.0,residential,1,1
4149,540420234,540420291,107.861,50.0,residential,1,1
4150,540420234,406399586,47.296,50.0,residential,1,1
4151,540420291,286643475,50.059,50.0,residential,1,1
4152,540420291,366653067,87.946,50.0,residential,1,1
4153,540420824,366651349,89.62599999999999,50.0,residential,1,1
4154,540420824,496176315,28.865000000000002,50.0,residential,1,1
4155,540421284,1628430713,52.091,50.0,residential,1,0
4156,540421284,12114425942,56.142,50.0,residential,1,1
4157,540421320,366652262,40.294999999999995,50.0,residential,1,1
4158,540421320,540421284,40.917,50.0,residential,1,1
4159,540421708,1574692729,63.569,50.0,tertiary,1,1
4160,540421708,1571763695,161.817,50.0,residential,1,1
4161,540422648,549268886,100.514,50.0,tertiary,1,0
4162,540422648,1571655983,8.465,50.0,tertiary,1,0
4163,540422648,1571656170,63.318999999999996,50.0,tertiary,1,1
4164,540425637,540425639,49.761,30.0,residential,1,0
4165,540425637,1566056124,13.709,30.0,residential,1,0
4166,540425637,3726520764,57.139,30.0,residential,1,0
4167,540425639,540425637,49.761,30.0,residential,1,0
4168,540425639,540425816,25.08,30.0,residential,1,0
4169,540425639,12509865170,11.997,30.0,residential,1,0
4170,540425816,1566056541,21.298,30.0,residential,1,0
4171,540425816,540425639,25.08,30.0,residential,1,0
4172,540425816,540425846,37.246,30.0,residential,1,0
4173,540425846,3726520780,35.283,30.0,residential,1,0
4174,540425846,540425816,37.246,30.0,residential,1,0
4175,540425846,549258316,77.14,30.0,residential,1,0
4176,540425904,12509865185,5.566,30.0,residential,1,0
4177,540425904,549257375,51.911,30.0,residential,1,0
4178,540425904,549257035,60.272000000000006,30.0,residential,1,0
4179,540426351,540426698,59.433,50.0,residential,1,0
4180,540426351,540431071,128.121,50.0,tertiary,1,1
4181,540426372,540426698,69.136,50.0,residential,1,0
4182,540426372,13326884553,32.057,50.0,residential,1,0
4183,540426372,799418395,120.503,50.0,residential,1,1
4184,540426692,540426698,105.239,50.0,residential,1,1
4185,540426698,540426351,59.433,50.0,residential,1,0
4186,540426698,540426372,69.136,50.0,residential,1,0
4187,540427220,3725505594,14.414,50.0,tertiary,3,1
4188,540427220,799418395,58.547,50.0,residential,1,1
4189,540427737,540431102,29.053,50.0,residential,1,1
4190,540427737,286542525,78.904,50.0,tertiary,2,1
4191,540427864,799419132,74.853,50.0,residential,2,0
4192,540427864,540429906,52.97,50.0,tertiary,2,1
4193,540429906,540431354,60.58,50.0,tertiary,2,1
4194,540429906,540427864,357.785,30.0,residential,1,1
4195,540430472,286542526,114.949,50.0,residential,1,0
4196,540430472,540430951,167.452,50.0,residential,1,1
4197,540430951,799419132,72.224,50.0,residential,2,0
4198,540430951,4714893624,67.573,50.0,residential,2,0
4199,540430951,540430952,137.565,50.0,residential,1,1
4200,540430952,540431406,74.973,30.0,residential,1,1
4201,540430952,540431071,91.11,50.0,residential,1,1
4202,540431071,12361652381,18.482,50.0,tertiary,1,1
4203,540431102,540431353,99.776,50.0,residential,1,1
4204,540431102,12361652381,125.91900000000001,50.0,residential,1,1
4205,540431326,11059415043,11.169,50.0,secondary,3,1
4206,540431326,1953545008,18.297,50.0,residential,1,1
4207,540431353,540430952,100.606,30.0,residential,1,1
4208,540431353,799419132,122.572,50.0,residential,1,1
4209,540431354,540431353,73.002,30.0,residential,1,1
4210,540431354,496176455,59.297,50.0,tertiary,2,1
4211,540431406,11059415041,81.195,30.0,residential,1,1
4212,540431795,4714893624,250.892,50.0,residential,1,1
4213,540431795,4715570339,37.925,50.0,secondary,2,1
4214,540432924,2216970909,118.54499999999999,50.0,tertiary,1,0
4215,540432924,1143770888,109.33800000000001,50.0,tertiary,1,0
4216,540432924,540432944,126.99799999999999,50.0,residential,1,1
4217,540432944,540433635,234.267,50.0,residential,1,0
4218,540432944,2216970909,204.41700000000003,50.0,residential,1,1
4219,540433176,540433472,103.777,50.0,residential,1,0
4220,540433176,2216964347,11.364,50.0,residential,1,0
4221,540433176,11018837124,175.694,50.0,tertiary,2,1
4222,540433472,6035020759,26.435,50.0,residential,1,0
4223,540433472,540433176,103.777,50.0,residential,1,0
4224,540433472,6035020757,18.421999999999997,50.0,residential,1,0
4225,540433473,2515962041,9.171,50.0,residential,1,0
4226,540433473,540435510,51.84,50.0,residential,2,1
4227,540433475,799420454,20.818,50.0,residential,2,1
4228,540433475,8717879036,76.56,50.0,secondary,4,1
4229,540433477,540436506,53.416,50.0,residential,1,0
4230,540433477,4637004586,186.667,50.0,residential,1,0
4231,540433477,1931841483,122.762,50.0,residential,1,0
4232,540433635,1953545032,85.592,50.0,residential,1,0
4233,540433635,540434265,69.133,50.0,residential,1,0
4234,540433635,540432944,234.26700000000002,50.0,residential,1,0
4235,540434265,540434379,61.657,50.0,residential,1,0
4236,540434265,540433635,69.133,50.0,residential,1,0
4237,540434378,540434265,129.922,50.0,residential,1,1
4238,540434378,1645591870,54.954,50.0,secondary,3,1
4239,540434379,540434265,61.657,50.0,residential,1,0
4240,540434379,540434571,60.389,50.0,residential,1,0
4241,540434379,2460915968,151.673,50.0,residential,1,0
4242,540434379,540434433,135.298,50.0,residential,1,1
4243,540434433,540434378,54.417,50.0,secondary,3,1
4244,540434571,540434379,60.389,50.0,residential,1,0
4245,540434571,2515962041,56.143,50.0,residential,1,0
4246,540434571,540434578,143.423,50.0,residential,1,0
4247,540434578,540434433,58.97,50.0,secondary,2,1
4248,540434578,540434571,143.423,50.0,residential,1,0
4249,540435293,540433473,90.21,50.0,residential,2,1
4250,540435293,540435503,193.872,50.0,residential,1,0
4251,540435503,540435510,99.632,50.0,residential,1,0
4252,540435503,540435293,193.872,50.0,residential,1,0
4253,540435503,2618788151,91.881,50.0,residential,1,0
4254,540435510,6035020759,141.307,50.0,residential,1,0
4255,540435510,540435503,99.632,50.0,residential,1,0
4256,540435510,2515962041,51.763999999999996,50.0,residential,2,1
4257,540436506,540433477,53.416,50.0,residential,1,0
4258,540436506,540436509,152.383,50.0,residential,1,0
4259,540436506,540436609,75.439,50.0,residential,1,0
4260,540436509,540436506,152.383,50.0,residential,1,0
4261,540436609,540436506,75.439,50.0,residential,1,0
4262,540436609,472591207,54.827,50.0,tertiary,3,1
4263,540436945,1931848034,22.041,50.0,tertiary,1,0
4264,540436945,2264252017,53.366,50.0,tertiary,1,0
4265,540436945,540437005,196.25699999999998,50.0,residential,1,0
4266,540437005,1931848034,60.47,50.0,tertiary,1,0
4267,540437005,1931848046,15.658,50.0,tertiary,1,0
4268,540437005,540436945,196.25699999999998,50.0,residential,1,0
4269,540437491,540437774,39.666000000000004,30.0,residential,1,1
4270,540437491,2266143462,32.981,50.0,tertiary,1,1
4271,540437723,540438324,37.031,30.0,residential,1,1
4272,540437723,540437491,153.82000000000002,50.0,tertiary,1,1
4273,540437762,2266143438,61.161,50.0,tertiary,1,1
4274,540437774,540438324,147.791,50.0,residential,1,1
4275,540437774,11042689312,170.50500000000002,50.0,residential,1,1
4276,540438324,540438325,112.576,50.0,residential,1,1
4277,540438325,540438326,109.365,50.0,residential,1,1
4278,540438325,540438324,184.337,50.0,residential,1,1
4279,540438325,540437762,49.144000000000005,50.0,residential,1,1
4280,540438326,540438328,49.339,50.0,residential,1,1
4281,540438326,6362689601,140.82600000000002,50.0,tertiary,1,1
4282,540438328,540440714,13.434,50.0,tertiary,1,1
4283,540438827,540437723,24.707,50.0,tertiary,1,1
4284,540439020,318759300,114.08699999999999,50.0,tertiary,1,1
4285,540439101,540439278,81.5,50.0,residential,1,1
4286,540439101,2216988420,30.965,50.0,residential,1,0
4287,540439101,2266143464,279.721,50.0,residential,1,0
4288,540439278,1931837075,35.223,50.0,residential,1,1
4289,540439278,3611328584,25.852999999999998,50.0,residential,1,0
4290,540439471,540439896,64.97,50.0,residential,1,0
4291,540439471,1931837019,103.124,50.0,residential,1,0
4292,540439471,2266143441,145.202,50.0,residential,1,0
4293,540439896,540439906,15.225,50.0,residential,1,0
4294,540439896,540439471,64.97,50.0,residential,1,0
4295,540439896,2216120256,135.90900000000002,50.0,residential,1,0
4296,540439906,2216956978,99.517,50.0,residential,1,0
4297,540439906,540439896,15.225,50.0,residential,1,0
4298,540439906,540440017,167.463,50.0,residential,1,0
4299,540440017,540439906,167.463,50.0,residential,1,0
4300,540440017,2216956969,88.99600000000001,50.0,residential,1,1
4301,540440145,1931837019,47.457,50.0,residential,1,0
4302,540440145,8717879047,6.229,50.0,residential,1,1
4303,540440714,12982676305,68.995,50.0,tertiary,1,1
4304,540440714,540440775,25.875,50.0,residential,1,0
4305,540440775,540440776,66.537,50.0,residential,1,0
4306,540440775,540440714,25.875,50.0,residential,1,0
4307,540440775,1200005657,99.173,50.0,residential,1,0
4308,540440776,540440775,66.537,50.0,residential,1,0
4309,540440776,540440777,54.387,50.0,residential,1,0
4310,540440776,1200005652,82.19500000000001,50.0,residential,1,0
4311,540440776,6017594675,72.48,50.0,residential,1,0
4312,540440777,6017594673,112.432,50.0,residential,1,0
4313,540440777,540440776,54.387,50.0,residential,1,0
4314,540440777,1200005625,68.264,50.0,residential,1,0
4315,540440777,540441954,119.343,50.0,residential,1,0
4316,540441954,540440777,119.343,50.0,residential,1,0
4317,540442029,540442030,92.081,50.0,residential,1,0
4318,540442029,6017594673,168.243,50.0,residential,1,0
4319,540442029,540442056,68.958,50.0,residential,1,0
4320,540442029,540442055,62.304,50.0,residential,1,0
4321,540442030,540442029,92.081,50.0,residential,1,0
4322,540442030,540443883,91.56700000000001,50.0,tertiary,1,0
4323,540442030,540442088,59.36,50.0,tertiary,1,0
4324,540442055,540442029,62.304,50.0,residential,1,0
4325,540442055,540442088,86.05799999999999,50.0,residential,1,1
4326,540442056,540442029,68.958,50.0,residential,1,0
4327,540442056,6017594674,24.866999999999997,50.0,residential,1,0
4328,540442056,6017594673,102.93299999999999,50.0,residential,1,0
4329,540442088,540443011,124.912,50.0,tertiary,1,0
4330,540442088,540442030,59.36,50.0,tertiary,1,0
4331,540442126,13123372790,102.55000000000001,50.0,tertiary,2,1
4332,540442126,540443883,60.2,50.0,tertiary,1,0
4333,540442126,540443862,62.19799999999999,50.0,residential,2,0
4334,540442213,318182341,127.352,50.0,tertiary,2,1
4335,540442617,540442055,14.203,50.0,residential,1,1
4336,540442617,540442644,115.917,50.0,residential,1,0
4337,540442644,540442617,115.917,50.0,residential,1,0
4338,540442988,6017594666,265.18999999999994,50.0,tertiary,1,0
4339,540442988,540442994,45.071999999999996,50.0,tertiary,1,0
4340,540442988,540442992,124.875,50.0,residential,1,0
4341,540442992,540442988,124.875,50.0,residential,1,0
4342,540442994,540442988,45.071999999999996,50.0,tertiary,1,0
4343,540442994,540443011,46.321,50.0,tertiary,1,0
4344,540442994,9829309823,101.388,50.0,residential,1,0
4345,540443011,540442088,124.912,50.0,tertiary,1,0
4346,540443011,540442994,46.321,50.0,tertiary,1,0
4347,540443011,540443060,165.958,50.0,residential,1,0
4348,540443060,540443862,354.934,50.0,residential,1,0
4349,540443060,540443011,165.958,50.0,residential,1,0
4350,540443060,540443120,120.958,50.0,residential,1,0
4351,540443120,540443060,120.95800000000001,50.0,residential,1,0
4352,540443862,540443867,52.342,50.0,residential,1,0
4353,540443862,540443060,354.934,50.0,residential,1,0
4354,540443862,540442126,62.19800000000001,50.0,residential,2,0
4355,540443867,540443868,76.205,50.0,residential,1,0
4356,540443867,540443883,60.352,50.0,residential,1,0
4357,540443867,540443862,52.342,50.0,residential,1,0
4358,540443868,540443867,76.205,50.0,residential,1,0
4359,540443883,540443867,60.352,50.0,residential,1,0
4360,540443883,540442126,60.2,50.0,tertiary,1,0
4361,540443883,540442030,91.567,50.0,tertiary,1,0
4362,540444301,540444452,55.348,30.0,residential,1,0
4363,540444301,2216948207,11.84,30.0,residential,1,0
4364,540444301,2216948224,191.71499999999997,50.0,tertiary,2,1
4365,540444452,540444301,55.348,30.0,residential,1,0
4366,540444452,540444456,275.103,30.0,residential,1,0
4367,540444452,10921435231,104.196,30.0,residential,1,0
4368,540444456,540444452,275.103,30.0,residential,1,0
4369,540444456,10921435232,153.55599999999998,30.0,residential,1,0
4370,540444456,540445201,49.295,30.0,residential,1,0
4371,540444957,2931878941,8.992,30.0,residential,1,0
4372,540444957,924516720,105.828,30.0,residential,1,1
4373,540444957,540446999,11.51,30.0,residential,1,0
4374,540445201,540444456,49.295,30.0,residential,1,0
4375,540445201,924516714,124.08200000000002,30.0,residential,1,1
4376,540446433,540446456,117.909,30.0,residential,1,0
4377,540446456,540447008,184.485,30.0,residential,1,0
4378,540446456,540446433,117.909,30.0,residential,1,0
4379,540446456,540447393,652.1220000000001,30.0,residential,1,0
4380,540446473,540446767,10.003,30.0,residential,1,0
4381,540446767,540446473,10.003,30.0,residential,1,0
4382,540446767,540446999,151.366,30.0,residential,1,0
4383,540446767,540446871,127.27399999999999,30.0,residential,1,0
4384,540446871,540446767,127.274,30.0,residential,1,0
4385,540446909,2931878941,6.168,30.0,residential,1,0
4386,540446909,540447008,41.363,30.0,residential,1,0
4387,540446909,540446999,75.922,30.0,residential,1,0
4388,540446999,540446767,151.36599999999999,30.0,residential,1,0
4389,540446999,540444957,11.51,30.0,residential,1,0
4390,540446999,540446909,75.922,30.0,residential,1,0
4391,540447008,540446909,41.363,30.0,residential,1,0
4392,540447008,540446456,184.485,30.0,residential,1,0
4393,540447008,540447026,149.321,30.0,residential,1,0
4394,540447026,540447008,149.321,30.0,residential,1,0
4395,540447075,4060733735,10.301,50.0,residential,1,0
4396,540447075,540447221,78.622,30.0,residential,1,0
4397,540447075,318753800,336.648,50.0,tertiary,2,1
4398,540447221,540447075,78.622,30.0,residential,1,0
4399,540447221,540447393,30.418,30.0,residential,1,0
4400,540447221,540447377,175.356,30.0,residential,1,0
4401,540447377,540447221,175.35599999999997,30.0,residential,1,0
4402,540447393,540447221,30.418,30.0,residential,1,0
4403,540447393,540446456,652.1220000000001,30.0,residential,1,0
4404,540447393,540447431,89.963,30.0,residential,1,0
4405,540447431,540447432,46.258,30.0,residential,1,0
4406,540447431,540447393,89.963,30.0,residential,1,0
4407,540447431,540447433,59.562000000000005,30.0,residential,1,0
4408,540447432,540447431,46.258,30.0,residential,1,0
4409,540447433,540447431,59.562000000000005,30.0,residential,1,0
4410,540447885,6824876061,143.446,30.0,residential,1,0
4411,540447885,1575611314,121.872,30.0,residential,1,0
4412,540447885,6824876056,111.747,30.0,residential,1,0
4413,540448524,2216120240,114.556,50.0,tertiary,1,0
4414,540448524,13120785866,83.662,50.0,residential,1,0
4415,540448524,13120785894,32.97,50.0,tertiary,1,0
4416,540448524,1931848032,50.304,50.0,residential,1,0
4417,540448630,13120785866,114.935,50.0,residential,1,0
4418,540448630,540448708,75.80600000000001,30.0,residential,1,0
4419,540448630,6017732764,74.554,30.0,residential,1,0
4420,540448708,540448630,75.806,30.0,residential,1,0
4421,540448708,6362689601,104.512,50.0,tertiary,1,0
4422,540448708,365769873,141.863,50.0,tertiary,1,0
4423,540449079,388561082,60.503,50.0,residential,1,0
4424,540449079,318185913,100.1,50.0,residential,1,0
4425,540449079,2264252012,60.285,50.0,residential,1,0
4426,540449079,1474027244,38.034000000000006,50.0,residential,1,0
4427,540449627,8660335861,48.005,50.0,residential,1,0
4428,540449627,1931858785,47.635999999999996,50.0,residential,1,1
4429,540449627,549245580,80.941,50.0,residential,1,0
4430,540449817,6030392594,57.687,50.0,residential,1,1
4431,540449817,2004091136,62.202000000000005,50.0,residential,1,0
4432,540449818,1143763352,42.943,50.0,tertiary,2,0
4433,540449818,549246899,65.998,50.0,tertiary,2,0
4434,540449838,318752375,23.683,50.0,residential,1,0
4435,540449838,1342627954,352.229,50.0,residential,2,0
4436,540449838,540449840,37.492,50.0,residential,1,0
4437,540449840,1718632900,131.135,50.0,residential,1,0
4438,540449840,2264948150,92.25200000000001,50.0,residential,1,0
4439,540449840,540449838,37.492,50.0,residential,1,0
4440,540454491,540418391,87.73599999999999,50.0,residential,1,1
4441,540455192,540454491,207.456,50.0,residential,1,1
4442,540455192,1574692788,63.508,50.0,residential,1,1
4443,540455192,2469958092,251.202,50.0,residential,2,1
4444,549231325,384683898,51.332,30.0,residential,1,1
4445,549231325,539625937,34.929,30.0,residential,1,1
4446,549232384,549237512,25.382,50.0,residential,1,1
4447,549232384,549232724,99.567,50.0,residential,1,0
4448,549232724,549232384,99.567,50.0,residential,1,0
4449,549232724,440060015,31.829,50.0,residential,1,0
4450,549232724,937839291,76.795,50.0,residential,1,0
4451,549232875,549236095,43.383,50.0,residential,1,1
4452,549232875,549233143,63.751999999999995,30.0,residential,1,0
4453,549232986,549233143,36.403,30.0,residential,1,0
4454,549232986,549232724,36.863,30.0,residential,1,1
4455,549233143,549236700,39.211,30.0,residential,1,0
4456,549233143,549232986,36.403,30.0,residential,1,0
4457,549233143,549232875,63.751999999999995,30.0,residential,1,0
4458,549233516,549233531,36.978,50.0,living_street,1,0
4459,549233516,549237407,36.239,50.0,living_street,1,0
4460,549233516,440059964,26.036,30.0,residential,1,0
4461,549233516,440060036,43.857,30.0,residential,1,0
4462,549233531,539655513,26.263,30.0,residential,1,0
4463,549233531,539655506,44.465,30.0,residential,1,0
4464,549233531,549233546,32.027,50.0,living_street,1,0
4465,549233531,549233516,36.978,50.0,living_street,1,0
4466,549233546,549233531,32.027,50.0,living_street,1,0
4467,549236095,549239612,30.529,50.0,residential,1,1
4468,549236095,549236695,23.823,30.0,residential,1,0
4469,549236100,440059964,36.165,50.0,residential,1,1
4470,549236100,549237407,24.072,30.0,residential,1,0
4471,549236695,549237407,42.399,50.0,living_street,1,0
4472,549236695,549236700,42.679,30.0,residential,1,0
4473,549236695,549236095,23.823,30.0,residential,1,0
4474,549236700,549237409,44.37,30.0,residential,1,0
4475,549236700,549233143,39.211,30.0,residential,1,0
4476,549236700,549236695,42.679,30.0,residential,1,0
4477,549236700,549236716,67.024,30.0,residential,1,0
4478,549236716,549236700,67.024,30.0,residential,1,0
4479,549236716,440060015,73.749,30.0,residential,1,1
4480,549237407,549233516,36.239,50.0,living_street,1,0
4481,549237407,549236695,42.399,50.0,living_street,1,0
4482,549237407,549237409,43.713,30.0,residential,1,0
4483,549237407,549236100,24.072,30.0,residential,1,0
4484,549237409,440060036,36.459,30.0,residential,1,0
4485,549237409,549236700,44.37,30.0,residential,1,0
4486,549237409,549237407,43.713,30.0,residential,1,0
4487,549237409,549237413,65.906,30.0,residential,1,0
4488,549237413,549236716,46.877,30.0,residential,1,1
4489,549237413,549237409,65.906,30.0,residential,1,0
4490,549237512,549232875,14.997,50.0,residential,1,1
4491,549237512,549237564,121.221,50.0,residential,1,1
4492,549237564,549237566,93.976,50.0,residential,1,1
4493,549237564,549239503,88.552,50.0,secondary,2,1
4494,549237566,440062846,83.283,30.0,residential,1,1
4495,549239503,549239612,143.038,50.0,residential,1,1
4496,549239503,549241440,57.997,50.0,secondary,2,1
4497,549239612,549236100,10.824,50.0,residential,1,1
4498,549240225,440062871,61.56699999999999,30.0,residential,1,1
4499,549241440,315468519,154.488,50.0,residential,1,1
4500,549241440,440059970,57.042,50.0,secondary,2,1
4501,549241440,549240225,93.492,50.0,residential,1,1
4502,549243986,2105338171,26.667,50.0,residential,1,0
4503,549243986,6154187466,34.674,30.0,residential,1,0
4504,549244215,799424567,67.253,50.0,residential,1,1
4505,549244664,886143319,16.676,50.0,residential,1,0
4506,549244664,549244215,57.285,50.0,residential,1,1
4507,549244666,1931855310,66.322,50.0,residential,1,1
4508,549244666,549244705,97.44,50.0,residential,1,0
4509,549244666,549245459,150.768,50.0,residential,1,0
4510,549244705,549244666,97.44,50.0,residential,1,0
4511,549245459,1143763328,79.182,50.0,residential,1,1
4512,549245459,549244666,150.768,50.0,residential,1,0
4513,549245580,2004091135,68.446,50.0,residential,1,1
4514,549245580,2004091136,49.745,50.0,residential,1,0
4515,549245580,540449627,80.941,50.0,residential,1,0
4516,549245581,1143763352,55.232,50.0,tertiary,2,0
4517,549245581,318181239,99.35199999999999,50.0,tertiary,2,0
4518,549246899,2004091132,46.694,50.0,residential,1,1
4519,549246899,1143763244,71.576,50.0,residential,1,1
4520,549246899,1931855370,47.251,50.0,tertiary,2,0
4521,549246899,540449818,65.998,50.0,tertiary,2,0
4522,549246919,2004137831,37.103,50.0,residential,1,0
4523,549246919,549247167,59.539,50.0,residential,1,1
4524,549246934,1718632900,30.601999999999997,50.0,residential,1,1
4525,549247167,549244666,96.238,50.0,residential,1,1
4526,549247167,2004137827,42.681,50.0,residential,1,0
4527,549247954,1474030765,32.95,50.0,residential,1,0
4528,549247954,549247956,44.251,50.0,residential,1,0
4529,549247954,1931855352,34.309,50.0,living_street,1,0
4530,549247956,549247954,44.251,50.0,residential,1,0
4531,549247956,1143763266,96.85600000000001,50.0,residential,1,0
4532,549247956,2004137852,121.06299999999999,50.0,residential,1,0
4533,549248092,1143763266,42.385999999999996,50.0,residential,1,0
4534,549248092,2004137854,102.16600000000001,50.0,residential,1,1
4535,549248494,2264252017,120.812,50.0,tertiary,2,0
4536,549248494,2004137816,101.66900000000001,50.0,tertiary,2,0
4537,549249387,1198031707,74.126,50.0,residential,2,0
4538,549249387,365767690,54.492999999999995,50.0,residential,1,1
4539,549249391,549249387,46.366,50.0,residential,1,1
4540,549254120,2216964355,172.974,50.0,tertiary,4,1
4541,549255983,1566055679,35.723,30.0,residential,1,0
4542,549255983,1566055648,101.592,30.0,residential,1,0
4543,549255983,6989554199,161.034,30.0,residential,1,0
4544,549256221,1566056539,30.693,30.0,residential,1,0
4545,549256221,924516872,56.526,30.0,residential,1,1
4546,549256536,1566055679,55.492,30.0,residential,1,0
4547,549256536,1566055935,57.414,30.0,residential,1,0
4548,549256536,549257035,58.43599999999999,30.0,residential,1,0
4549,549257035,549256536,58.436,30.0,residential,1,0
4550,549257035,540425904,60.272000000000006,30.0,residential,1,0
4551,549257375,540425904,51.911,30.0,residential,1,0
4552,549258316,549258509,30.975,30.0,residential,1,0
4553,549258316,540425846,77.14,30.0,residential,1,0
4554,549258316,4207109268,80.458,50.0,residential,1,1
4555,549258509,1566055966,16.78,30.0,residential,1,0
4556,549258509,549258316,30.975,30.0,residential,1,0
4557,549258590,1566056503,147.348,30.0,residential,1,0
4558,549258590,1566055804,131.721,30.0,residential,1,1
4559,549258646,534365190,19.601,30.0,tertiary,1,0
4560,549258646,549258590,34.387,30.0,residential,1,1
4561,549258646,1566056116,148.99699999999999,30.0,tertiary,1,0
4562,549258823,1566056363,35.548,30.0,residential,1,0
4563,549258823,1562944425,173.999,30.0,residential,1,1
4564,549265025,1562944450,140.558,30.0,residential,1,1
4565,549265025,1562944348,59.194,30.0,tertiary,1,0
4566,549265025,1562944504,50.10900000000001,30.0,tertiary,1,0
4567,549265076,1566055385,54.644,30.0,tertiary,1,0
4568,549265076,1562944516,89.61099999999999,30.0,tertiary,1,0
4569,549265076,1562944470,75.795,30.0,residential,1,0
4570,549265086,549266352,35.653,50.0,tertiary,1,1
4571,549265086,1566055385,13.274999999999999,30.0,tertiary,1,0
4572,549266352,924516679,18.424,50.0,tertiary,1,1
4573,549266352,1563756568,81.84199999999998,50.0,tertiary,1,0
4574,549266522,1933709167,7.702,50.0,secondary,2,1
4575,549266522,924516681,94.60600000000001,50.0,tertiary,1,1
4576,549267521,549269124,101.129,50.0,tertiary,1,1
4577,549267521,1571656251,100.82300000000001,50.0,tertiary,2,1
4578,549267539,549267544,108.50999999999999,50.0,tertiary,1,1
4579,549267544,1569154963,84.451,50.0,tertiary,1,1
4580,549267544,549267988,123.846,50.0,tertiary,1,0
4581,549267901,549268021,19.832,50.0,tertiary,1,1
4582,549267901,1568022386,137.95,50.0,tertiary,1,0
4583,549267988,549267544,123.846,50.0,tertiary,1,0
4584,549267988,549267901,36.498,50.0,tertiary,1,1
4585,549268021,1568022485,32.986,50.0,residential,1,0
4586,549268021,549267988,23.723,50.0,tertiary,1,1
4587,549268178,1568022370,46.554,50.0,residential,1,0
4588,549268178,4165518783,310.118,50.0,secondary,3,1
4589,549268341,1568022386,50.1,50.0,tertiary,1,0
4590,549268341,1571656318,59.778,50.0,tertiary,1,0
4591,549268341,549269609,120.564,30.0,residential,1,1
4592,549268582,1571656499,78.212,30.0,residential,1,1
4593,549268582,549268584,105.74,30.0,residential,1,1
4594,549268584,2390930262,136.208,50.0,tertiary,1,1
4595,549268886,540422648,100.514,50.0,tertiary,1,0
4596,549268886,1571656101,127.336,50.0,tertiary,1,0
4597,549268886,1571656326,50.892,30.0,residential,1,1
4598,549268888,1571656390,52.423,50.0,tertiary,2,1
4599,549268900,1574692892,73.296,50.0,residential,1,1
4600,549268900,1574692851,139.229,50.0,tertiary,1,1
4601,549269036,1784523542,15.022,30.0,residential,1,1
4602,549269036,1784523538,16.536,30.0,residential,1,1
4603,549269124,1571656418,82.414,50.0,tertiary,1,1
4604,549269124,1571656024,53.116,30.0,residential,1,1
4605,549269607,549269609,63.536,30.0,residential,1,1
4606,549269607,1571656318,126.125,30.0,residential,1,1
4607,549269609,1571656588,51.428,30.0,residential,1,1
4608,549269609,549269036,141.828,30.0,residential,1,1
4609,549269610,549267539,132.553,30.0,residential,1,1
4610,549270589,1574692874,70.292,50.0,tertiary,1,1
4611,549270589,549271109,165.237,50.0,residential,1,1
4612,549271104,549271107,32.344,50.0,residential,1,1
4613,549271107,1571764243,67.123,50.0,tertiary,1,1
4614,549271107,1571656353,70.943,50.0,tertiary,1,0
4615,549271108,1574692800,43.894,50.0,residential,1,0
4616,549271109,540419838,59.718,50.0,tertiary,2,1
4617,552958460,552958528,479.712,30.0,residential,1,0
4618,552958460,335851698,61.586,30.0,residential,1,0
4619,552958460,531970762,193.193,30.0,residential,1,1
4620,552958495,335851698,133.121,30.0,residential,1,0
4621,552958495,552958506,67.379,30.0,residential,1,0
4622,552958495,335851703,125.31000000000002,30.0,residential,1,1
4623,552958506,552958528,199.45100000000002,30.0,residential,1,0
4624,552958506,552958528,193.725,30.0,residential,1,0
4625,552958506,552958495,67.379,30.0,residential,1,0
4626,552958506,597659120,93.254,30.0,residential,1,0
4627,552958528,552958506,199.451,30.0,residential,1,0
4628,552958528,552958506,193.725,30.0,residential,1,0
4629,552958528,552958460,479.712,30.0,residential,1,0
4630,553058295,549266522,333.218,50.0,secondary,3,1
4631,553058303,3965819955,29.924999999999997,50.0,motorway_link,2,1
4632,558703048,6289017261,591.59,50.0,secondary,3,1
4633,558703050,558703048,108.30700000000002,50.0,secondary_link,1,1
4634,558703050,270425921,70.387,60.0,secondary,1,1
4635,558709453,139698,126.215,30.0,residential,1,1
4636,558709453,558709455,60.831,30.0,residential,1,0
4637,558709455,558709457,93.343,30.0,living_street,1,0
4638,558709455,558709456,24.68,50.0,living_street,1,0
4639,558709455,558709453,60.831,30.0,residential,1,0
4640,558709456,558709455,24.68,50.0,living_street,1,0
4641,558709457,558709455,93.343,30.0,living_street,1,0
4642,558728531,2203627202,23.480999999999998,30.0,residential,1,0
4643,560451816,4178326224,60.331999999999994,50.0,tertiary,2,1
4644,560451816,560451828,23.264000000000003,50.0,tertiary,1,1
4645,560451823,560451826,18.447,50.0,tertiary,1,1
4646,560451823,335851693,424.721,50.0,tertiary,2,1
4647,560451826,560451816,26.535,50.0,tertiary,2,1
4648,560451828,335851703,35.607,50.0,tertiary,2,1
4649,560451830,335851693,9.347,50.0,residential,1,0
4650,560451830,560451826,427.117,50.0,tertiary,2,1
4651,563899298,312825364,9.432,50.0,residential,1,0
4652,563899298,1695278940,221.915,50.0,tertiary,1,1
4653,563908126,1688194324,8.088,30.0,residential,1,1
4654,563908126,563909457,171.297,30.0,residential,1,0
4655,563909457,563927474,40.45,30.0,residential,1,0
4656,563909457,563908126,171.297,30.0,residential,1,0
4657,563909468,563927553,66.601,30.0,residential,1,0
4658,563909468,563941287,52.748,30.0,residential,1,0
4659,563909468,563940617,200.096,30.0,residential,1,1
4660,563909468,563941552,93.01,30.0,residential,1,1
4661,563912526,563934899,70.396,30.0,residential,1,1
4662,563912526,2085420168,66.504,30.0,residential,1,0
4663,563912526,563940617,89.226,30.0,residential,1,0
4664,563914312,563915197,60.879,30.0,residential,1,1
4665,563915197,347038454,68.176,30.0,residential,1,1
4666,563915197,563934899,170.997,30.0,residential,1,0
4667,563916840,347038454,51.762,30.0,residential,1,0
4668,563916843,563941572,102.574,30.0,residential,1,0
4669,563916843,563941745,51.149,30.0,residential,1,0
4670,563916843,563941978,55.322,30.0,residential,1,0
4671,563916843,3999797591,27.949,30.0,residential,1,0
4672,563927474,563909457,40.45,30.0,residential,1,0
4673,563927474,563927553,11.753,30.0,residential,1,0
4674,563927553,563909468,66.601,30.0,residential,1,0
4675,563927553,563927884,249.395,30.0,residential,1,1
4676,563927553,563927474,11.753,30.0,residential,1,0
4677,563927884,649537543,105.84,50.0,tertiary,1,0
4678,563927884,446138537,15.383000000000001,50.0,tertiary,1,0
4679,563927884,649096738,165.721,30.0,residential,1,1
4680,563927922,563932482,8.133000000000001,30.0,residential,1,1
4681,563932482,563932486,8.571,30.0,residential,1,1
4682,563932482,649096714,89.37700000000001,30.0,residential,1,0
4683,563932486,563932493,21.881999999999998,30.0,residential,1,1
4684,563932486,649096690,65.25800000000001,30.0,residential,1,1
4685,563932493,563932497,10.135,30.0,residential,1,1
4686,563932497,446138533,10.352,30.0,residential,1,1
4687,563932497,672653547,88.217,30.0,residential,1,0
4688,563932920,9982045012,31.933,30.0,residential,1,0
4689,563932920,9982045011,40.26,30.0,residential,1,1
4690,563932920,563933121,18.628,30.0,residential,1,0
4691,563933121,649085266,64.695,30.0,residential,1,1
4692,563933121,563932920,18.628,30.0,residential,1,0
4693,563934059,563909457,74.403,30.0,residential,1,1
4694,563934059,563914312,171.14,30.0,residential,1,1
4695,563934899,563934059,59.922,30.0,residential,1,1
4696,563934899,563915197,170.997,30.0,residential,1,0
4697,563935791,2006016719,157.809,30.0,residential,1,1
4698,563935791,563936899,65.515,30.0,residential,1,1
4699,563936629,563937351,67.497,30.0,residential,1,1
4700,563936899,563927474,99.96,30.0,residential,1,1
4701,563937351,347036390,77.602,30.0,residential,1,1
4702,563937351,563938249,52.808,30.0,residential,1,1
4703,563938249,563936899,157.969,30.0,residential,1,1
4704,563938249,2006016719,67.004,30.0,residential,1,0
4705,563940616,563940617,77.593,30.0,residential,1,0
4706,563940617,563940616,77.593,30.0,residential,1,0
4707,563940617,563912526,89.226,30.0,residential,1,0
4708,563940617,563941978,48.139,30.0,residential,1,0
4709,563941287,563943168,46.738,30.0,residential,1,0
4710,563941287,563909468,52.748,30.0,residential,1,0
4711,563941290,563943168,47.545,30.0,residential,1,0
4712,563941290,563942894,155.61,30.0,residential,1,1
4713,563941552,563941685,62.732,30.0,residential,1,0
4714,563941552,563942919,54.63,30.0,residential,1,1
4715,563941572,563916843,102.574,30.0,residential,1,0
4716,563941685,563941745,69.134,30.0,residential,1,0
4717,563941685,563941552,62.732,30.0,residential,1,0
4718,563941685,563941719,47.061,30.0,residential,1,0
4719,563941719,563941685,47.061,30.0,residential,1,0
4720,563941745,563916843,51.149,30.0,residential,1,0
4721,563941745,563941685,69.134,30.0,residential,1,0
4722,563941745,563941830,50.156,30.0,residential,1,0
4723,563941830,563941745,50.156,30.0,residential,1,0
4724,563941978,563940617,48.139,30.0,residential,1,0
4725,563941978,563916843,55.322,30.0,residential,1,0
4726,563941978,563942027,92.809,30.0,residential,1,0
4727,563942027,563941978,92.809,30.0,residential,1,0
4728,563942150,649537543,127.593,50.0,tertiary,1,0
4729,563942150,563942890,61.391,30.0,residential,1,1
4730,563942150,1290054495,45.409,50.0,tertiary,2,1
4731,563942890,563942894,62.51,30.0,residential,1,1
4732,563942890,563943124,121.827,30.0,residential,1,0
4733,563942894,563942898,49.953,30.0,residential,1,1
4734,563942898,563942912,47.543,30.0,residential,1,1
4735,563942898,563943168,150.068,30.0,residential,1,1
4736,563942912,563942919,52.736,30.0,residential,1,1
4737,563942912,563941287,147.36,30.0,residential,1,1
4738,563942919,1936282478,180.003,30.0,residential,1,0
4739,563942919,1290054496,53.803,30.0,residential,1,1
4740,563943124,563942890,121.827,30.0,residential,1,0
4741,563943168,563941290,47.545,30.0,residential,1,0
4742,563943168,563941287,46.738,30.0,residential,1,0
4743,563945410,563945628,28.776,30.0,residential,2,0
4744,563945410,563945950,66.776,30.0,residential,1,0
4745,563945410,2481674067,219.10500000000002,30.0,residential,2,0
4746,563945628,563945410,28.776,30.0,residential,2,0
4747,563945950,563948032,51.098,30.0,residential,1,0
4748,563945950,563957231,26.772,30.0,residential,1,0
4749,563945950,563945410,66.776,30.0,residential,1,0
4750,563948032,1288201521,38.46,30.0,residential,1,0
4751,563948032,563945950,51.098,30.0,residential,1,0
4752,563948032,1288206194,79.064,30.0,residential,1,0
4753,563948281,1288206194,33.846,30.0,residential,1,0
4754,563948281,563948284,46.034,30.0,residential,1,0
4755,563948281,1288210878,44.31,30.0,residential,1,1
4756,563948284,1288194568,44.646,30.0,residential,1,0
4757,563948284,563948281,46.034,30.0,residential,1,0
4758,563948284,563954919,55.208,30.0,residential,1,1
4759,563949004,355867364,40.951,30.0,residential,1,0
4760,563949004,355867280,100.464,30.0,residential,1,0
4761,563949004,1288201529,35.226,30.0,residential,1,1
4762,563949008,1288241809,37.271,30.0,residential,1,1
4763,563949008,1288198966,39.98,30.0,residential,1,1
4764,563949008,1688171020,38.373,30.0,residential,1,1
4765,563949010,1695278923,35.473,50.0,tertiary,1,1
4766,563950050,563977927,46.657999999999994,50.0,tertiary,1,0
4767,563950050,10577103089,141.791,50.0,tertiary,1,1
4768,563951402,563953294,31.923,30.0,residential,1,0
4769,563951402,1288194568,35.424,30.0,residential,1,0
4770,563951867,1288192090,48.724,30.0,residential,1,1
4771,563951867,1288192673,45.335,50.0,tertiary,1,1
4772,563953294,2490677655,6.061,30.0,residential,1,0
4773,563953294,563951402,31.923,30.0,residential,1,0
4774,563953294,1288210120,41.147,30.0,residential,1,1
4775,563953312,1288189866,62.557,30.0,residential,1,1
4776,563953312,563953811,39.953,30.0,residential,1,0
4777,563953312,1288187379,32.345,30.0,residential,1,0
4778,563953811,563951402,99.922,30.0,residential,1,1
4779,563953811,563953312,39.953,30.0,residential,1,0
4780,563953811,563954825,36.783,30.0,residential,1,1
4781,563953815,1288198949,15.472,30.0,residential,1,1
4782,563954821,563954825,40.878,30.0,residential,1,0
4783,563954821,1288194568,60.037,30.0,residential,1,0
4784,563954821,563954919,46.011,30.0,residential,1,0
4785,563954825,563954821,40.878,30.0,residential,1,0
4786,563954825,563953815,51.915,30.0,residential,1,1
4787,563954825,1288195654,53.136,30.0,residential,1,0
4788,563954919,563954821,46.011,30.0,residential,1,0
4789,563954919,355867364,33.062,30.0,residential,1,1
4790,563957231,563945950,26.772,30.0,residential,1,0
4791,563957231,1288205413,18.321,30.0,residential,1,0
4792,563957231,534376059,93.851,30.0,residential,1,0
4793,563958700,1288185630,25.481,30.0,residential,1,0
4794,563958700,563962300,37.279,30.0,residential,1,0
4795,563958700,1288213107,42.755,30.0,residential,1,1
4796,563958704,563962300,43.788,30.0,residential,1,0
4797,563958704,563961083,37.387,30.0,residential,1,0
4798,563958704,3219537045,74.085,30.0,residential,1,0
4799,563961067,563958700,35.943,30.0,residential,1,1
4800,563961083,563961067,81.475,30.0,residential,1,1
4801,563961083,2490677649,38.84,30.0,residential,1,0
4802,563961083,563958704,37.387,30.0,residential,1,0
4803,563962300,563963214,45.753,30.0,residential,1,0
4804,563962300,563958704,43.788,30.0,residential,1,0
4805,563962300,563958700,37.279,30.0,residential,1,0
4806,563963214,1288183822,38.684,30.0,residential,1,0
4807,563963214,563962300,45.753,30.0,residential,1,0
4808,563963214,1288213108,81.795,30.0,residential,1,0
4809,563963534,563963985,38.41,30.0,residential,1,1
4810,563963534,1288216863,61.844,30.0,residential,1,0
4811,563963985,1288211489,16.67,30.0,residential,1,0
4812,563964181,1288217018,62.422,30.0,residential,1,1
4813,563964181,563963534,47.51,30.0,residential,1,1
4814,563967258,1288170857,31.313,30.0,residential,1,0
4815,563967258,1288179878,26.012,30.0,residential,1,0
4816,563967258,563968171,6.877,30.0,residential,1,0
4817,563967493,563974285,24.608,30.0,residential,1,0
4818,563967493,563973508,203.39,30.0,residential,1,1
4819,563968171,563968268,34.132,30.0,residential,1,0
4820,563968171,563967258,6.877,30.0,residential,1,0
4821,563968171,563971329,24.671,30.0,residential,1,0
4822,563968268,563968171,34.132,30.0,residential,1,0
4823,563968268,563969251,65.184,30.0,residential,1,0
4824,563968268,1288177665,24.357,30.0,"['residential', 'living_street']",1,0
4825,563968749,563969251,64.568,30.0,residential,1,0
4826,563969251,563970408,26.956,30.0,residential,1,0
4827,563969251,563970801,32.453,30.0,residential,1,0
4828,563969251,563968749,64.568,30.0,residential,1,0
4829,563969251,563968268,65.184,30.0,residential,1,0
4830,563969813,563970408,11.354,30.0,residential,1,0
4831,563970408,563969813,11.354,30.0,residential,1,0
4832,563970408,563969251,26.956,30.0,residential,1,0
4833,563970408,1288177665,114.9,30.0,"['residential', 'living_street']",1,0
4834,563970408,1227191,103.245,30.0,residential,1,0
4835,563970801,563969251,32.453,30.0,residential,1,0
4836,563970801,563971329,38.634,30.0,residential,1,0
4837,563970801,534376063,85.247,30.0,residential,1,0
4838,563971329,563971735,61.775,30.0,residential,1,0
4839,563971329,563968171,24.671,30.0,residential,1,0
4840,563971329,563970801,38.634,30.0,residential,1,0
4841,563971545,563973662,21.344,30.0,residential,1,0
4842,563971545,563967493,29.561,30.0,residential,1,1
4843,563971735,563973662,40.257,30.0,residential,1,0
4844,563971735,563971329,61.775,30.0,residential,1,0
4845,563971735,1288165993,30.017,30.0,residential,1,1
4846,563971735,1288260896,29.976,30.0,residential,1,0
4847,563971993,1288264606,25.136,30.0,residential,1,0
4848,563973508,563974292,23.076,30.0,residential,1,1
4849,563973508,1288174185,112.708,30.0,residential,1,0
4850,563973662,563971545,21.344,30.0,residential,1,0
4851,563973662,563971735,40.257,30.0,residential,1,0
4852,563974285,563967493,24.608,30.0,residential,1,0
4853,563974285,1288165993,38.838,30.0,residential,1,0
4854,563974285,563973662,30.573,30.0,residential,1,1
4855,563974292,1288165991,33.697,30.0,residential,1,1
4856,563974292,563974285,200.978,30.0,residential,1,1
4857,563976144,563973508,29.836,30.0,residential,1,1
4858,563976144,563977362,336.588,30.0,residential,1,1
4859,563977362,346150382,132.149,50.0,primary,2,1
4860,563977927,563976144,75.144,30.0,residential,1,1
4861,563977927,563950050,46.657999999999994,50.0,tertiary,1,0
4862,563977927,684521328,84.768,50.0,tertiary,1,0
4863,563979625,1288269538,38.957,50.0,residential,1,0
4864,563979625,563982081,14.939,30.0,residential,1,1
4865,563980862,563979625,19.656,30.0,residential,1,1
4866,563981534,563980862,101.22,50.0,residential,1,1
4867,563981534,5346499554,13.468,50.0,residential,1,1
4868,563982081,346150663,31.139,30.0,residential,1,1
4869,563982964,5346499553,68.876,50.0,residential,1,1
4870,563982964,5265711631,59.344,50.0,residential,1,0
4871,563982964,563982976,259.21799999999996,50.0,residential,1,0
4872,563982976,534408668,92.923,50.0,residential,1,0
4873,563982976,12118976855,45.383,50.0,residential,1,0
4874,563982976,563982964,259.21799999999996,50.0,residential,1,0
4875,563983210,563982964,40.309,50.0,residential,1,1
4876,563983210,346150403,101.667,50.0,living_street,1,1
4877,563983502,563983210,27.236,50.0,residential,1,1
4878,563983502,1288278995,138.71,50.0,residential,1,0
4879,563984591,563984611,48.877,50.0,residential,1,0
4880,563984591,1288280058,30.654,50.0,residential,1,0
4881,563984591,1288280693,55.915,50.0,residential,1,0
4882,563984611,563984591,48.877,50.0,residential,1,0
4883,563984611,563983502,116.69999999999999,50.0,residential,1,1
4884,563985050,563984611,27.855,50.0,residential,1,1
4885,563985050,563985106,184.46699999999998,30.0,living_street,1,0
4886,563985106,1288274923,29.78,50.0,residential,1,0
4887,563985106,346149555,36.036,50.0,residential,1,0
4888,563985106,563985050,184.46699999999998,30.0,living_street,1,0
4889,563985315,346150916,27.268,50.0,residential,1,0
4890,563985315,1288274923,52.107,50.0,residential,1,0
4891,563985315,1288276462,74.721,50.0,residential,1,0
4892,563985770,346149556,84.072,50.0,residential,1,1
4893,563985770,563985774,48.67400000000001,50.0,residential,1,0
4894,563985774,1288290430,40.047,50.0,residential,1,0
4895,563985774,563985924,19.024,50.0,residential,1,0
4896,563985774,563985770,48.67400000000001,50.0,residential,1,0
4897,563985775,6052821191,8.686,30.0,residential,1,0
4898,563985775,1288291836,40.185,30.0,residential,1,0
4899,563985775,563985924,33.572,50.0,residential,1,0
4900,563985924,563985774,19.024,50.0,residential,1,0
4901,563985924,1288287618,80.931,50.0,residential,1,0
4902,563985924,1288291850,47.902,50.0,residential,1,0
4903,563985924,563985775,33.572,50.0,residential,1,0
4904,563986337,563986391,30.715,50.0,residential,1,0
4905,563986337,1288288853,51.205,50.0,residential,1,0
4906,563986337,1288287618,54.365,50.0,residential,1,0
4907,563986337,1288291481,34.738,50.0,residential,1,0
4908,563986391,563986337,30.715,50.0,residential,1,0
4909,563986391,1288287958,48.888,30.0,residential,1,0
4910,563986391,3419895570,192.91700000000003,30.0,"['unclassified', 'residential']",1,0
4911,563987286,563987463,35.283,30.0,residential,1,0
4912,563987286,3234783064,135.964,30.0,residential,1,0
4913,563987286,8024094090,190.654,50.0,residential,1,0
4914,563987463,563987286,35.283,30.0,residential,1,0
4915,563987463,5853896369,303.823,30.0,residential,1,0
4916,563987463,655131669,157.16,30.0,residential,1,0
4917,563987681,346150953,72.362,50.0,residential,1,0
4918,563987681,1288293164,67.387,50.0,residential,1,0
4919,563987681,9759325538,42.952,50.0,residential,1,0
4920,563988155,346150953,13.044,50.0,residential,1,0
4921,563988155,1288293376,54.329,50.0,residential,1,0
4922,563988155,1288277018,104.46600000000001,50.0,residential,1,0
4923,563990273,655131669,69.835,30.0,residential,1,0
4924,563990273,2083793917,137.43,30.0,residential,1,0
4925,563990273,563990498,242.67800000000003,30.0,residential,1,0
4926,563990498,564007432,81.81700000000001,50.0,primary,2,1
4927,563990498,563990273,242.67799999999997,30.0,residential,1,0
4928,563990815,563990825,50.643,30.0,residential,1,0
4929,563990815,2083793917,45.563,30.0,residential,1,0
4930,563990815,563991156,55.02,30.0,residential,1,0
4931,563990825,563990831,46.649,30.0,residential,1,0
4932,563990825,563990815,50.643,30.0,residential,1,0
4933,563990825,563991861,36.183,30.0,residential,1,0
4934,563990831,563990825,46.649,30.0,residential,1,0
4935,563990831,563991159,60.145,30.0,residential,1,0
4936,563990831,563990832,69.846,30.0,residential,1,0
4937,563990832,563990833,30.615000000000002,30.0,residential,1,0
4938,563990832,563990831,69.846,30.0,residential,1,0
4939,563990832,563992719,73.105,50.0,residential,1,0
4940,563990833,563990832,30.615000000000002,30.0,residential,1,0
4941,563990833,765790418,7.723000000000001,30.0,residential,1,1
4942,563991156,563990815,55.02,30.0,residential,1,0
4943,563991156,655131669,187.77800000000002,30.0,residential,1,1
4944,563991159,563990831,60.145,30.0,residential,1,0
4945,563991159,563991156,99.126,30.0,residential,1,1
4946,563991162,563996335,160.18099999999998,30.0,residential,1,0
4947,563991861,563991864,24.338,30.0,residential,1,0
4948,563991861,563990825,36.183,30.0,residential,1,0
4949,563991861,563992118,73.162,30.0,residential,1,0
4950,563991864,563991861,24.338,30.0,residential,1,0
4951,563991864,3203481827,50.926,50.0,residential,1,0
4952,563991864,563992118,49.556,50.0,residential,1,0
4953,563992118,563991864,49.556,50.0,residential,1,0
4954,563992118,3203481832,34.515,50.0,residential,1,0
4955,563992118,563991861,73.162,30.0,residential,1,0
4956,563992719,563990832,73.105,50.0,residential,1,0
4957,563992905,534409260,116.455,30.0,residential,2,1
4958,563992905,563993246,122.764,30.0,residential,1,0
4959,563993246,563992905,122.764,30.0,residential,1,0
4960,563994060,563994648,112.444,50.0,primary,2,1
4961,563994060,2129877242,12.838,50.0,residential,1,1
4962,563994060,563994347,98.203,50.0,residential,1,0
4963,563994347,563994060,98.203,50.0,residential,1,0
4964,563994646,563995049,152.116,50.0,residential,1,0
4965,563994646,563994648,108.016,50.0,residential,1,0
4966,563994646,563995071,293.783,50.0,residential,1,0
4967,563994648,563994646,108.016,50.0,residential,1,0
4968,563994648,8489857363,11.277,50.0,residential,1,1
4969,563994648,563997181,191.65599999999998,50.0,primary,2,1
4970,563995049,563994646,152.116,50.0,residential,1,0
4971,563995071,563994646,293.783,50.0,residential,1,0
4972,563995071,744759686,103.49499999999999,50.0,primary,2,1
4973,563996180,563992905,43.678000000000004,30.0,residential,2,1
4974,563996180,765790376,9.411999999999999,30.0,residential,1,1
4975,563996235,8129282766,11.597,30.0,residential,1,1
4976,563996335,11515711958,5.071,30.0,residential,1,1
4977,563996335,563996235,54.308,30.0,residential,1,1
4978,563996335,563991162,160.18099999999995,30.0,residential,1,0
4979,563997181,563997191,10.08,30.0,tertiary,1,1
4980,563997181,563995071,37.485,50.0,primary,2,1
4981,563997191,2481705165,8.07,50.0,primary,2,1
4982,563997191,563997523,17.584,30.0,tertiary,1,1
4983,563997523,2093415486,37.765,30.0,tertiary,1,1
4984,563997526,1258970863,65.747,30.0,residential,1,0
4985,563997526,2481705172,11.93,30.0,residential,1,0
4986,563997526,3738151608,188.64000000000001,30.0,tertiary,1,1
4987,563997611,563998338,160.088,50.0,tertiary,1,1
4988,563997611,940859939,9.186,30.0,tertiary,1,1
4989,563998338,563999190,12.685,30.0,tertiary,1,1
4990,563999190,2083793961,121.102,30.0,residential,1,0
4991,563999190,2131481215,9.212,30.0,tertiary,1,1
4992,563999196,2083794011,134.231,30.0,residential,2,0
4993,563999196,940859779,8.602,30.0,tertiary,1,1
4994,564005297,940860114,9.969000000000001,30.0,tertiary,1,1
4995,564005297,1240311902,31.169,30.0,residential,1,1
4996,564005845,564005297,20.128,30.0,tertiary,1,1
4997,564005845,2083793974,85.499,30.0,tertiary,1,0
4998,564006449,681273917,13.609,30.0,residential,1,0
4999,564006449,1271251214,378.11,50.0,tertiary,3,1
5000,564006596,684521365,137.729,30.0,residential,1,1
5001,564006596,563977927,56.176,30.0,residential,1,1
5002,564007426,564007432,15.207,30.0,tertiary,1,1
5003,564007426,1228344,156.79899999999998,50.0,primary,2,1
5004,564007432,2129877250,15.627,30.0,tertiary,1,1
5005,564007432,6427604012,202.366,50.0,primary,2,1
5006,564008104,1262551620,110.455,30.0,residential,1,0
5007,564008104,2134290548,12.139,30.0,residential,1,0
5008,564008104,940860125,68.047,30.0,residential,1,1
5009,564008107,2134290648,8.112,30.0,residential,1,0
5010,564008107,564008104,94.447,30.0,residential,1,1
5011,564008107,2134290673,33.61,30.0,residential,1,0
5012,564009112,2134290583,2.825,30.0,residential,1,0
5013,564009112,2134290561,39.987,30.0,residential,1,0
5014,564009112,581977241,166.237,30.0,residential,1,0
5015,564009112,1271072918,139.04000000000002,30.0,residential,1,0
5016,564010750,1271072918,50.411,30.0,residential,1,0
5017,564014016,564015510,14.056,30.0,residential,1,0
5018,564014016,2134290786,68.191,30.0,residential,1,0
5019,564014016,2131481303,126.255,30.0,residential,1,0
5020,564015510,564014016,14.056,30.0,residential,1,0
5021,564016484,564016660,15.264,50.0,residential,1,0
5022,564016484,564017156,125.653,50.0,residential,1,0
5023,564016520,1271251207,6.746,50.0,residential,1,1
5024,564016660,564016484,15.264,50.0,residential,1,0
5025,564016660,564016520,97.273,50.0,residential,1,1
5026,564016660,564016800,184.77100000000002,50.0,residential,1,0
5027,564016800,564016660,184.77100000000002,50.0,residential,1,0
5028,564016800,10735927041,239.099,50.0,tertiary,2,1
5029,564017156,564016484,125.653,50.0,residential,1,0
5030,565445702,531970751,139.894,30.0,residential,1,0
5031,565445727,565445731,40.428,50.0,residential,1,0
5032,565445728,925632920,100.347,30.0,residential,1,0
5033,565445728,335851740,186.533,30.0,residential,1,0
5034,565445728,335851693,63.092999999999996,30.0,residential,1,0
5035,565445731,9488926152,68.027,30.0,residential,1,0
5036,565445731,565445727,40.428,50.0,residential,1,0
5037,565445731,925632920,66.147,30.0,residential,1,0
5038,566747876,3817373294,4.281,30.0,tertiary,2,0
5039,566747876,6754914547,17.822,30.0,tertiary,1,0
5040,566747876,6754914546,21.008,30.0,tertiary,2,0
5041,566747877,681262564,46.879000000000005,30.0,tertiary,1,0
5042,566747877,566747894,142.786,50.0,tertiary,1,0
5043,566747878,566747880,433.158,30.0,residential,1,0
5044,566747878,11028046634,55.472,50.0,tertiary,1,0
5045,566747878,6952780432,70.602,50.0,tertiary,1,0
5046,566747880,681262526,81.141,30.0,residential,1,0
5047,566747880,566747878,433.15799999999996,30.0,residential,1,0
5048,566747881,681262541,118.14500000000001,30.0,residential,1,0
5049,566747881,6952780428,68.89099999999999,50.0,tertiary,1,0
5050,566747881,566747894,137.53099999999998,50.0,tertiary,1,0
5051,566747883,566747886,72.51,50.0,residential,1,0
5052,566747883,566747885,85.116,50.0,residential,1,0
5053,566747883,318180507,55.011,50.0,residential,1,0
5054,566747885,566747883,85.116,50.0,residential,1,0
5055,566747886,566747883,72.51,50.0,residential,1,0
5056,566747894,566747881,137.53100000000003,50.0,tertiary,1,0
5057,566747894,566747877,142.786,50.0,tertiary,1,0
5058,566890495,200661227,47.413,50.0,motorway_link,1,1
5059,566890495,591891306,60.324000000000005,50.0,motorway_link,1,1
5060,576978980,2108063320,22.641,50.0,residential,1,1
5061,576978980,412532425,51.08,50.0,residential,1,0
5062,579601793,681554282,112.019,50.0,residential,1,0
5063,579601793,681556436,30.556,50.0,residential,1,1
5064,579601793,5957905816,16.282,50.0,residential,1,0
5065,579601924,1628415535,32.666,30.0,residential,1,1
5066,579603495,1203668156,17.557000000000002,50.0,residential,1,1
5067,579603495,1319999678,91.27499999999999,50.0,residential,1,1
5068,579613769,747694264,103.163,30.0,residential,1,1
5069,579613769,344462019,176.428,30.0,residential,1,1
5070,580704387,2108063253,96.103,50.0,residential,1,0
5071,580704387,2108063239,38.377,50.0,residential,1,0
5072,580704870,4139634059,60.736,50.0,living_street,1,0
5073,580704870,580704387,45.52,50.0,residential,1,1
5074,580704870,4139634056,92.487,50.0,living_street,1,0
5075,580706957,580713872,75.628,50.0,residential,1,0
5076,580706957,2108063239,30.262,50.0,residential,1,0
5077,580706957,1232931879,190.233,50.0,residential,1,0
5078,580706963,2108063253,68.935,50.0,residential,1,0
5079,580706963,2532326726,99.975,50.0,secondary,1,1
5080,580706970,2133478738,28.618,50.0,residential,1,0
5081,580706970,2108063278,12.329,30.0,residential,1,0
5082,580707524,580712058,142.352,50.0,residential,1,1
5083,580707524,580709110,131.298,50.0,residential,1,1
5084,580709102,514354787,61.16,50.0,residential,1,1
5085,580709102,580709623,119.194,50.0,residential,1,0
5086,580709110,580709980,34.482,50.0,residential,1,1
5087,580709110,2862997457,21.767,50.0,residential,1,1
5088,580709327,580709102,87.598,50.0,residential,1,1
5089,580709327,365768007,91.116,50.0,secondary,1,1
5090,580709623,580709102,119.19399999999999,50.0,residential,1,0
5091,580709623,4967488032,38.991,50.0,residential,1,0
5092,580709980,2862997454,21.348,50.0,residential,1,1
5093,580709980,2862997452,23.371000000000002,50.0,residential,1,1
5094,580710450,2862997451,25.588,50.0,residential,1,1
5095,580710939,365768007,92.41,50.0,residential,1,1
5096,580710939,514354787,13.786999999999999,50.0,residential,1,0
5097,580711310,580712058,102.364,50.0,residential,1,1
5098,580711310,580712186,149.323,50.0,residential,1,1
5099,580712058,580712186,61.748,50.0,residential,1,1
5100,580712058,580712059,85.42399999999998,50.0,residential,1,1
5101,580712059,580713243,58.577,50.0,tertiary,1,1
5102,580712186,580706970,32.813,50.0,residential,1,1
5103,580713243,5854741478,49.293,50.0,residential,1,0
5104,580713243,5854741476,34.111,50.0,tertiary,1,1
5105,580713872,580706957,75.628,50.0,residential,1,0
5106,580713872,2470035562,66.187,50.0,residential,1,0
5107,580713872,2112533191,85.402,50.0,residential,2,0
5108,580713872,1232931879,105.648,50.0,residential,2,0
5109,580714365,580714979,64.589,30.0,residential,1,1
5110,580714979,870887825,60.394,30.0,residential,1,1
5111,580714979,1208799481,31.725,30.0,residential,1,1
5112,580714987,580714365,52.144,30.0,residential,1,1
5113,580714987,13167241725,163.32299999999998,50.0,secondary,1,1
5114,580717677,4131740918,13.617,50.0,residential,1,0
5115,580718144,4131740925,64.825,30.0,residential,1,1
5116,580725909,580726367,38.046,30.0,living_street,1,1
5117,580725909,580726702,42.354,30.0,living_street,1,0
5118,580725909,365769152,249.768,30.0,living_street,1,0
5119,580726367,11021254283,110.797,50.0,residential,1,1
5120,580726702,580726367,25.025,30.0,living_street,1,1
5121,580726702,11021254283,50.138000000000005,30.0,living_street,1,0
5122,580726702,580725909,42.354,30.0,living_street,1,0
5123,580742562,1931861702,98.793,50.0,residential,1,1
5124,580742562,799422258,44.652,30.0,residential,1,1
5125,580742984,1199956973,25.109,50.0,residential,1,1
5126,580742984,1199953208,82.05799999999999,50.0,residential,1,1
5127,580743782,1199953197,17.566,30.0,residential,1,0
5128,580743782,1931861701,31.911,50.0,residential,1,1
5129,580743786,357531232,82.63099999999999,50.0,residential,1,1
5130,580745794,799422258,52.204,50.0,residential,1,1
5131,580745794,6454785121,44.705999999999996,30.0,residential,1,1
5132,581970846,2131481358,15.836,50.0,tertiary,1,0
5133,581970846,581974471,117.26599999999999,30.0,residential,1,0
5134,581970846,2131481227,683.8530000000001,50.0,secondary,3,1
5135,581974471,581970846,117.26600000000002,30.0,residential,1,0
5136,581974471,2133110820,272.96,30.0,residential,2,0
5137,581974471,581979915,94.294,30.0,residential,2,0
5138,581977241,564009112,166.237,30.0,residential,1,0
5139,581977241,940860070,19.661,30.0,residential,1,1
5140,581977614,1238907435,161.36999999999998,30.0,residential,1,0
5141,581977614,581977241,14.181000000000001,30.0,residential,1,1
5142,581979915,2131481340,101.86,30.0,residential,2,0
5143,581979915,2310467934,205.71999999999997,30.0,residential,2,0
5144,581979915,581974471,94.294,30.0,residential,2,0
5145,581984981,2129877350,124.375,30.0,residential,1,1
5146,581984981,2131481257,173.04899999999998,30.0,residential,1,0
5147,581986010,647041489,195.946,30.0,residential,1,0
5148,581986010,647089007,65.094,30.0,residential,1,0
5149,581986010,647033267,94.114,30.0,residential,1,1
5150,581986010,647089015,191.573,30.0,residential,1,0
5151,581986372,1290054493,8.039,30.0,residential,1,0
5152,581986372,647089015,138.88400000000001,30.0,residential,1,0
5153,581986372,1271251240,352.39,50.0,tertiary,1,1
5154,591837210,34132842,13.416,50.0,secondary,3,1
5155,591837210,2992969029,103.89500000000001,50.0,motorway_link,1,1
5156,591837241,412817611,114.14699999999999,50.0,secondary,3,1
5157,591837483,9288598690,849.4100000000001,90.0,motorway_link,2,1
5158,591837483,11846590955,220.91000000000003,50.0,motorway_link,1,1
5159,591845872,3060912304,131.951,50.0,motorway_link,1,1
5160,591845872,411815423,47.646,50.0,secondary,2,1
5161,591891136,1225576609,57.690000000000005,50.0,primary_link,1,1
5162,591891136,900645779,45.626000000000005,50.0,primary,1,1
5163,591891153,2213119647,115.58900000000001,50.0,motorway_link,1,1
5164,591891153,4064420025,73.57,50.0,primary,2,1
5165,591891163,2213119641,44.644999999999996,50.0,motorway_link,1,1
5166,591891163,4064420023,31.912,50.0,motorway_link,2,1
5167,591891170,1225576605,43.67099999999999,50.0,motorway_link,1,1
5168,591891170,1382676544,44.788999999999994,50.0,motorway_link,1,1
5169,591891217,286692486,207.7,50.0,secondary,3,1
5170,591891227,2995641124,87.462,50.0,secondary,3,1
5171,591891241,544561044,244.917,50.0,motorway_link,3,1
5172,591891306,286643379,35.918,50.0,motorway_link,1,1
5173,591891306,200661227,56.197,50.0,secondary,3,1
5174,591891355,1359001984,664.087,90.0,motorway,3,1
5175,591891458,2989392827,367.79699999999997,50.0,motorway_link,4,1
5176,591891582,2989933661,115.03,50.0,primary_link,1,1
5177,597659059,1147945621,7.225,50.0,residential,1,0
5178,597659059,6483808528,21.283,50.0,residential,1,0
5179,597659083,1143925333,11.577,50.0,residential,1,1
5180,597659083,11806001130,500.32400000000007,50.0,secondary,1,1
5181,597659120,552958506,93.254,30.0,residential,1,0
5182,598696127,598696135,151.051,50.0,residential,1,0
5183,598696127,12974302798,23.508,50.0,residential,1,1
5184,598696135,1137262083,75.118,50.0,residential,1,0
5185,598696135,598696127,151.05100000000002,50.0,residential,1,0
5186,598696135,6483808528,304.907,50.0,residential,1,0
5187,598696471,335851698,94.32900000000001,30.0,residential,1,0
5188,598696471,531970751,82.43,30.0,residential,1,0
5189,598696471,611794069,46.054,30.0,residential,1,0
5190,599932420,521584112,13.258,30.0,residential,1,0
5191,603554347,603554354,15.905,50.0,tertiary,1,1
5192,603554347,3496916411,135.637,50.0,tertiary,1,1
5193,603554354,335852681,12.049,50.0,tertiary,4,1
5194,603554354,603554356,160.644,50.0,tertiary,1,1
5195,603554356,415443303,12.612,50.0,tertiary,1,0
5196,603554356,1125973241,146.031,30.0,residential,1,0
5197,603554356,335853504,404.289,50.0,tertiary,1,1
5198,603554588,1125973324,11.033,50.0,tertiary,2,1
5199,603554588,3496916396,500.279,50.0,secondary,1,1
5200,611794069,598696471,46.054,30.0,residential,1,0
5201,612260597,1163041943,328.66800000000006,30.0,residential,1,0
5202,612260597,415448762,123.469,30.0,tertiary,1,0
5203,612260597,415449529,103.10799999999999,30.0,tertiary,1,0
5204,617747268,617747277,24.096999999999998,30.0,residential,1,1
5205,617747268,2990821259,79.94800000000001,30.0,residential,1,1
5206,617747277,3723792724,7.721,30.0,residential,1,1
5207,617747293,4079232701,311.473,30.0,residential,1,0
5208,617747293,617747268,20.385,30.0,residential,1,1
5209,641134209,1312216029,110.63,50.0,secondary,2,1
5210,641134209,641134353,82.518,50.0,residential,1,1
5211,641134353,1639846256,70.761,50.0,residential,1,0
5212,647033250,647033251,71.214,30.0,residential,1,0
5213,647033250,684521373,31.259,30.0,residential,1,1
5214,647033251,647033250,71.214,30.0,residential,1,0
5215,647033251,647033255,41.597,30.0,residential,1,0
5216,647033251,647033254,264.601,30.0,residential,1,0
5217,647033254,647033260,57.221,30.0,residential,1,0
5218,647033254,647033251,264.601,30.0,residential,1,0
5219,647033254,647033266,381.069,30.0,residential,1,0
5220,647033255,647033251,41.597,30.0,residential,1,0
5221,647033255,647033257,70.409,30.0,residential,1,0
5222,647033255,647041424,150.012,30.0,residential,1,0
5223,647033257,647033255,70.409,30.0,residential,1,0
5224,647033257,684521378,32.693,30.0,residential,1,1
5225,647033260,647041424,145.962,30.0,residential,1,0
5226,647033260,647033265,179.559,30.0,residential,1,0
5227,647033260,647033254,57.221,30.0,residential,1,0
5228,647033261,647041456,40.052,30.0,residential,1,0
5229,647033262,647041456,77.987,30.0,residential,1,0
5230,647033262,684521396,36.971,30.0,residential,1,1
5231,647033265,647089029,10.374,30.0,residential,1,0
5232,647033265,647033260,179.559,30.0,residential,1,0
5233,647033265,681273917,72.198,30.0,residential,1,0
5234,647033266,1228349,44.891,30.0,residential,1,1
5235,647033266,647033254,381.06899999999996,30.0,residential,1,0
5236,647033267,684521405,46.406,30.0,residential,1,1
5237,647033267,684521415,31.512,30.0,residential,1,1
5238,647041424,647033260,145.962,30.0,residential,1,0
5239,647041424,647041483,62.336,30.0,living_street,1,0
5240,647041424,647033255,150.012,30.0,residential,1,0
5241,647041456,647041481,45.224,30.0,residential,1,0
5242,647041456,647033262,77.987,30.0,residential,1,0
5243,647041456,647033261,40.052,30.0,residential,1,0
5244,647041470,684521400,40.912,30.0,residential,1,1
5245,647041470,684521403,45.839,30.0,residential,1,0
5246,647041470,647041474,88.908,30.0,residential,1,0
5247,647041474,647041481,22.025,30.0,residential,1,0
5248,647041474,647089007,35.318,30.0,residential,1,0
5249,647041474,647041470,88.908,30.0,residential,1,0
5250,647041481,647041456,45.224,30.0,residential,1,0
5251,647041481,647041474,22.025,30.0,residential,1,0
5252,647041481,647041483,121.944,30.0,residential,1,0
5253,647041483,647041481,121.944,30.0,residential,1,0
5254,647041483,647041424,62.336,30.0,living_street,1,0
5255,647041483,647088999,120.664,30.0,residential,1,0
5256,647041489,581986010,195.946,30.0,residential,1,0
5257,647041489,647089029,61.07,30.0,residential,1,0
5258,647041489,647088999,59.877,30.0,residential,1,0
5259,647041489,684521427,229.75799999999998,30.0,living_street,1,0
5260,647088999,647041489,59.877,30.0,residential,1,0
5261,647088999,647089007,192.808,30.0,residential,1,0
5262,647088999,647041483,120.664,30.0,residential,1,0
5263,647089007,647041474,35.318,30.0,residential,1,0
5264,647089007,581986010,65.094,30.0,residential,1,0
5265,647089007,647088999,192.808,30.0,residential,1,0
5266,647089015,581986372,138.88400000000001,30.0,residential,1,0
5267,647089015,581986010,191.573,30.0,residential,1,0
5268,647089015,684521423,124.456,30.0,residential,1,0
5269,647089018,684521427,56.178,30.0,residential,1,0
5270,647089029,647041489,61.07,30.0,residential,1,0
5271,647089029,647033265,10.374,30.0,residential,1,0
5272,647089029,647089018,242.975,30.0,residential,1,1
5273,649085133,649089576,44.725,30.0,residential,1,0
5274,649085133,1290054493,76.626,30.0,residential,1,0
5275,649085133,649089587,25.848999999999997,30.0,residential,1,0
5276,649085167,9982045009,31.1,30.0,residential,1,1
5277,649085196,649089569,144.516,30.0,residential,1,0
5278,649085201,649085225,61.024,30.0,residential,1,0
5279,649085201,649085207,72.177,30.0,residential,1,0
5280,649085201,649096728,74.483,30.0,residential,1,0
5281,649085207,649085201,72.177,30.0,residential,1,0
5282,649085225,649085201,61.024,30.0,residential,1,0
5283,649085266,649085167,135.651,30.0,residential,1,1
5284,649085266,649085196,175.004,30.0,residential,1,1
5285,649089541,649089547,106.729,30.0,residential,1,1
5286,649089541,649089587,239.01000000000002,30.0,living_street,1,0
5287,649089547,649089553,65.477,30.0,residential,1,1
5288,649089547,649089576,231.922,30.0,living_street,1,0
5289,649089553,649085167,71.024,30.0,residential,1,1
5290,649089569,649089576,81.622,30.0,residential,1,0
5291,649089569,649085196,144.516,30.0,residential,1,0
5292,649089569,649089553,232.177,30.0,residential,1,1
5293,649089576,649085133,44.725,30.0,residential,1,0
5294,649089576,649089569,81.622,30.0,residential,1,0
5295,649089576,649089547,231.92200000000003,30.0,living_street,1,0
5296,649089587,649096682,85.139,30.0,residential,1,0
5297,649089587,649085133,25.848999999999997,30.0,residential,1,0
5298,649089587,649089541,239.01,30.0,living_street,1,0
5299,649096682,649096706,75.788,30.0,residential,1,0
5300,649096682,649089587,85.139,30.0,residential,1,0
5301,649096690,649089541,68.774,30.0,residential,1,1
5302,649096690,649096682,219.844,30.0,residential,1,1
5303,649096706,649096682,75.788,30.0,residential,1,0
5304,649096706,649096714,124.101,30.0,residential,1,0
5305,649096706,649096768,44.418,30.0,residential,1,0
5306,649096714,649096706,124.101,30.0,residential,1,0
5307,649096714,649096751,45.49,30.0,living_street,1,1
5308,649096714,563932482,89.37700000000001,30.0,residential,1,0
5309,649096728,649096768,41.099,30.0,residential,1,0
5310,649096728,649096733,121.815,30.0,residential,1,1
5311,649096728,649085201,74.483,30.0,residential,1,0
5312,649096733,649096738,90.978,30.0,residential,1,1
5313,649096738,649096776,40.954,30.0,residential,1,1
5314,649096751,649096733,40.062,30.0,living_street,1,1
5315,649096751,649096776,91.709,30.0,living_street,1,1
5316,649096768,649096728,41.099,30.0,residential,1,0
5317,649096768,649096751,122.936,30.0,living_street,1,1
5318,649096768,649096706,44.418,30.0,residential,1,0
5319,649096776,563927922,37.042,30.0,residential,1,1
5320,649102843,446138537,87.957,30.0,residential,1,1
5321,649102843,2006016807,110.756,30.0,residential,1,1
5322,649102865,649102942,76.296,30.0,residential,1,1
5323,649102921,649102843,75.372,30.0,residential,1,1
5324,649102942,651270831,83.511,30.0,residential,1,1
5325,649102942,2006016715,98.4,30.0,residential,1,1
5326,649537530,649085207,46.315,30.0,residential,1,1
5327,649537530,563942150,167.77200000000002,30.0,residential,1,1
5328,649537543,563927884,105.84,50.0,tertiary,1,0
5329,649537543,563942150,127.593,50.0,tertiary,1,0
5330,649537543,649537530,73.095,30.0,residential,1,1
5331,651270831,672653573,8.645,30.0,residential,1,0
5332,651270831,1688194303,82.212,30.0,residential,1,0
5333,655131669,563990273,69.835,30.0,residential,1,0
5334,655131669,563987463,157.16,30.0,residential,1,0
5335,667786477,340001348,36.578,50.0,secondary,3,1
5336,667786477,4204587168,281.8020000000001,50.0,secondary_link,2,1
5337,672188143,672188145,75.474,30.0,residential,1,0
5338,672188143,672188180,154.075,30.0,residential,1,0
5339,672188143,672188165,188.745,30.0,residential,1,1
5340,672188145,672188146,66.723,30.0,residential,1,0
5341,672188145,672188143,75.474,30.0,residential,1,0
5342,672188145,672188181,152.022,30.0,residential,1,0
5343,672188145,672188163,198.664,30.0,residential,1,0
5344,672188146,672188145,66.723,30.0,residential,1,0
5345,672188146,672188147,77.529,30.0,residential,1,0
5346,672188146,672188181,206.369,30.0,residential,1,0
5347,672188146,672188150,212.125,30.0,residential,1,0
5348,672188147,681273909,19.855,30.0,residential,1,0
5349,672188147,672188146,77.529,30.0,residential,1,0
5350,672188147,3738160515,324.44300000000004,50.0,tertiary,2,1
5351,672188150,672188146,212.125,30.0,residential,1,0
5352,672188150,672226418,50.007000000000005,30.0,residential,1,0
5353,672188163,672188145,198.664,30.0,residential,1,0
5354,672188163,672188150,83.076,30.0,residential,1,1
5355,672188165,672188163,75.024,30.0,residential,1,1
5356,672188180,672188181,55.13,30.0,residential,1,0
5357,672188180,672188143,154.07500000000002,30.0,residential,1,0
5358,672188180,11816615028,96.707,30.0,residential,1,1
5359,672188181,672188180,55.13,30.0,residential,1,0
5360,672188181,672188145,152.022,30.0,residential,1,0
5361,672188181,672188146,206.369,30.0,residential,1,0
5362,672226418,672188150,50.007000000000005,30.0,residential,1,0
5363,672653542,672653573,55.564,30.0,residential,1,0
5364,672653542,672653547,50.836,30.0,residential,1,0
5365,672653543,672653542,189.566,30.0,residential,1,1
5366,672653543,672653568,53.086,30.0,residential,1,0
5367,672653543,672653559,136.039,30.0,residential,1,0
5368,672653547,672653548,36.702,30.0,residential,1,1
5369,672653547,672653542,50.836,30.0,residential,1,0
5370,672653547,563932497,88.217,30.0,residential,1,0
5371,672653548,672653549,37.948,30.0,residential,1,1
5372,672653548,672653557,90.106,30.0,living_street,1,1
5373,672653549,672653551,36.985,30.0,residential,1,1
5374,672653549,672653556,89.431,30.0,residential,1,0
5375,672653551,672653554,88.787,30.0,living_street,1,1
5376,672653551,672653553,118.607,30.0,residential,1,1
5377,672653553,672653554,31.605,30.0,residential,1,1
5378,672653554,672653556,36.941,30.0,residential,1,1
5379,672653556,672653557,39.194,30.0,residential,1,1
5380,672653556,672653549,89.431,30.0,residential,1,0
5381,672653557,563932493,26.737,30.0,residential,1,1
5382,672653559,672653553,49.33,30.0,residential,1,1
5383,672653559,672653543,136.039,30.0,residential,1,0
5384,672653563,672653567,41.464,30.0,residential,1,0
5385,672653567,672653568,10.363,30.0,residential,1,0
5386,672653567,672653563,41.464,30.0,residential,1,0
5387,672653567,672653570,43.59,30.0,residential,1,1
5388,672653568,672653543,53.086,30.0,residential,1,0
5389,672653568,672653567,10.363,30.0,residential,1,0
5390,672653570,672653568,45.647,30.0,residential,1,1
5391,672653573,672653570,147.551,30.0,living_street,1,1
5392,672653573,651270831,8.645,30.0,residential,1,0
5393,672653573,672653542,55.564,30.0,residential,1,0
5394,672924222,849307674,1.405,50.0,residential,1,1
5395,672924228,849307681,3.038,50.0,residential,1,1
5396,679327820,1168935321,46.756,30.0,residential,1,0
5397,679327820,1168935536,33.934,30.0,residential,1,1
5398,679329266,417646258,126.422,30.0,residential,1,0
5399,679329266,417132414,53.665,30.0,residential,1,0
5400,679329266,679330265,170.764,30.0,living_street,1,1
5401,679330265,369345564,34.593,30.0,residential,1,1
5402,679331025,679332816,86.496,30.0,residential,1,0
5403,679331025,387490406,25.944,30.0,residential,1,0
5404,679331025,681536220,43.066,30.0,residential,1,0
5405,679332816,679333658,165.707,30.0,residential,1,0
5406,679332816,679331025,86.496,30.0,residential,1,0
5407,679332816,417645291,165.08200000000002,30.0,residential,1,0
5408,679333658,679332816,165.707,30.0,residential,1,0
5409,679333658,417132415,34.746,30.0,residential,1,0
5410,679333658,679334601,68.53699999999999,30.0,living_street,1,0
5411,679334601,679334604,56.06,30.0,living_street,1,1
5412,679334601,679334604,166.18300000000002,30.0,living_street,1,0
5413,679334601,679333658,68.53699999999999,30.0,living_street,1,0
5414,679334604,417644123,121.40799999999999,30.0,living_street,1,1
5415,679334604,679334601,166.183,30.0,living_street,1,0
5416,681262526,11964303020,55.959,30.0,residential,1,0
5417,681262526,566747880,81.141,30.0,residential,1,0
5418,681262526,11964303011,129.302,30.0,residential,1,0
5419,681262537,681262541,80.618,30.0,residential,1,0
5420,681262541,566747881,118.145,30.0,residential,1,0
5421,681262541,11964303020,44.092999999999996,30.0,residential,1,0
5422,681262541,681262537,80.618,30.0,residential,1,0
5423,681262557,681262562,23.532,30.0,residential,1,0
5424,681262562,681262564,89.061,30.0,residential,1,0
5425,681262562,681262557,23.532,30.0,residential,1,0
5426,681262562,3817373287,102.005,30.0,residential,1,0
5427,681262564,6754914547,182.253,30.0,tertiary,1,0
5428,681262564,681262562,89.061,30.0,residential,1,0
5429,681262564,566747877,46.879,30.0,tertiary,1,0
5430,681262584,681262590,91.945,50.0,residential,1,0
5431,681262590,681262584,91.94500000000001,50.0,residential,1,0
5432,681262590,6754914546,439.76699999999994,30.0,tertiary,2,0
5433,681262590,6952780430,50.949,30.0,tertiary,2,0
5434,681263651,681263652,123.226,50.0,residential,1,1
5435,681263651,1951178799,51.985,50.0,residential,1,0
5436,681263651,935479472,84.35000000000001,50.0,residential,1,0
5437,681263652,1951178807,89.946,50.0,residential,1,0
5438,681263652,318751914,73.83500000000001,50.0,residential,1,1
5439,681273909,672188147,19.855,30.0,residential,1,0
5440,681273909,681273913,208.682,50.0,tertiary,2,1
5441,681273912,1312275221,11.226,50.0,tertiary,2,1
5442,681273912,282458294,636.2629999999999,50.0,tertiary,3,1
5443,681273913,2481674083,15.574,50.0,secondary,1,1
5444,681273913,1688194293,86.377,50.0,secondary,1,0
5445,681273913,681273915,645.7189999999999,50.0,tertiary,3,1
5446,681273915,1271251240,9.701,50.0,tertiary,3,1
5447,681273915,1290054493,352.155,50.0,tertiary,1,1
5448,681273917,564006449,13.609,30.0,residential,1,0
5449,681273917,7160499215,15.595,30.0,tertiary,1,1
5450,681273917,647033265,72.198,30.0,residential,1,0
5451,681273917,681273918,331.298,50.0,tertiary,2,1
5452,681273918,3551724563,11.587,50.0,tertiary,1,1
5453,681273918,1228349,402.791,50.0,primary,2,1
5454,681517078,681517402,189.159,50.0,residential,1,0
5455,681517402,681517403,196.30900000000005,50.0,residential,1,1
5456,681517402,681517078,189.159,50.0,residential,1,0
5457,681517402,681578494,74.229,50.0,tertiary,2,1
5458,681517403,1571764097,146.35100000000003,50.0,tertiary,3,1
5459,681533686,387490555,70.723,30.0,residential,1,1
5460,681533686,681533941,68.703,30.0,residential,1,0
5461,681533941,681533686,68.703,30.0,residential,1,0
5462,681533941,681534294,18.968,50.0,residential,1,0
5463,681533941,681534293,21.554,50.0,residential,1,0
5464,681533984,387490405,18.209,30.0,residential,1,0
5465,681533985,387490405,20.24,30.0,residential,1,0
5466,681534293,681533941,21.554,50.0,residential,1,0
5467,681534294,681533941,18.968,50.0,residential,1,0
5468,681535275,681533686,66.081,30.0,residential,1,1
5469,681535275,681535608,69.511,30.0,residential,1,0
5470,681535608,681535275,69.511,30.0,residential,1,0
5471,681535608,681535816,20.168,30.0,residential,1,0
5472,681535608,681535815,14.194,30.0,residential,1,0
5473,681535815,681535608,14.194,30.0,residential,1,0
5474,681535816,681535608,20.168,30.0,residential,1,0
5475,681536220,681536555,64.655,30.0,residential,1,0
5476,681536220,679331025,43.066,30.0,residential,1,0
5477,681536555,681536220,64.655,30.0,residential,1,0
5478,681536555,681536795,20.215,30.0,residential,1,0
5479,681536555,681536789,14.144,30.0,residential,1,0
5480,681536789,681536555,14.144,30.0,residential,1,0
5481,681536795,681536555,20.215,30.0,residential,1,0
5482,681554282,681555854,30.608,30.0,residential,1,1
5483,681554282,579601793,112.019,50.0,residential,1,0
5484,681555854,365768435,39.813,30.0,residential,1,1
5485,681555963,3593580055,31.333,50.0,residential,1,0
5486,681556436,681555854,114.562,50.0,residential,1,1
5487,681570928,2122980995,15.441,50.0,tertiary,1,1
5488,681570928,681572534,216.54600000000002,50.0,residential,1,1
5489,681572534,5194536395,64.978,50.0,residential,1,1
5490,681572534,939855204,177.421,50.0,residential,1,1
5491,681572534,4017282120,79.41900000000001,50.0,residential,1,1
5492,681578494,9780236984,195.146,50.0,residential,1,0
5493,681578494,1574692681,51.03,50.0,tertiary,2,1
5494,681665116,11028054579,167.15599999999995,50.0,residential,1,1
5495,681665116,357533360,95.586,50.0,residential,1,1
5496,684521272,3230599298,18.346,50.0,tertiary,1,0
5497,684521272,684521284,109.018,30.0,residential,1,0
5498,684521272,2958525652,33.507,50.0,tertiary,1,0
5499,684521278,1286559957,46.38,50.0,tertiary,1,0
5500,684521278,684521304,35.45,50.0,tertiary,1,0
5501,684521281,684521285,51.794,30.0,residential,1,0
5502,684521284,684521340,118.492,30.0,residential,1,0
5503,684521284,684521399,35.885,30.0,residential,1,1
5504,684521284,684521285,26.204,30.0,residential,1,0
5505,684521284,684521272,109.018,30.0,residential,1,0
5506,684521285,684521281,51.794,30.0,residential,1,0
5507,684521285,684521284,26.204,30.0,residential,1,0
5508,684521285,684521343,121.975,30.0,residential,1,0
5509,684521295,1286564600,27.745,50.0,tertiary,1,0
5510,684521295,684521300,18.51,50.0,tertiary,1,0
5511,684521300,684521295,18.51,50.0,tertiary,1,0
5512,684521300,2958525652,72.76599999999999,50.0,tertiary,1,0
5513,684521304,684521335,92.823,30.0,residential,1,1
5514,684521304,684521278,35.45,50.0,tertiary,1,0
5515,684521304,1286564600,16.243,50.0,tertiary,1,0
5516,684521321,684521323,17.565,50.0,living_street,1,0
5517,684521323,684521321,17.565,50.0,living_street,1,0
5518,684521323,684521295,88.627,30.0,residential,1,1
5519,684521328,1286559957,42.488,50.0,tertiary,1,0
5520,684521328,684521361,129.643,30.0,residential,1,1
5521,684521328,563977927,84.768,50.0,tertiary,1,0
5522,684521335,684521338,29.958,30.0,residential,1,0
5523,684521335,684521347,116.438,30.0,residential,1,1
5524,684521338,684521335,29.958,30.0,residential,1,0
5525,684521338,684521323,43.38,30.0,residential,1,1
5526,684521338,684521343,41.885999999999996,30.0,residential,1,0
5527,684521340,684521284,118.492,30.0,residential,1,0
5528,684521340,684521419,35.184,30.0,residential,1,0
5529,684521340,684521343,26.985,30.0,residential,1,0
5530,684521340,684521422,82.667,30.0,residential,1,0
5531,684521343,684521340,26.985,30.0,residential,1,0
5532,684521343,684521353,77.646,30.0,residential,1,0
5533,684521343,684521338,41.886,30.0,residential,1,0
5534,684521343,684521285,121.975,30.0,residential,1,0
5535,684521347,2490677664,23.52,30.0,residential,1,1
5536,684521349,684521347,27.348,30.0,residential,1,1
5537,684521349,684521351,31.022,30.0,residential,1,1
5538,684521351,684521353,39.956,30.0,residential,1,0
5539,684521351,684521338,83.636,30.0,residential,1,1
5540,684521353,684521422,29.878,30.0,residential,1,0
5541,684521353,684521351,39.956,30.0,residential,1,0
5542,684521353,684521343,77.646,30.0,residential,1,0
5543,684521358,684521349,124.208,30.0,residential,1,1
5544,684521358,1286580183,94.851,30.0,residential,1,0
5545,684521361,564006596,30.751,30.0,residential,1,1
5546,684521363,1286573082,132.372,30.0,residential,1,1
5547,684521363,684521361,32.239,30.0,residential,1,1
5548,684521365,1286577036,12.066,30.0,residential,1,1
5549,684521373,647033266,8.658,30.0,residential,1,1
5550,684521373,684521376,55.232,30.0,residential,1,0
5551,684521376,2481705235,43.296,30.0,residential,1,0
5552,684521376,684521385,38.721,30.0,residential,1,0
5553,684521376,684521373,55.232,30.0,residential,1,0
5554,684521378,647033250,11.953,30.0,residential,1,1
5555,684521378,684521385,52.576,30.0,residential,1,0
5556,684521380,684521399,101.39,30.0,residential,1,0
5557,684521385,684521376,38.721,30.0,residential,1,0
5558,684521385,684521397,51.409,30.0,residential,1,0
5559,684521385,684521378,52.576,30.0,residential,1,0
5560,684521396,647033257,8.33,30.0,residential,1,1
5561,684521396,684521397,49.524,30.0,residential,1,0
5562,684521397,684521385,51.409,30.0,residential,1,0
5563,684521397,684521402,51.479,30.0,residential,1,0
5564,684521397,684521396,49.524,30.0,residential,1,0
5565,684521399,684521380,101.39,30.0,residential,1,0
5566,684521399,684521397,38.444,30.0,residential,1,1
5567,684521400,647033262,14.156,30.0,residential,1,1
5568,684521400,684521402,47.138,30.0,residential,1,0
5569,684521402,684521397,51.479,30.0,residential,1,0
5570,684521402,684521403,39.176,30.0,residential,1,0
5571,684521402,684521400,47.138,30.0,residential,1,0
5572,684521403,647041470,45.839,30.0,residential,1,0
5573,684521403,684521402,39.176,30.0,residential,1,0
5574,684521403,684521412,33.79,30.0,residential,1,0
5575,684521405,684521420,70.007,30.0,residential,1,1
5576,684521405,684521414,30.092,30.0,residential,1,0
5577,684521406,647041470,37.548,30.0,residential,1,1
5578,684521406,684521408,45.009,30.0,residential,1,0
5579,684521408,684521412,6.223,30.0,residential,1,0
5580,684521408,684521410,63.529,30.0,residential,1,0
5581,684521408,684521406,45.009,30.0,residential,1,0
5582,684521410,684521408,63.529,30.0,residential,1,0
5583,684521410,684521414,5.616,30.0,residential,1,0
5584,684521410,684521415,44.177,30.0,residential,1,0
5585,684521412,684521419,38.216,30.0,residential,1,0
5586,684521412,684521403,33.79,30.0,residential,1,0
5587,684521412,684521408,6.223,30.0,residential,1,0
5588,684521414,684521410,5.616,30.0,residential,1,0
5589,684521414,684521405,30.092,30.0,residential,1,0
5590,684521414,684521417,39.224,30.0,residential,1,1
5591,684521415,684521406,61.833,30.0,residential,1,1
5592,684521415,684521410,44.177,30.0,residential,1,0
5593,684521417,684521419,79.685,30.0,residential,1,1
5594,684521417,684521422,31.654,30.0,residential,1,1
5595,684521419,684521412,38.216,30.0,residential,1,0
5596,684521419,684521340,35.184,30.0,residential,1,0
5597,684521419,684521399,122.197,30.0,residential,1,1
5598,684521420,684521349,70.023,30.0,residential,1,1
5599,684521420,684521422,31.338,30.0,residential,1,0
5600,684521422,684521353,29.878,30.0,residential,1,0
5601,684521422,684521420,31.338,30.0,residential,1,0
5602,684521422,684521340,82.667,30.0,residential,1,0
5603,684521423,684521432,125.524,30.0,residential,1,0
5604,684521423,684521427,87.696,30.0,residential,1,0
5605,684521423,647089015,124.456,30.0,residential,1,0
5606,684521423,684521426,61.246,30.0,residential,1,0
5607,684521426,684521423,61.246,30.0,residential,1,0
5608,684521427,647089018,56.178,30.0,residential,1,0
5609,684521427,684521423,87.696,30.0,residential,1,0
5610,684521427,647041489,229.758,30.0,living_street,1,0
5611,684521432,684521423,125.524,30.0,residential,1,0
5612,700714000,700714010,42.93,50.0,residential,1,1
5613,700714010,700714000,21.665999999999997,50.0,residential,1,1
5614,700714010,3655260403,28.431,50.0,residential,1,1
5615,705536611,705536703,80.551,50.0,residential,1,0
5616,705536611,1208799499,58.644,50.0,tertiary,3,0
5617,705536611,2470061865,80.443,50.0,tertiary,3,0
5618,705536703,705536611,80.551,50.0,residential,1,0
5619,722421609,1128602912,109.112,50.0,residential,1,0
5620,722421609,722421613,58.437,50.0,residential,1,0
5621,722421609,6579560106,166.19299999999998,50.0,residential,1,0
5622,722421613,1128602941,109.545,50.0,residential,1,0
5623,722421613,722421609,58.437,50.0,residential,1,0
5624,722421613,4135913663,172.39499999999998,50.0,residential,1,0
5625,724191521,6566105107,19.768,50.0,secondary,2,1
5626,724191521,6454784752,22.115000000000002,50.0,tertiary,2,1
5627,724192875,1203668142,18.101,50.0,residential,1,1
5628,724192875,440062857,230.901,50.0,secondary,2,1
5629,744759658,1911011742,99.675,50.0,residential,1,0
5630,744759686,744759701,7.392,50.0,residential,1,0
5631,744759686,534409264,220.324,50.0,primary,2,1
5632,744759686,3220033352,157.469,50.0,residential,1,0
5633,744759701,744759686,7.392,50.0,residential,1,0
5634,744759701,2481705225,112.993,50.0,primary,2,1
5635,744759706,2481705244,168.637,50.0,primary,2,1
5636,747694259,747694263,49.033,30.0,residential,1,0
5637,747694263,747694259,49.033,30.0,residential,1,0
5638,747694263,747694264,90.9,30.0,residential,1,1
5639,747694264,332205587,115.469,30.0,residential,1,1
5640,747780542,747694263,114.381,30.0,residential,1,1
5641,747780542,332205587,86.929,50.0,residential,1,1
5642,765790376,563990833,7.487,30.0,residential,1,1
5643,765790418,563996235,5.148,30.0,residential,1,1
5644,765790418,11515711958,56.046,30.0,residential,1,1
5645,766773323,415454481,121.381,50.0,unclassified,1,0
5646,790752840,139719,145.543,30.0,residential,1,1
5647,790752840,139716,92.183,30.0,residential,1,1
5648,794293349,354041770,545.167,30.0,residential,1,0
5649,794293349,354040269,21.435,30.0,residential,1,1
5650,798471949,798471965,28.067000000000004,30.0,residential,1,1
5651,798471965,798471972,12.866999999999999,30.0,residential,1,1
5652,798471972,798471980,8.214,30.0,residential,1,1
5653,798471972,11493079633,29.823999999999998,30.0,residential,1,1
5654,798471980,798471949,14.641,30.0,residential,1,1
5655,799400621,332204071,182.798,50.0,tertiary,1,1
5656,799417137,540420234,39.312,50.0,residential,1,1
5657,799417137,357545243,103.973,30.0,residential,1,1
5658,799418395,286643492,92.389,50.0,residential,1,1
5659,799418395,540426692,66.612,50.0,residential,1,1
5660,799419132,540430951,72.224,50.0,residential,2,0
5661,799419132,540427864,74.853,50.0,residential,2,0
5662,799420454,2515962026,9.083,50.0,secondary,3,1
5663,799420454,540435293,61.596000000000004,50.0,residential,2,1
5664,799422258,1931861696,28.650000000000002,50.0,residential,1,1
5665,799422258,580743782,63.321,30.0,residential,1,1
5666,799423519,540438326,60.754,50.0,tertiary,1,1
5667,799423519,2216120256,112.945,50.0,tertiary,1,1
5668,799423906,799423919,23.276,50.0,residential,1,1
5669,799423906,3297221371,19.409,50.0,residential,1,0
5670,799423919,6017732748,24.381,50.0,residential,1,1
5671,799423919,6017732745,64.309,50.0,residential,1,0
5672,799423989,318185913,39.804,50.0,residential,1,1
5673,799423989,318186699,32.001000000000005,50.0,residential,1,0
5674,799424567,1143763381,76.134,50.0,residential,1,1
5675,799424567,549245459,50.015,50.0,residential,1,1
5676,800835093,2344624315,81.501,50.0,secondary,4,1
5677,800950934,354044825,15.716,50.0,residential,1,0
5678,800950934,10127170959,411.871,70.0,tertiary,3,1
5679,800951775,1695278938,62.144,30.0,residential,1,1
5680,803481930,354046851,17.369,50.0,residential,1,1
5681,803481930,1546447339,60.792,50.0,residential,1,1
5682,806982244,806982247,16.916,50.0,tertiary,1,1
5683,806982244,603554588,131.707,50.0,tertiary,3,1
5684,806982247,415447520,11.191,50.0,tertiary,1,1
5685,806982293,335853130,25.196,50.0,tertiary,1,1
5686,806982293,1125973070,171.686,50.0,tertiary,1,1
5687,806982470,354043588,10.815999999999999,50.0,residential,1,1
5688,806982538,409721821,23.308,30.0,residential,1,1
5689,806982538,409726977,46.878,50.0,residential,1,1
5690,806982607,806982610,23.721,50.0,tertiary,1,1
5691,806982607,1107317176,38.899,50.0,tertiary,1,1
5692,806982610,340376918,4.305,50.0,tertiary,1,1
5693,840370986,413898297,16.455,30.0,tertiary,1,1
5694,840370986,414685307,77.703,30.0,residential,1,0
5695,840371341,336102840,82.202,30.0,residential,1,0
5696,840371341,4995069457,17.741,30.0,tertiary,1,1
5697,840916373,841613527,170.76999999999998,50.0,residential,1,0
5698,840916377,841613936,180.945,50.0,residential,1,0
5699,841613527,840916373,170.76999999999998,50.0,residential,1,0
5700,841613527,841613936,143.233,50.0,tertiary,1,1
5701,841613936,840916377,180.945,50.0,residential,1,0
5702,841613936,11498283527,143.693,50.0,tertiary,1,1
5703,846225440,417646390,18.851999999999997,30.0,residential,1,1
5704,846225440,417646587,104.221,30.0,residential,1,1
5705,847958573,1688171007,91.146,50.0,residential,1,1
5706,847958573,847958580,12.402,50.0,residential,1,1
5707,847958580,530714287,5.585,50.0,residential,1,1
5708,847958597,536734011,101.732,50.0,residential,2,1
5709,847958597,530714283,8.357,50.0,residential,1,1
5710,849307551,417640523,311.894,30.0,tertiary,2,1
5711,849307551,369345564,30.470999999999997,30.0,tertiary,1,1
5712,849307622,417636920,18.633000000000003,50.0,residential,1,1
5713,849307622,463257215,180.737,30.0,residential,1,0
5714,849307633,849307635,10.636000000000001,50.0,residential,1,1
5715,849307635,4057414388,42.001999999999995,50.0,residential,1,1
5716,849307635,849307639,21.21,50.0,residential,1,1
5717,849307639,4220237826,9.48,50.0,residential,1,1
5718,849307674,849307676,18.352999999999998,50.0,residential,1,1
5719,849307674,6879485112,20.573999999999998,50.0,residential,1,1
5720,849307676,3264766716,14.926,50.0,residential,1,1
5721,849307681,672924222,16.748,50.0,residential,1,1
5722,849307681,10579294334,273.642,50.0,residential,1,1
5723,849313316,410210096,132.753,50.0,residential,1,0
5724,849313316,1156243378,64.118,50.0,residential,1,0
5725,849313316,410210121,87.976,50.0,residential,1,0
5726,849313316,417648007,122.57300000000001,50.0,"['residential', 'living_street']",1,0
5727,849338631,849338635,86.722,50.0,secondary,2,1
5728,870887825,870887828,37.649,30.0,residential,1,1
5729,870887825,1143770881,72.23599999999999,30.0,residential,1,1
5730,870887828,1208799483,107.53199999999998,30.0,residential,1,1
5731,870887828,1208799506,26.049,30.0,residential,1,0
5732,886143282,5104788482,112.252,30.0,residential,1,1
5733,886143282,318181242,128.69,50.0,tertiary,3,1
5734,886143319,549244664,16.676,50.0,residential,1,0
5735,886143319,318412288,95.076,50.0,residential,1,1
5736,889984867,289499143,27.067999999999998,50.0,residential,1,1
5737,889984867,5291292908,34.562000000000005,50.0,residential,1,0
5738,900645779,286544166,16.976,50.0,primary,3,1
5739,900645779,1225576609,24.845000000000002,50.0,primary,4,1
5740,900655290,1102002591,74.873,30.0,residential,1,0
5741,900655290,900655290,74.547,30.0,residential,1,0
5742,900655290,900655290,74.547,30.0,residential,1,0
5743,900655290,414685307,53.404,30.0,residential,1,0
5744,902736435,7056968251,192.586,50.0,residential,1,1
5745,902736436,902736435,72.909,50.0,residential,1,1
5746,902736436,476387543,94.228,50.0,secondary,2,1
5747,911648722,2203631392,22.406,50.0,unclassified,1,1
5748,911648722,341348975,59.184,50.0,unclassified,1,1
5749,917228434,409722708,3.892,30.0,residential,1,1
5750,918718913,1127659147,35.352000000000004,50.0,secondary_link,1,1
5751,918718913,11806001129,21.641000000000002,50.0,tertiary,1,1
5752,922576795,469954005,87.102,50.0,residential,2,0
5753,922576795,2203137266,74.147,50.0,residential,2,1
5754,924450733,2584166679,9.562000000000001,50.0,secondary,1,1
5755,924450764,6502043984,23.436,50.0,secondary,1,1
5756,924450764,924450733,14.533000000000001,50.0,secondary,1,1
5757,924516679,924516681,6.763999999999999,50.0,tertiary,1,1
5758,924516679,1933709167,95.089,50.0,tertiary,2,1
5759,924516681,549265086,16.457,50.0,tertiary,1,1
5760,924516714,924516716,8.925,50.0,tertiary,1,1
5761,924516716,924516720,16.055999999999997,50.0,tertiary,1,1
5762,924516716,2931878941,106.346,30.0,residential,1,1
5763,924516720,924516725,8.562000000000001,50.0,tertiary,1,1
5764,924516725,1575611385,65.97999999999999,50.0,tertiary,1,1
5765,924516725,924516730,13.403000000000002,50.0,tertiary,1,1
5766,924516730,2216964320,4.237,50.0,tertiary,1,1
5767,924516738,3817373277,7.098,50.0,tertiary,1,1
5768,924516872,11018909846,121.489,30.0,residential,1,1
5769,924516872,924516883,42.184,30.0,residential,1,1
5770,924516883,549256221,19.739,30.0,residential,1,1
5771,924516883,1563756538,102.25399999999999,30.0,residential,1,0
5772,925632919,531970751,74.024,30.0,residential,1,0
5773,925632919,335851740,99.36,30.0,residential,1,0
5774,925632919,925632920,186.91000000000003,30.0,residential,1,0
5775,925632920,565445728,100.347,30.0,residential,1,0
5776,925632920,925632919,186.91000000000003,30.0,residential,1,0
5777,925632920,925632921,38.201,30.0,residential,1,0
5778,925632920,565445731,66.147,30.0,residential,1,0
5779,925632921,925632920,38.201,30.0,residential,1,0
5780,935479472,4162302836,54.429,50.0,residential,1,0
5781,935479472,681263651,84.35000000000001,50.0,residential,1,0
5782,935479472,4162302833,54.553000000000004,50.0,residential,1,0
5783,937839291,549232724,76.795,50.0,residential,1,0
5784,937839291,315468518,95.344,50.0,living_street,1,1
5785,939855179,2496365203,11.107,50.0,tertiary,3,1
5786,939855181,1574582460,14.964,50.0,tertiary,3,1
5787,939855181,1574582425,35.835,50.0,tertiary,3,0
5788,939855181,939855184,121.24600000000001,50.0,residential,1,0
5789,939855184,939855185,68.392,50.0,residential,1,0
5790,939855184,939855205,112.414,50.0,residential,1,1
5791,939855184,939855181,121.24600000000001,50.0,residential,1,0
5792,939855185,939855184,68.392,50.0,residential,1,0
5793,939855185,939855186,78.98,50.0,tertiary,3,1
5794,939855186,1574692888,84.755,50.0,tertiary,3,1
5795,939855189,939855184,72.418,50.0,residential,1,1
5796,939855189,939855186,67.27799999999999,50.0,residential,1,1
5797,939855195,939855189,63.322,50.0,residential,1,1
5798,939855204,3699173883,66.261,50.0,residential,1,1
5799,939855204,1574582517,70.922,50.0,tertiary,3,1
5800,939855205,9624492242,60.054,50.0,residential,1,1
5801,940859765,563999196,5.726,30.0,tertiary,1,1
5802,940859779,940859939,160.874,50.0,tertiary,1,1
5803,940859779,563998338,9.51,30.0,tertiary,1,1
5804,940859925,563997611,10.692,30.0,tertiary,1,1
5805,940859939,940859940,7.168,30.0,tertiary,1,1
5806,940859940,940859951,24.782000000000004,30.0,tertiary,1,1
5807,940859940,1238907349,141.663,30.0,residential,1,1
5808,940859951,940859952,10.443000000000001,30.0,tertiary,1,1
5809,940859952,940859958,15.157,30.0,tertiary,1,1
5810,940859952,2134290434,52.947,30.0,residential,1,1
5811,940859958,940859961,4.44,30.0,tertiary,1,1
5812,940859961,3738151610,121.542,30.0,tertiary,1,1
5813,940859961,940859925,11.981000000000002,30.0,tertiary,1,1
5814,940860070,346147978,91.478,30.0,residential,1,0
5815,940860070,940860079,13.822,30.0,residential,1,1
5816,940860079,581977614,9.867,30.0,residential,1,1
5817,940860079,1238907403,166.437,30.0,residential,1,0
5818,940860114,940860120,9.945,30.0,tertiary,1,1
5819,940860120,940860125,11.491,30.0,tertiary,1,1
5820,940860120,2134290548,67.022,30.0,residential,1,1
5821,940860125,940860127,10.327,30.0,tertiary,1,1
5822,940860127,3738151583,12.266000000000002,30.0,tertiary,1,1
5823,940860127,564006449,181.18299999999996,30.0,tertiary,1,1
5824,953967417,289087265,16.139,70.0,secondary,1,1
5825,953967417,3147530513,26.953,50.0,secondary_link,1,1
5826,958070877,2485930977,26.58,30.0,residential,1,0
5827,958070877,2485930974,225.64400000000003,30.0,residential,1,0
5828,958070877,958441017,61.408,30.0,residential,1,0
5829,958074236,958441421,113.145,30.0,residential,1,0
5830,958076404,12887108501,21.686,50.0,tertiary,1,0
5831,958076404,415443303,93.111,50.0,tertiary,1,0
5832,958076404,5264242747,61.837,30.0,residential,1,0
5833,958086350,958446733,260.75199999999995,30.0,residential,1,0
5834,958086367,958445670,114.174,30.0,residential,1,0
5835,958441017,434304760,9.922,30.0,tertiary,1,0
5836,958441017,958070877,61.408,30.0,residential,1,0
5837,958441017,12887078699,154.222,30.0,tertiary,1,0
5838,958441421,958074236,113.145,30.0,residential,1,0
5839,958441421,2485930975,104.432,30.0,residential,1,0
5840,958441421,12887108502,63.979,30.0,residential,1,0
5841,958445670,1001172793,75.063,30.0,residential,1,0
5842,958445670,958445675,67.298,30.0,residential,1,0
5843,958445670,958086367,114.174,30.0,residential,1,0
5844,958445675,958446733,38.702,30.0,tertiary,1,0
5845,958445675,415447359,203.17699999999996,30.0,tertiary,1,0
5846,958445675,958445670,67.298,30.0,residential,1,0
5847,958446733,958445675,38.702,30.0,tertiary,1,0
5848,958446733,415447033,99.82300000000001,30.0,tertiary,1,0
5849,958446733,958086350,260.752,30.0,residential,1,0
5850,961868586,1164229440,245.26,50.0,primary,1,1
5851,968515103,2473987391,10.414,50.0,tertiary,3,1
5852,968515103,2344624300,29.468999999999998,50.0,tertiary,2,1
5853,968515113,1696746400,61.211,30.0,residential,2,0
5854,968515113,968515115,96.66499999999999,50.0,tertiary,1,1
5855,968515552,968515555,20.286,50.0,secondary,4,1
5856,968515552,12760486279,35.483000000000004,50.0,tertiary,4,1
5857,968515553,968515554,231.69,30.0,tertiary,1,1
5858,968515553,291705706,99.059,50.0,residential,1,0
5859,968515554,968515552,15.21,50.0,tertiary,3,1
5860,968515554,4010782672,56.159,60.0,secondary,3,1
5861,968515555,312283990,14.873,50.0,tertiary,2,1
5862,968515555,270425885,36.593,60.0,secondary,3,1
5863,977275666,442893181,20.702999999999996,30.0,tertiary,1,1
5864,978358922,978358925,47.06,30.0,residential,1,1
5865,978358922,5928553624,136.897,30.0,residential,1,1
5866,978358925,978358950,54.285,30.0,living_street,1,1
5867,978358925,1198550804,34.329,30.0,residential,1,0
5868,978358950,3992078710,111.17200000000001,30.0,living_street,1,1
5869,978358950,5219478944,42.51,30.0,living_street,1,0
5870,978369629,1199373010,172.54100000000003,30.0,residential,1,1
5871,978369634,4716344842,55.111,30.0,residential,1,1
5872,978369634,2112530141,105.1,30.0,residential,1,1
5873,978369656,2112530141,80.633,50.0,residential,1,1
5874,978369709,978369711,26.092,30.0,residential,1,1
5875,978369709,6496211525,97.978,30.0,living_street,1,0
5876,978369711,440282892,57.023,30.0,residential,1,1
5877,978369711,978369634,26.066,30.0,residential,1,1
5878,978369739,978369709,61.68099999999999,30.0,residential,1,1
5879,978369739,440282892,22.732999999999997,30.0,living_street,1,1
5880,978389307,3668921328,93.308,50.0,residential,1,0
5881,978389307,472591136,84.09100000000001,50.0,residential,1,0
5882,978389307,1199373039,80.212,50.0,residential,1,0
5883,983958272,983958273,151.826,50.0,residential,1,1
5884,983958272,1574582425,44.367999999999995,50.0,tertiary,2,0
5885,983958272,6095670907,278.69800000000004,50.0,tertiary,2,0
5886,983958273,352905165,146.215,50.0,residential,1,1
5887,983958273,6095670906,112.31700000000001,50.0,residential,1,1
5888,983958278,1574582479,43.206,50.0,residential,1,0
5889,983958278,6137358182,91.842,50.0,residential,1,1
5890,984158857,352905167,53.741,50.0,residential,1,1
5891,984158857,984206018,118.154,50.0,residential,1,1
5892,984206018,1574582406,72.027,50.0,tertiary,1,1
5893,985869969,2303015621,33.875,70.0,tertiary,3,1
5894,985869969,985869972,47.775999999999996,50.0,tertiary_link,1,1
5895,985869972,985869973,40.11,50.0,residential,1,1
5896,985869973,9256522643,17.131,50.0,residential,1,1
5897,985870034,1758359947,572.53,70.0,tertiary,3,1
5898,985870096,985870098,52.47,50.0,residential,1,1
5899,985870096,985869973,22.026999999999997,50.0,residential,1,1
5900,985870098,6337907153,23.588,50.0,residential,1,1
5901,985870098,985870034,32.977,50.0,tertiary_link,1,1
5902,985870134,9256522635,250.13000000000002,50.0,residential,1,0
5903,985870134,9256522651,88.78599999999999,50.0,residential,1,1
5904,985870142,9256522651,92.564,50.0,residential,1,0
5905,985870142,985870464,21.242,50.0,residential,1,1
5906,985870183,2136690477,460.59399999999994,50.0,residential,1,0
5907,985870183,9256522709,20.448999999999998,50.0,residential,1,1
5908,985870223,985870224,42.639,50.0,residential,1,0
5909,985870223,985870472,19.709,50.0,residential,1,1
5910,985870224,985870223,42.639,50.0,residential,1,0
5911,985870397,985870400,10.237,50.0,residential,1,1
5912,985870400,9256522690,21.487,50.0,residential,1,1
5913,985870400,9256522680,26.698,50.0,residential,1,1
5914,985870461,985870462,3.622,50.0,residential,1,1
5915,985870462,985870464,14.977999999999998,50.0,residential,1,1
5916,985870462,985870142,22.561000000000003,50.0,residential,1,1
5917,985870464,985870465,4.106,50.0,residential,1,1
5918,985870465,9256522709,14.510000000000002,50.0,residential,1,1
5919,985870465,985870183,20.270000000000003,50.0,residential,1,1
5920,985870469,985870472,14.742999999999999,50.0,residential,1,1
5921,985870469,985870223,18.560000000000002,50.0,residential,1,1
5922,985870472,9256522684,1.665,50.0,residential,1,1
5923,989278076,4173059488,13.87,30.0,residential,1,0
5924,989278076,989278079,210.209,50.0,tertiary,1,1
5925,989278079,989278080,20.796,50.0,tertiary,1,1
5926,989278079,471561552,28.031999999999996,50.0,tertiary_link,1,1
5927,989278080,989278081,9.409,50.0,tertiary,1,1
5928,989278080,471561552,22.570999999999998,30.0,residential,1,1
5929,989278081,1171698753,15.992,30.0,residential,1,1
5930,989278081,10579550539,243.07100000000005,50.0,tertiary,1,1
5931,989278106,417645519,365.85600000000005,50.0,tertiary,1,1
5932,989295163,1170452313,330.326,30.0,living_street,1,0
5933,989295163,989278106,72.53300000000002,50.0,living_street,1,1
5934,1001172514,1127788258,11.665,50.0,residential,1,0
5935,1001172514,1001172791,132.51100000000002,30.0,tertiary,1,1
5936,1001172655,1001172693,50.694,30.0,residential,1,1
5937,1001172655,415447423,88.584,30.0,tertiary,1,0
5938,1001172655,10829033609,160.321,30.0,tertiary,1,0
5939,1001172663,1001172791,94.323,30.0,residential,1,0
5940,1001172692,1001172788,93.856,30.0,residential,1,0
5941,1001172692,1127788258,94.77600000000001,30.0,residential,1,1
5942,1001172693,1001172701,24.575,30.0,residential,1,0
5943,1001172693,10829033610,160.05,30.0,residential,1,1
5944,1001172699,10829033610,55.348,30.0,residential,1,0
5945,1001172701,1001172693,24.575,30.0,residential,1,0
5946,1001172772,10829033609,165.883,30.0,tertiary,1,0
5947,1001172772,415447359,23.352,30.0,tertiary,1,0
5948,1001172772,11747359689,63.834,30.0,residential,1,0
5949,1001172788,1001172692,93.856,30.0,residential,1,0
5950,1001172791,1127788262,11.32,30.0,residential,1,1
5951,1001172791,4113619421,49.395,30.0,tertiary,1,1
5952,1001172791,1001172663,94.323,30.0,residential,1,0
5953,1001172793,958445670,75.063,30.0,residential,1,0
5954,1033189321,7006119073,5.879,30.0,residential,1,0
5955,1033189321,7006119064,22.432,30.0,residential,1,1
5956,1033189321,1033189350,135.391,30.0,residential,1,0
5957,1033189350,1033189321,135.391,30.0,residential,1,0
5958,1049970007,463257215,129.243,30.0,residential,1,0
5959,1049970015,1049970046,76.243,30.0,residential,1,0
5960,1049970015,1049970089,131.5,30.0,residential,1,0
5961,1049970015,1171695688,114.149,30.0,residential,1,0
5962,1049970039,1049970046,19.649,50.0,residential,1,0
5963,1049970046,1049970015,76.243,30.0,residential,1,0
5964,1049970046,1049970039,19.649,50.0,residential,1,0
5965,1049970046,463257215,26.121,50.0,residential,1,0
5966,1049970057,417635284,253.03300000000002,30.0,residential,1,0
5967,1049970089,1049970015,131.5,30.0,residential,1,0
5968,1058561525,8582199736,115.521,50.0,tertiary,1,1
5969,1064391618,4755318751,9.065,50.0,tertiary,1,1
5970,1064391656,1064391872,6.768000000000001,50.0,tertiary,1,1
5971,1064391672,4755318753,23.208,50.0,tertiary,1,1
5972,1064391683,1064391748,17.972,50.0,tertiary,1,1
5973,1064391748,10985378477,10.902000000000001,50.0,tertiary,1,1
5974,1064391748,10985378665,306.346,50.0,residential,1,1
5975,1064391797,10985378495,7.309,50.0,tertiary,1,1
5976,1064391872,1064391672,13.404,50.0,tertiary,1,1
5977,1064391872,10985378727,20.791,50.0,tertiary,1,1
5978,1083453617,1383600407,51.705,50.0,residential,1,1
5979,1083453617,496175461,43.737,50.0,residential,1,1
5980,1083454176,384675965,32.476,50.0,residential,1,1
5981,1083454176,1320003464,98.58500000000001,50.0,residential,1,1
5982,1100306330,415466714,88.15900000000002,50.0,living_street,1,0
5983,1101781785,3255617766,95.131,30.0,residential,1,0
5984,1101781785,417773116,164.247,30.0,residential,1,0
5985,1101781785,1102295032,56.462999999999994,30.0,residential,1,0
5986,1101782936,3255617766,101.62299999999999,30.0,residential,1,0
5987,1102002591,1102002594,65.801,30.0,residential,1,0
5988,1102002591,900655290,74.873,30.0,residential,1,0
5989,1102002591,1102085501,25.051,30.0,residential,1,0
5990,1102002594,1102085491,57.313,30.0,residential,1,0
5991,1102002594,1102002591,65.801,30.0,residential,1,0
5992,1102002594,1102085499,28.957,30.0,residential,1,0
5993,1102085491,417624642,35.988,30.0,residential,1,0
5994,1102085491,1102002594,57.313,30.0,residential,1,0
5995,1102085491,1102085495,31.053,30.0,residential,1,0
5996,1102085495,1102085491,31.053,30.0,residential,1,0
5997,1102085499,1102002594,28.957,30.0,residential,1,0
5998,1102085501,1102002591,25.051,30.0,residential,1,0
5999,1102295032,1101781785,56.462999999999994,30.0,residential,1,0
6000,1102295032,342281871,156.35899999999998,60.0,secondary,2,1
6001,1103258326,345401039,102.229,50.0,secondary,3,1
6002,1103798065,416619374,188.136,50.0,primary,1,1
6003,1103798079,1103798065,83.364,50.0,primary_link,1,1
6004,1103798079,314957927,52.620999999999995,50.0,tertiary_link,1,1
6005,1103801184,354027724,42.356,50.0,tertiary_link,1,1
6006,1103801184,381597505,77.637,50.0,tertiary_link,1,1
6007,1104322360,415990088,9.637,50.0,tertiary_link,1,1
6008,1104322360,12554118140,120.605,50.0,tertiary,2,1
6009,1104333892,7565311146,20.643,50.0,tertiary,1,1
6010,1104333892,3711110970,125.398,50.0,tertiary,3,1
6011,1104534232,411859454,272.99899999999997,50.0,tertiary,1,1
6012,1104534249,11493079633,291.688,30.0,residential,1,0
6013,1104534276,354039617,42.615,70.0,trunk,1,1
6014,1104534276,1104534232,58.635,50.0,trunk_link,1,1
6015,1104543065,1104543089,81.155,50.0,trunk_link,1,1
6016,1104543065,282458464,56.028,70.0,trunk,4,1
6017,1104543089,1993682436,150.108,70.0,secondary_link,2,1
6018,1104543102,3496916403,213.613,60.0,trunk,1,1
6019,1104543123,316022681,177.161,50.0,secondary_link,2,1
6020,1104543125,4755318773,251.917,60.0,secondary,4,1
6021,1104543129,316022679,49.28,50.0,secondary_link,3,1
6022,1104543129,1104543125,71.87,50.0,secondary_link,1,1
6023,1104549345,1152351213,180.03,50.0,tertiary,1,1
6024,1104549396,354039432,39.06,70.0,tertiary,2,1
6025,1104549396,1104549345,58.193,50.0,tertiary_link,1,1
6026,1104550226,1460805610,55.619,80.0,trunk,1,1
6027,1104550226,1460805613,75.8,50.0,trunk_link,1,1
6028,1104591195,11493079647,97.644,30.0,residential,1,0
6029,1104591195,11498283472,37.568,30.0,residential,1,1
6030,1104837187,1104837244,96.927,50.0,secondary_link,1,1
6031,1104837187,293336243,63.317,50.0,secondary,5,1
6032,1104837244,1154683189,143.367,50.0,secondary_link,3,1
6033,1106575005,2995641039,80.231,50.0,unclassified,1,0
6034,1107288392,9953907647,149.406,60.0,secondary,3,1
6035,1107288395,10127315762,130.703,60.0,secondary,3,1
6036,1107288395,291705524,233.849,50.0,tertiary,2,1
6037,1107292317,2144242207,13.049,50.0,tertiary,3,1
6038,1107292317,1639846259,115.99600000000001,50.0,tertiary,1,1
6039,1107292327,339421079,10.936,50.0,secondary,1,1
6040,1107292327,1312216071,28.032,50.0,tertiary,3,1
6041,1107292343,1107293669,139.391,50.0,tertiary,3,1
6042,1107293658,12498491437,119.622,60.0,secondary,3,1
6043,1107293669,4415217477,15.551,50.0,tertiary,1,1
6044,1107293669,3820786814,247.63400000000001,50.0,tertiary,3,1
6045,1107315932,1164229493,276.594,50.0,primary,1,1
6046,1107315933,271878258,8.239,50.0,primary,1,1
6047,1107315933,1164229505,41.375,50.0,tertiary,1,1
6048,1107315939,416627757,12.188,30.0,tertiary,1,0
6049,1107315939,1107315941,218.399,50.0,tertiary,1,1
6050,1107315941,1107315943,173.321,50.0,tertiary,1,1
6051,1107315941,271878245,12.128,50.0,residential,1,0
6052,1107315941,1164290664,183.29000000000002,30.0,residential,1,0
6053,1107315943,1107315945,147.245,50.0,tertiary,1,1
6054,1107315945,1107315959,43.582,50.0,secondary_link,1,1
6055,1107315945,3147530487,32.417,50.0,tertiary,1,1
6056,1107315949,197470097,25.516,60.0,secondary,2,1
6057,1107315949,1107315954,40.018,50.0,secondary_link,1,1
6058,1107315954,479359525,159.909,50.0,tertiary,1,1
6059,1107315959,415442593,180.197,60.0,secondary,2,1
6060,1107315960,342281592,44.391,50.0,secondary,1,1
6061,1107315960,1107315965,60.745000000000005,50.0,secondary_link,1,1
6062,1107315965,412832647,301.985,60.0,secondary,2,1
6063,1107315967,412836309,253.567,50.0,secondary,1,1
6064,1107315974,412835374,22.222,60.0,secondary,2,1
6065,1107315974,1107315967,35.43,50.0,secondary_link,1,1
6066,1107317176,806982610,45.71900000000001,50.0,tertiary,1,1
6067,1107317176,1253870086,219.6,50.0,tertiary,1,0
6068,1107317176,340377181,89.956,50.0,tertiary_link,1,1
6069,1116119355,2129877250,191.39,50.0,primary,2,1
6070,1116119359,2129877283,8.985,30.0,residential,1,0
6071,1116119359,1116119361,75.706,30.0,residential,1,0
6072,1116119359,564007426,109.804,30.0,tertiary,1,1
6073,1116119361,1116119359,75.706,30.0,residential,1,0
6074,1116119362,2129877283,96.836,30.0,residential,1,0
6075,1116119362,1116119363,50.772,30.0,residential,1,0
6076,1116119362,1116125846,52.2,30.0,residential,1,0
6077,1116119362,1116125956,54.351,30.0,residential,1,0
6078,1116119363,1116127194,25.725,30.0,residential,1,0
6079,1116119363,1116119362,50.772,30.0,residential,1,0
6080,1116119363,1116170435,107.054,30.0,residential,1,0
6081,1116119368,1116170435,85.441,30.0,residential,1,0
6082,1116119368,2083793965,59.587999999999994,30.0,residential,1,0
6083,1116119368,1116119368,204.78,30.0,"['residential', 'living_street']",1,0
6084,1116119368,1116119368,204.78,30.0,"['residential', 'living_street']",1,0
6085,1116119370,2129877284,8.951,50.0,living_street,1,0
6086,1116119370,1116170435,55.78,50.0,living_street,1,0
6087,1116119370,2129877257,77.135,50.0,living_street,1,0
6088,1116125842,1116125846,55.13,30.0,residential,1,0
6089,1116125846,1116125842,55.13,30.0,residential,1,0
6090,1116125846,1116119362,52.2,30.0,residential,1,0
6091,1116125846,1116125861,9.482,30.0,residential,1,0
6092,1116125861,1116125846,9.482,30.0,residential,1,0
6093,1116125956,1116119362,54.351,30.0,residential,1,0
6094,1116127194,1116119363,25.725,30.0,residential,1,0
6095,1116134811,1116168640,96.747,30.0,residential,1,0
6096,1116134811,2129877329,88.27900000000001,30.0,residential,1,0
6097,1116134811,1116194458,206.526,30.0,residential,1,0
6098,1116134835,2129877285,4.421,30.0,residential,1,0
6099,1116134835,1116134850,85.847,30.0,residential,1,0
6100,1116134835,2129877296,55.658,30.0,residential,1,0
6101,1116134848,1116168640,33.912,30.0,residential,1,0
6102,1116134848,1116164277,31.008,30.0,residential,1,0
6103,1116134848,1116134850,61.164,30.0,residential,1,0
6104,1116134850,1116134835,85.847,30.0,residential,1,0
6105,1116134850,2129877252,96.033,30.0,living_street,1,0
6106,1116134850,1116134848,61.164,30.0,residential,1,0
6107,1116140692,2083793965,44.062,30.0,residential,1,0
6108,1116140692,346148262,47.321,30.0,residential,1,0
6109,1116140692,1116164277,165.044,30.0,residential,1,0
6110,1116162215,2129877252,99.699,30.0,living_street,1,0
6111,1116164277,1116134848,31.008,30.0,residential,1,0
6112,1116164277,1116168640,58.208,30.0,residential,1,0
6113,1116164277,1116140692,165.04399999999998,30.0,residential,1,0
6114,1116168640,1116134848,33.912,30.0,residential,1,0
6115,1116168640,1116134811,96.747,30.0,residential,1,0
6116,1116168640,1116164277,58.208,30.0,residential,1,0
6117,1116170435,6427604008,156.42000000000002,30.0,residential,1,0
6118,1116170435,1116119368,85.441,30.0,residential,1,0
6119,1116170435,1116119370,55.78,50.0,living_street,1,0
6120,1116170435,1116119363,107.054,30.0,residential,1,0
6121,1116194458,1116195612,171.041,30.0,residential,1,0
6122,1116194458,1116134811,206.52599999999998,30.0,residential,1,0
6123,1116194458,2129877242,87.344,30.0,residential,1,0
6124,1116194467,3738151607,62.88,30.0,residential,1,0
6125,1116194467,1116195612,234.836,30.0,residential,1,0
6126,1116194467,1116198683,197.978,30.0,residential,1,0
6127,1116195065,2083793961,180.433,30.0,residential,1,0
6128,1116195065,3738151609,6.308,30.0,tertiary,1,1
6129,1116195612,1116198683,42.365,30.0,residential,1,0
6130,1116195612,1116194467,234.836,30.0,residential,1,0
6131,1116195612,1116194458,171.041,30.0,residential,1,0
6132,1116198683,1116195612,42.365,30.0,residential,1,0
6133,1116198683,1116194467,197.978,30.0,residential,1,0
6134,1116198683,1116198695,110.04400000000001,30.0,residential,1,0
6135,1116198695,1116198683,110.04400000000001,30.0,residential,1,0
6136,1119277235,4415217477,56.232,50.0,tertiary,3,1
6137,1119277235,2698056298,78.451,50.0,tertiary_link,1,1
6138,1121332751,416638586,144.367,30.0,residential,1,0
6139,1121649521,34651078,434.644,60.0,secondary,2,1
6140,1121709435,11825336031,102.142,50.0,tertiary,1,1
6141,1121709466,33956085,10.701,30.0,residential,2,0
6142,1121709466,2481674067,16.305,30.0,residential,2,0
6143,1121709466,563949010,172.378,50.0,tertiary,1,1
6144,1122085761,4415218499,10.813,50.0,tertiary,1,0
6145,1122085761,10790642178,156.492,50.0,tertiary,1,1
6146,1122085761,476369184,152.479,50.0,tertiary,1,0
6147,1122085779,4664862039,9.655,50.0,residential,1,1
6148,1122085779,1122085780,269.202,50.0,tertiary,2,1
6149,1122085780,1122085761,74.921,50.0,tertiary,2,1
6150,1122432830,1234762883,39.027,50.0,tertiary,1,1
6151,1122432830,1234762951,70.624,50.0,secondary,3,1
6152,1123297110,1164618581,21.792,50.0,residential,1,1
6153,1123297110,416613221,182.211,50.0,primary,1,1
6154,1125956494,415447359,72.38000000000001,30.0,residential,1,0
6155,1125973070,1125973135,10.78,30.0,residential,1,0
6156,1125973070,335853222,59.516,50.0,tertiary,1,1
6157,1125973070,1125973319,71.481,30.0,residential,1,0
6158,1125973102,1125973230,75.885,30.0,residential,1,0
6159,1125973102,1126009585,34.075,30.0,residential,1,0
6160,1125973135,1125973070,10.78,30.0,residential,1,0
6161,1125973135,335853130,165.703,50.0,tertiary,1,1
6162,1125973172,1126009585,149.422,30.0,residential,1,1
6163,1125973172,1125973102,121.464,30.0,residential,1,1
6164,1125973225,289087257,11.379,50.0,tertiary,2,1
6165,1125973225,1136844784,336.701,50.0,secondary,3,1
6166,1125973230,1125973319,67.346,30.0,residential,1,0
6167,1125973230,1125973102,75.885,30.0,residential,1,0
6168,1125973230,1126010133,110.14,50.0,residential,1,0
6169,1125973241,603554356,146.031,30.0,residential,1,0
6170,1125973305,1125973319,66.022,30.0,residential,1,0
6171,1125973319,1125973230,67.346,30.0,residential,1,0
6172,1125973319,1125973070,71.481,30.0,residential,1,0
6173,1125973319,1125973305,66.022,30.0,residential,1,0
6174,1125973319,1145067598,190.818,30.0,residential,1,1
6175,1125973324,1125973225,8.645,50.0,secondary,2,1
6176,1125973324,2103512157,12.656,50.0,tertiary,2,1
6177,1126009585,1125973102,34.075,30.0,residential,1,0
6178,1126010133,1125973230,110.14,50.0,residential,1,0
6179,1127659131,3609905725,19.82,50.0,residential,1,1
6180,1127659131,6483807580,335.328,50.0,secondary,2,1
6181,1127659131,1137215947,299.59499999999997,50.0,residential,2,0
6182,1127659147,1143925330,442.89900000000006,50.0,secondary,2,1
6183,1127659175,289069626,14.086,50.0,tertiary,1,1
6184,1127659175,1127659131,345.57,50.0,secondary,2,1
6185,1127669612,3609242017,117.196,50.0,tertiary,1,1
6186,1127669612,2301848678,334.7049999999999,50.0,tertiary,2,0
6187,1127788258,1001172514,11.665,50.0,residential,1,0
6188,1127788258,4113619442,57.964999999999996,30.0,tertiary,1,1
6189,1127788262,1127788258,131.886,30.0,tertiary,1,1
6190,1127788262,1001172692,225.411,30.0,residential,1,1
6191,1127856902,415459506,33.961,30.0,residential,1,0
6192,1128602855,1128602921,71.72,50.0,residential,1,0
6193,1128602855,1128633104,109.611,50.0,residential,1,1
6194,1128602912,722421609,109.112,50.0,residential,1,0
6195,1128602912,4135913655,12.97,50.0,residential,1,0
6196,1128602912,1128602941,57.208,50.0,residential,1,0
6197,1128602921,4135913597,61.341,50.0,residential,1,0
6198,1128602921,1128602855,71.72,50.0,residential,1,0
6199,1128602921,1128633109,88.833,50.0,residential,1,0
6200,1128602941,722421613,109.545,50.0,residential,1,0
6201,1128602941,1128602912,57.208,50.0,residential,1,0
6202,1128602941,4135912141,23.859,50.0,residential,1,0
6203,1128633104,4057414386,84.681,50.0,residential,1,1
6204,1128633109,1128633104,87.037,50.0,residential,1,1
6205,1128633109,1128602921,88.833,50.0,residential,1,0
6206,1128633109,6579560114,58.31,50.0,residential,1,0
6207,1131244786,11267492233,269.33,50.0,residential,1,0
6208,1131410801,354047746,561.4010000000001,30.0,residential,1,1
6209,1131410801,1133488002,212.64000000000001,30.0,residential,1,0
6210,1133488002,1131410801,212.64,30.0,residential,1,0
6211,1135232949,2111357786,36.103,30.0,tertiary,1,1
6212,1135232949,440062889,24.183,30.0,tertiary,1,0
6213,1135283061,290507618,161.681,30.0,tertiary,1,0
6214,1135283061,1188072657,15.812999999999999,50.0,tertiary,1,1
6215,1135283070,1135283061,17.164,50.0,tertiary,1,1
6216,1135283105,289069644,81.659,30.0,tertiary,1,1
6217,1135283105,1135283070,7.421,50.0,tertiary,1,1
6218,1135292845,440061845,119.02400000000002,30.0,residential,1,0
6219,1136844784,1136844819,26.802,50.0,secondary_link,1,1
6220,1136844784,361102152,18.443,50.0,secondary,2,1
6221,1136844819,521584041,234.11899999999997,70.0,secondary,3,1
6222,1137215947,1127659131,299.5949999999999,50.0,residential,2,0
6223,1137262083,598696135,75.11800000000001,50.0,residential,1,0
6224,1139743596,1139743878,213.815,30.0,living_street,1,0
6225,1139743596,354036383,62.738,30.0,residential,1,0
6226,1139743596,3495343358,65.952,30.0,residential,1,0
6227,1139743655,354036383,78.176,30.0,residential,1,0
6228,1139743878,354036386,63.988,30.0,residential,1,0
6229,1139743878,1139743596,213.815,30.0,living_street,1,0
6230,1139743878,354036383,275.164,30.0,residential,1,0
6231,1140776403,340377004,14.572,50.0,residential,1,1
6232,1140776403,12974302797,77.275,50.0,tertiary,1,1
6233,1140776585,1140776587,56.824,50.0,residential,1,0
6234,1140776585,1140776585,53.076999999999984,50.0,residential,1,1
6235,1140776587,1140776585,56.824,50.0,residential,1,0
6236,1140776587,1140776403,38.338,50.0,residential,1,1
6237,1141153335,522487354,62.722,30.0,residential,1,0
6238,1141171918,6539109865,163.726,50.0,residential,1,0
6239,1141733757,3060914183,420.57599999999996,50.0,motorway_link,1,1
6240,1141733757,3060914143,997.0949999999999,90.0,motorway,4,1
6241,1141926339,1141926340,55.342000000000006,50.0,tertiary_link,1,1
6242,1141926339,409470847,43.155,50.0,tertiary,1,1
6243,1141926340,800950934,242.842,70.0,tertiary,3,1
6244,1141926343,354046048,31.115000000000002,50.0,tertiary,2,1
6245,1141926343,1141926352,48.205000000000005,50.0,tertiary_link,1,1
6246,1141926352,11267492448,189.58100000000002,50.0,tertiary,1,1
6247,1141926354,361102157,226.914,50.0,tertiary,1,1
6248,1141926375,1141926383,61.208999999999996,50.0,tertiary_link,1,1
6249,1141926375,287081618,41.047,50.0,tertiary,3,1
6250,1141926378,1141926354,46.184000000000005,50.0,tertiary_link,1,1
6251,1141926378,361102158,31.019,70.0,tertiary,1,1
6252,1141926383,354056032,157.986,50.0,tertiary,2,1
6253,1141932984,354044062,71.974,50.0,residential,1,0
6254,1141932984,1157422967,58.813,50.0,residential,1,0
6255,1141932984,10942754473,221.973,50.0,residential,1,0
6256,1141933016,354043586,312.75800000000004,50.0,residential,1,0
6257,1143491616,3910502869,47.622,50.0,secondary,1,1
6258,1143491616,3910502440,88.711,50.0,trunk_link,1,1
6259,1143763231,1931855286,42.177,50.0,residential,1,0
6260,1143763231,2105338180,55.333,50.0,residential,1,1
6261,1143763244,1474027260,46.425,30.0,living_street,1,0
6262,1143763244,1474027265,116.049,50.0,residential,1,1
6263,1143763266,549248092,42.385999999999996,50.0,residential,1,0
6264,1143763266,549247956,96.85600000000001,50.0,residential,1,0
6265,1143763266,1474030742,41.199000000000005,50.0,residential,1,0
6266,1143763276,2264252015,6.829,50.0,residential,1,0
6267,1143763276,6019222305,25.353,50.0,residential,1,0
6268,1143763276,2264252012,161.444,50.0,residential,1,0
6269,1143763279,1931844396,16.785,30.0,tertiary,1,0
6270,1143763279,1931844386,29.630000000000003,30.0,tertiary,1,0
6271,1143763323,2002569413,3.222,50.0,residential,1,1
6272,1143763323,1143763373,55.675,50.0,residential,1,0
6273,1143763328,549245580,63.85,50.0,residential,1,1
6274,1143763328,6030392594,121.44399999999999,50.0,residential,1,1
6275,1143763328,1143763381,68.079,50.0,residential,1,1
6276,1143763330,2002569406,217.485,50.0,residential,1,0
6277,1143763330,2264252012,169.22699999999998,50.0,residential,1,0
6278,1143763330,2002569401,165.176,50.0,residential,1,1
6279,1143763337,1474027260,60.622,30.0,living_street,1,1
6280,1143763337,1143763362,198.779,50.0,residential,1,1
6281,1143763337,1143763352,66.914,50.0,residential,1,1
6282,1143763339,1931848034,317.18699999999995,50.0,residential,1,0
6283,1143763339,1931848053,51.907,50.0,tertiary,1,0
6284,1143763339,1474030756,105.61200000000001,50.0,tertiary,1,0
6285,1143763352,540449818,42.943,50.0,tertiary,2,0
6286,1143763352,549245581,55.232,50.0,tertiary,2,0
6287,1143763362,1474027277,65.166,50.0,residential,1,0
6288,1143763370,4162302824,36.14,50.0,residential,1,0
6289,1143763373,1143763323,55.675,50.0,residential,1,0
6290,1143763381,540449627,62.321,50.0,residential,1,1
6291,1143763381,1143763384,113.971,50.0,residential,1,1
6292,1143763384,549244664,69.643,30.0,residential,1,1
6293,1143763384,4162302824,60.858999999999995,50.0,residential,1,1
6294,1143763405,2235188159,11.067,50.0,residential,1,1
6295,1143763405,1474027263,252.99900000000002,50.0,tertiary,1,1
6296,1143770881,1143770907,41.705,50.0,residential,2,0
6297,1143770881,580714365,64.454,50.0,residential,1,1
6298,1143770881,9723706782,50.187,30.0,residential,1,1
6299,1143770884,2381515598,41.567,50.0,secondary,2,1
6300,1143770884,1950406018,56.776,50.0,secondary,1,1
6301,1143770888,286542230,15.572,50.0,tertiary,2,0
6302,1143770888,540432924,109.338,50.0,tertiary,1,0
6303,1143770888,1143770931,10.231,50.0,secondary,2,1
6304,1143770896,338659016,13.865,50.0,secondary,2,1
6305,1143770896,1574692863,34.713,50.0,secondary,3,1
6306,1143770907,1143770881,41.705,50.0,residential,2,0
6307,1143770907,2112533191,32.22,50.0,residential,2,0
6308,1143770907,870887828,77.04599999999999,30.0,residential,1,1
6309,1143770908,1953545008,350.169,50.0,secondary,2,1
6310,1143770921,357534839,8.461,50.0,residential,1,0
6311,1143770921,1931841485,74.036,50.0,secondary,2,1
6312,1143770921,1931841500,101.126,50.0,residential,1,0
6313,1143770931,1953544982,190.854,50.0,secondary,2,1
6314,1143770931,1574692716,135.339,50.0,secondary_link,1,1
6315,1143770935,357534734,35.396,50.0,residential,1,0
6316,1143770935,1931841490,66.399,50.0,residential,1,0
6317,1143770935,1931841500,59.911,50.0,residential,1,0
6318,1143770950,4715570339,14.756,50.0,secondary,1,1
6319,1143770950,1143770908,31.403,50.0,secondary,2,1
6320,1143770964,1143770950,13.09,50.0,secondary,2,1
6321,1143770964,8446382542,118.45500000000001,50.0,secondary,2,1
6322,1143925326,6483808527,138.993,50.0,residential,1,1
6323,1143925330,1143925333,28.863,50.0,secondary,2,1
6324,1143925330,1143925326,41.800000000000004,50.0,secondary_link,1,1
6325,1143925333,1143925326,25.214,50.0,residential,1,1
6326,1143925333,1147945624,8.887,50.0,secondary,2,1
6327,1144043816,334634466,33.278999999999996,90.0,trunk,4,1
6328,1144043816,10166105029,234.00700000000003,50.0,tertiary,1,1
6329,1144043820,409475952,164.512,50.0,trunk_link,2,1
6330,1144043820,469933508,178.542,90.0,trunk,4,1
6331,1145067595,1145067598,40.201,30.0,residential,1,0
6332,1145067598,1125973172,71.918,30.0,residential,1,1
6333,1145067598,1145067595,40.201,30.0,residential,1,0
6334,1147945621,597659059,7.225,50.0,residential,1,0
6335,1147945621,1147945624,187.84099999999998,50.0,residential,1,1
6336,1147945624,597659083,11.51,50.0,residential,1,1
6337,1147945624,11501428173,291.39099999999996,50.0,secondary,2,1
6338,1147954803,412817611,17.191,50.0,unclassified,1,1
6339,1147954803,1103258326,40.092000000000006,50.0,secondary,3,1
6340,1147954812,1147954803,54.616,50.0,unclassified,1,1
6341,1147954812,1103258326,75.081,50.0,secondary_link,1,1
6342,1152351213,1152351333,71.697,50.0,trunk_link,1,1
6343,1152351213,354039615,56.094,50.0,tertiary,1,1
6344,1152351333,444739980,959.6410000000002,70.0,trunk,3,1
6345,1152351364,403794707,125.307,30.0,residential,1,0
6346,1152351378,354041624,43.845,30.0,residential,1,0
6347,1152556206,3666392311,96.95,50.0,unclassified,1,0
6348,1152556206,1152556268,121.517,50.0,unclassified,1,0
6349,1152556268,1152556206,678.325,50.0,unclassified,1,1
6350,1152556268,1152556206,121.517,50.0,unclassified,1,0
6351,1152595908,1152595949,28.472,30.0,residential,1,0
6352,1152595908,1152595949,38.157,30.0,residential,1,0
6353,1152595908,1152596150,17.915,30.0,residential,1,0
6354,1152595949,1152595908,28.472,30.0,residential,1,0
6355,1152595949,1152595908,38.157,30.0,residential,1,0
6356,1152595949,412820592,94.474,30.0,residential,1,0
6357,1152596031,1152596031,144.48,30.0,residential,1,0
6358,1152596031,1152596031,144.48000000000002,30.0,residential,1,0
6359,1152596031,412821484,44.18000000000001,30.0,residential,1,0
6360,1152596150,1152595908,17.915,30.0,residential,1,0
6361,1154683176,1707635627,48.233999999999995,50.0,secondary_link,3,1
6362,1154683176,1671579995,57.332,50.0,residential,1,0
6363,1154683189,8124946026,125.356,60.0,secondary,5,1
6364,1155637849,1155637851,67.447,50.0,residential,1,1
6365,1155637851,1156243208,4.581,50.0,residential,1,0
6366,1155637851,410210121,124.684,50.0,residential,1,0
6367,1156243065,410210107,84.522,30.0,residential,1,0
6368,1156243178,410210121,63.592,50.0,residential,1,0
6369,1156243184,410210351,36.282,70.0,primary,1,1
6370,1156243184,1156243430,61.425,50.0,primary_link,1,1
6371,1156243208,1156243302,71.328,50.0,residential,1,0
6372,1156243208,1155637851,4.581,50.0,residential,1,0
6373,1156243208,410209828,4.975,50.0,residential,1,0
6374,1156243302,1156243208,71.328,50.0,residential,1,0
6375,1156243378,849313316,64.118,50.0,residential,1,0
6376,1156243430,2757804972,175.687,50.0,residential,1,0
6377,1156243430,1156251700,38.729,50.0,primary_link,1,1
6378,1156243430,410210351,33.37,50.0,residential,1,1
6379,1156938320,415454481,247.95299999999997,30.0,residential,1,0
6380,1156938320,415454481,548.222,30.0,residential,1,0
6381,1156938320,415448941,70.961,30.0,residential,1,0
6382,1156944911,289087257,342.38,50.0,secondary,1,1
6383,1156944947,1156944911,21.948999999999998,50.0,secondary_link,1,1
6384,1156944947,415452403,15.126,70.0,secondary,1,1
6385,1157422958,1157422967,20.194999999999997,50.0,residential,1,1
6386,1157422958,1475412154,28.509,50.0,living_street,1,0
6387,1157422967,1141932984,58.813,50.0,residential,1,0
6388,1157422967,1157422958,29.124999999999996,50.0,residential,1,1
6389,1157432871,10127170959,10.377,30.0,residential,1,1
6390,1157432871,411814882,397.901,70.0,tertiary,1,1
6391,1157434450,354044077,331.212,50.0,residential,1,0
6392,1157437088,354044062,10.256999999999998,50.0,residential,1,1
6393,1157437088,4202176342,236.042,50.0,residential,1,0
6394,1163041943,612260597,328.668,30.0,residential,1,0
6395,1163053962,4970978701,157.755,30.0,tertiary,1,1
6396,1163053962,414719375,11.007,50.0,tertiary,1,1
6397,1164229428,271878258,39.702,50.0,tertiary,1,1
6398,1164229428,1164229489,54.908,50.0,primary_link,1,1
6399,1164229440,1107315933,41.628,50.0,primary,1,1
6400,1164229440,1164229505,66.81,50.0,primary_link,1,1
6401,1164229461,5914178741,320.145,50.0,primary,1,1
6402,1164229476,271878423,11.89,30.0,tertiary,1,0
6403,1164229476,496187785,349.20500000000004,50.0,primary,1,1
6404,1164229489,416633132,133.747,50.0,primary,1,1
6405,1164229493,346202827,10.924,50.0,primary,1,1
6406,1164229493,1164229512,11.674,50.0,primary_link,1,1
6407,1164229504,346202963,8.6,50.0,tertiary,1,1
6408,1164229504,1164229461,17.653,50.0,primary_link,1,1
6409,1164229505,1107315939,115.20400000000001,50.0,tertiary,1,1
6410,1164229512,387490482,131.632,50.0,tertiary,1,1
6411,1164290282,471558675,50.330999999999996,30.0,residential,1,0
6412,1164290664,1164290854,10.629,30.0,residential,1,1
6413,1164290664,1107315941,183.29000000000002,30.0,residential,1,0
6414,1164290854,471557239,58.063,30.0,residential,1,0
6415,1164290854,1164290876,12.12,30.0,residential,1,1
6416,1164290873,1164290664,17.69,30.0,residential,1,1
6417,1164290873,6174571927,78.346,30.0,residential,1,0
6418,1164290876,471557153,61.77199999999999,30.0,residential,1,0
6419,1164290876,1164290873,17.921,30.0,residential,1,1
6420,1164615693,1164615700,52.01,50.0,living_street,1,0
6421,1164615693,1164615699,59.941,50.0,living_street,1,1
6422,1164615699,1164618527,29.838,50.0,living_street,1,0
6423,1164615699,1164615693,53.222,50.0,living_street,1,1
6424,1164615700,1164615693,52.01,50.0,living_street,1,0
6425,1164615700,479361476,84.617,30.0,residential,1,0
6426,1164615700,416626957,175.65999999999997,30.0,residential,1,0
6427,1164618519,479360570,77.784,30.0,tertiary,1,0
6428,1164618519,1166194458,325.868,30.0,tertiary,1,0
6429,1164618519,1164626114,405.025,30.0,residential,1,0
6430,1164618527,1164615699,29.838,50.0,living_street,1,0
6431,1164618527,479362779,69.069,50.0,living_street,1,1
6432,1164618581,419004301,13.977,50.0,primary,1,1
6433,1164618581,1164618588,14.408000000000001,50.0,residential,1,1
6434,1164618588,1164626114,12.126,50.0,residential,1,1
6435,1164626114,1164618519,405.025,30.0,residential,1,0
6436,1166167894,424095530,105.988,30.0,residential,1,0
6437,1166180101,424104897,91.745,30.0,residential,1,0
6438,1166185469,424104901,121.07,30.0,residential,1,0
6439,1166194458,1164618519,325.868,30.0,tertiary,1,0
6440,1166194458,416626957,18.539,30.0,tertiary,1,1
6441,1168434907,471559832,87.054,30.0,residential,1,0
6442,1168579417,412831028,17.231,60.0,secondary,2,1
6443,1168579417,1168579465,22.57,50.0,secondary_link,1,1
6444,1168579440,1107315949,494.869,60.0,secondary,2,1
6445,1168579465,416626375,138.673,30.0,tertiary,1,0
6446,1168579465,1168579440,25.477999999999998,50.0,secondary_link,1,1
6447,1168579465,412831028,14.305,30.0,tertiary,1,0
6448,1168934712,1168935491,105.848,50.0,living_street,1,0
6449,1168934731,1168934949,71.472,50.0,living_street,1,0
6450,1168934750,1168934928,77.07,50.0,living_street,1,0
6451,1168934750,1168934770,56.375,50.0,living_street,1,0
6452,1168934750,1168934949,46.33,50.0,living_street,1,0
6453,1168934750,1168935014,42.066,50.0,living_street,1,0
6454,1168934765,1168935536,83.75500000000001,50.0,living_street,1,0
6455,1168934770,1168934750,56.375,50.0,living_street,1,0
6456,1168934790,1177208803,21.002,30.0,residential,1,0
6457,1168934790,369338838,32.637,30.0,residential,1,0
6458,1168934790,1168935533,67.372,50.0,living_street,1,0
6459,1168934793,1168935014,77.517,50.0,living_street,1,0
6460,1168934797,1168935321,20.934,50.0,residential,1,0
6461,1168934882,1168935014,60.443,50.0,living_street,1,0
6462,1168934923,12865038485,73.789,50.0,living_street,1,0
6463,1168934923,1168934960,64.565,50.0,living_street,1,0
6464,1168934923,1168935014,41.85,50.0,living_street,1,0
6465,1168934923,1168935046,39.205,50.0,living_street,1,0
6466,1168934928,1168934750,77.07,50.0,living_street,1,0
6467,1168934949,1187565410,14.196,50.0,living_street,1,0
6468,1168934949,1168934731,71.472,50.0,living_street,1,0
6469,1168934949,1168934750,46.33,50.0,living_street,1,0
6470,1168934958,1177208830,54.311,30.0,residential,1,0
6471,1168934958,679327820,28.936,30.0,residential,1,1
6472,1168934960,1168934923,64.565,50.0,living_street,1,0
6473,1168935010,1168935341,77.136,50.0,living_street,1,0
6474,1168935010,1168935124,11.707,50.0,living_street,1,1
6475,1168935014,1168934793,77.517,50.0,living_street,1,0
6476,1168935014,1168934882,60.443,50.0,living_street,1,0
6477,1168935014,1168934750,42.066,50.0,living_street,1,0
6478,1168935014,1168934923,41.85,50.0,living_street,1,0
6479,1168935046,1187609484,25.354,50.0,living_street,1,0
6480,1168935046,1168935499,64.955,50.0,living_street,1,0
6481,1168935046,1168934923,39.205,50.0,living_street,1,0
6482,1168935046,1168935074,70.911,50.0,living_street,1,0
6483,1168935074,1168935046,70.911,50.0,living_street,1,0
6484,1168935098,1168935375,39.639,30.0,residential,1,0
6485,1168935098,1168934958,49.487,30.0,residential,1,1
6486,1168935124,417648007,264.611,50.0,living_street,1,0
6487,1168935124,1168935143,8.305,50.0,living_street,1,1
6488,1168935142,1187565551,34.406,50.0,living_street,1,0
6489,1168935143,1168935491,7.297000000000001,50.0,living_street,1,1
6490,1168935143,1168935349,33.784,50.0,living_street,1,0
6491,1168935321,679327820,46.756,30.0,residential,1,0
6492,1168935321,3745144186,19.095,50.0,residential,1,0
6493,1168935321,1168934797,20.934,50.0,residential,1,0
6494,1168935341,1168935010,77.136,50.0,living_street,1,0
6495,1168935341,1168935098,85.006,30.0,residential,1,1
6496,1168935349,1168935143,33.784,50.0,living_street,1,0
6497,1168935375,1168935098,39.639,30.0,residential,1,0
6498,1168935491,1168934712,105.848,50.0,living_street,1,0
6499,1168935491,1168935010,10.219,50.0,living_street,1,1
6500,1168935499,1168935046,64.955,50.0,living_street,1,0
6501,1168935533,1168934790,67.372,50.0,living_street,1,0
6502,1168935536,1177208882,39.192,30.0,residential,1,0
6503,1168935536,1168934765,83.75500000000001,50.0,living_street,1,0
6504,1168974043,1168974126,90.945,30.0,residential,1,0
6505,1168974126,417646628,38.755,30.0,residential,1,1
6506,1168974126,1168974043,90.945,30.0,residential,1,0
6507,1168996547,417640561,24.135,50.0,residential,1,1
6508,1168996547,417640561,147.507,30.0,residential,1,1
6509,1170452313,417645291,28.427999999999997,30.0,residential,1,1
6510,1170452313,989295163,330.32599999999996,30.0,living_street,1,0
6511,1170469323,416613788,65.896,30.0,residential,1,0
6512,1170469323,271878297,54.029,50.0,tertiary,1,1
6513,1170469329,1170469470,29.816,30.0,residential,1,1
6514,1170469423,1170469620,48.893,30.0,residential,1,1
6515,1170469423,1170469329,167.185,30.0,residential,1,1
6516,1170469452,1170469599,31.453,30.0,residential,1,0
6517,1170469470,1170469423,69.258,30.0,residential,1,1
6518,1170469599,1170469452,31.453,30.0,residential,1,0
6519,1170469599,1170469470,191.529,30.0,residential,1,1
6520,1170469620,381494570,290.589,30.0,residential,1,1
6521,1170469620,1170469599,39.338,30.0,residential,1,1
6522,1170498302,463245883,61.492000000000004,30.0,residential,1,1
6523,1170498423,1170498302,259.863,30.0,residential,1,1
6524,1170498423,463245883,231.609,30.0,residential,1,1
6525,1170498425,271878405,33.396,30.0,residential,1,0
6526,1170498425,381600331,137.89999999999998,30.0,residential,1,0
6527,1170498425,1170498423,63.16,30.0,residential,1,1
6528,1170510750,381510919,65.423,30.0,residential,1,0
6529,1170510750,479369605,74.45400000000001,30.0,residential,1,0
6530,1170510750,1170511069,138.09199999999998,30.0,residential,1,0
6531,1170511069,1170510750,138.092,30.0,residential,1,0
6532,1171608216,314957906,39.71,50.0,tertiary,1,1
6533,1171608216,4067822527,60.40599999999999,50.0,tertiary_link,1,1
6534,1171608313,1103798079,148.45600000000002,50.0,tertiary_link,1,1
6535,1171608313,3910502426,54.831,50.0,tertiary,1,1
6536,1171649160,381510919,49.132,30.0,residential,1,0
6537,1171649191,463245871,100.138,30.0,residential,1,0
6538,1171695688,1049970015,114.14899999999999,30.0,residential,1,0
6539,1171698753,989278080,15.185,30.0,residential,1,1
6540,1171698753,4173059488,236.537,50.0,tertiary,1,1
6541,1172268773,1172343443,4.474,30.0,residential,1,0
6542,1172268773,1168996547,93.872,30.0,residential,1,1
6543,1172268773,417641145,244.068,30.0,residential,1,0
6544,1172287120,2196477334,30.401000000000003,50.0,secondary,3,1
6545,1172343443,1172268773,4.474,30.0,residential,1,0
6546,1172343443,417640893,5.134,30.0,residential,1,0
6547,1172343443,417640560,104.52,30.0,residential,1,0
6548,1177208798,1177208882,102.653,30.0,residential,1,0
6549,1177208803,1168934790,21.002,30.0,residential,1,0
6550,1177208803,1187609484,41.417,30.0,residential,1,0
6551,1177208803,1177208837,67.862,50.0,living_street,1,0
6552,1177208830,1168934958,54.31100000000001,30.0,residential,1,0
6553,1177208837,1177208803,67.862,50.0,living_street,1,0
6554,1177208882,1177208798,102.653,30.0,residential,1,0
6555,1177208882,1168935536,39.192,30.0,residential,1,0
6556,1177208882,1187609484,43.065,30.0,residential,1,0
6557,1177208891,1187609484,86.22,50.0,living_street,1,0
6558,1179563880,1179563881,67.595,50.0,residential,1,0
6559,1179563880,290614228,55.828,50.0,tertiary,1,1
6560,1179563881,1179563880,67.595,50.0,residential,1,0
6561,1187529982,1187530011,46.056,30.0,residential,1,1
6562,1187529982,417647489,27.381999999999998,50.0,residential,1,0
6563,1187530011,417647370,48.877,30.0,residential,1,0
6564,1187530011,1187529982,55.046,30.0,residential,1,1
6565,1187565410,1168934949,14.196,50.0,living_street,1,0
6566,1187565410,1187565551,26.68,50.0,living_street,1,1
6567,1187565519,417131924,65.946,30.0,tertiary,1,0
6568,1187565519,1187565588,39.82899999999999,30.0,tertiary,1,1
6569,1187565551,1168935142,34.406,50.0,living_street,1,0
6570,1187565551,1187609481,48.905,50.0,living_street,1,1
6571,1187565574,369338898,84.691,30.0,residential,1,1
6572,1187565574,1187565519,16.497,30.0,tertiary,1,1
6573,1187565588,369338837,256.999,30.0,tertiary,1,0
6574,1187565588,1187565574,17.613,30.0,tertiary,1,1
6575,1187609449,1187565410,25.873,50.0,living_street,1,1
6576,1187609449,1187609478,67.807,50.0,living_street,1,0
6577,1187609478,1187609449,67.807,50.0,living_street,1,0
6578,1187609480,1187609481,65.506,50.0,living_street,1,0
6579,1187609481,1187609480,65.506,50.0,living_street,1,0
6580,1187609481,1187609449,40.637,50.0,living_street,1,1
6581,1187609484,1168935046,25.354,50.0,living_street,1,0
6582,1187609484,1177208882,43.065,30.0,residential,1,0
6583,1187609484,1177208803,41.417,30.0,residential,1,0
6584,1187609484,1177208891,86.22,50.0,living_street,1,0
6585,1187703909,282458047,50.981,30.0,residential,1,1
6586,1187703909,1187703954,79.633,50.0,residential,1,1
6587,1187703941,1187703963,87.47500000000001,50.0,residential,1,1
6588,1187703941,3594844017,125.13399999999999,50.0,tertiary,3,1
6589,1187703953,1187703954,45.303,50.0,residential,1,1
6590,1187703953,283612318,50.971999999999994,50.0,tertiary,3,1
6591,1187703954,2093421793,277.506,30.0,residential,1,1
6592,1187703962,1187703963,31.117,50.0,residential,1,0
6593,1187703963,1187703962,31.117,50.0,residential,1,0
6594,1187703963,4875389968,106.33699999999999,50.0,residential,1,0
6595,1187703963,1187703909,73.95500000000001,50.0,residential,1,1
6596,1187734218,286367279,57.798,50.0,tertiary,2,0
6597,1187734218,412518430,11.156,50.0,tertiary,2,0
6598,1187734218,412518436,99.758,50.0,residential,1,1
6599,1188072657,440061971,94.14999999999999,30.0,tertiary,2,0
6600,1188072657,1135283105,26.495999999999995,50.0,tertiary,1,1
6601,1188801366,417639595,74.716,30.0,residential,1,1
6602,1188801366,417639491,127.51899999999999,30.0,residential,1,0
6603,1188801366,417637427,146.955,30.0,residential,1,0
6604,1191621710,354044077,370.309,50.0,residential,1,0
6605,1192436472,1192436474,31.715000000000003,50.0,tertiary,1,1
6606,1192436474,3609242086,21.897,50.0,tertiary,1,1
6607,1192436474,2301848678,38.117,50.0,tertiary,1,1
6608,1192436484,2301848684,49.203,50.0,tertiary,1,1
6609,1192436484,1192436472,19.606,50.0,tertiary,1,1
6610,1195945656,417646258,27.017,30.0,residential,1,1
6611,1195945656,1168935341,245.797,30.0,residential,1,1
6612,1198023618,365767693,19.498,50.0,residential,1,0
6613,1198023618,3992078752,33.522,50.0,residential,1,1
6614,1198023631,3992078752,10.489,50.0,residential,1,0
6615,1198023631,1198023618,28.116,50.0,residential,1,1
6616,1198031707,549249387,74.126,50.0,residential,2,0
6617,1198031707,4716247508,67.994,50.0,residential,2,0
6618,1198031707,4704279199,65.872,30.0,living_street,1,0
6619,1198031710,4716247523,38.364000000000004,50.0,residential,1,1
6620,1198031725,1228304879,151.392,30.0,residential,1,1
6621,1198031725,1219532891,182.298,30.0,residential,1,1
6622,1198031729,1198031725,44.425,30.0,residential,1,1
6623,1198031729,1198031710,160.93,30.0,residential,1,1
6624,1198031730,1589498356,62.836,30.0,residential,1,1
6625,1198031730,1589498355,76.253,50.0,residential,1,1
6626,1198550804,978358925,34.329,30.0,residential,1,0
6627,1199372997,472591158,67.254,30.0,tertiary,1,0
6628,1199372997,472591106,44.238,30.0,tertiary,1,0
6629,1199373010,1199373036,43.681,50.0,residential,1,1
6630,1199373028,1931861639,78.821,50.0,residential,1,1
6631,1199373028,1931861633,74.131,50.0,residential,1,1
6632,1199373028,1199373039,84.548,50.0,residential,1,0
6633,1199373034,268217756,6.99,50.0,tertiary,2,0
6634,1199373034,1199373028,80.493,50.0,residential,1,1
6635,1199373034,11042689310,110.015,50.0,tertiary,2,0
6636,1199373036,1931861661,67.573,50.0,residential,1,1
6637,1199373039,472591143,118.47700000000002,50.0,residential,1,0
6638,1199373039,978389307,80.212,50.0,residential,1,0
6639,1199373039,1199373028,84.548,50.0,residential,1,0
6640,1199373061,1199372997,81.79499999999999,50.0,residential,1,1
6641,1199373061,8569097452,51.144000000000005,50.0,residential,1,0
6642,1199373065,6488204572,33.536,50.0,residential,1,1
6643,1199953165,1199976578,86.116,30.0,living_street,1,1
6644,1199953165,4139634014,25.927,50.0,residential,1,0
6645,1199953165,1199976594,18.823999999999998,50.0,residential,1,1
6646,1199953167,1199953182,31.701,30.0,residential,1,0
6647,1199953167,1199953171,18.257,30.0,residential,1,0
6648,1199953171,13167241725,86.513,50.0,secondary,2,0
6649,1199953171,1199953167,18.257,30.0,residential,1,0
6650,1199953171,4139634014,55.42100000000001,50.0,residential,1,0
6651,1199953171,286542729,83.629,50.0,secondary,2,0
6652,1199953175,1199953193,44.46,30.0,residential,1,1
6653,1199953176,1199953175,25.174999999999997,30.0,residential,1,1
6654,1199953182,6030300138,31.767,30.0,residential,1,0
6655,1199953182,1199953167,31.701,30.0,residential,1,0
6656,1199953189,1199953176,37.13,30.0,residential,1,1
6657,1199953193,1199956977,81.499,30.0,residential,1,1
6658,1199953193,580717677,71.425,30.0,residential,1,1
6659,1199953197,4970950150,35.262,30.0,residential,1,1
6660,1199953197,580743782,17.566,30.0,residential,1,0
6661,1199953200,1199953182,21.694,50.0,residential,1,1
6662,1199953200,1199953162,34.323,50.0,residential,1,1
6663,1199953205,1199953167,81.67,30.0,residential,1,1
6664,1199953205,1199953175,22.79,30.0,residential,1,1
6665,1199953208,5958785290,21.638,50.0,residential,1,1
6666,1199953208,1199953200,28.447,50.0,residential,1,1
6667,1199956971,580743782,49.696,50.0,residential,1,1
6668,1199956971,580745794,41.50600000000001,30.0,residential,1,1
6669,1199956973,1199956971,48.951,50.0,residential,1,1
6670,1199956973,6454785121,116.72800000000001,30.0,residential,1,1
6671,1199956977,4131740918,38.247,50.0,residential,1,1
6672,1199976572,6502045907,116.888,50.0,residential,1,1
6673,1199976572,6154187427,70.93,50.0,residential,1,0
6674,1199976577,1199976580,154.56400000000002,50.0,"['residential', 'living_street']",1,1
6675,1199976578,1199976582,24.092,50.0,living_street,1,1
6676,1199976578,1199976577,63.78000000000001,50.0,residential,1,1
6677,1199976578,1199976580,70.226,50.0,residential,1,1
6678,1199976580,1199953165,74.55799999999999,50.0,residential,1,1
6679,1199976582,1199976594,99.372,30.0,living_street,1,1
6680,1199976582,1199976577,118.09200000000001,30.0,living_street,1,1
6681,1199976594,1199976572,39.695,50.0,residential,1,1
6682,1200005625,1200005652,55.968,50.0,tertiary,1,1
6683,1200005625,540440777,68.264,50.0,residential,1,0
6684,1200005640,1200005663,19.056,50.0,tertiary,2,1
6685,1200005640,318182341,28.02,50.0,secondary,2,1
6686,1200005652,1200005657,62.386,50.0,tertiary,1,1
6687,1200005652,540440776,82.19500000000001,50.0,residential,1,0
6688,1200005654,2383595033,73.176,50.0,secondary_link,1,1
6689,1200005654,440062859,47.227000000000004,50.0,secondary,2,1
6690,1200005657,540440775,99.173,50.0,residential,1,0
6691,1200005657,2216127673,73.07799999999999,50.0,tertiary,1,1
6692,1200005663,6017594665,88.964,50.0,tertiary,2,1
6693,1200005672,540442617,153.94799999999998,50.0,residential,1,1
6694,1200005672,1200005625,245.04699999999997,50.0,tertiary,1,1
6695,1200016186,1200005663,35.371,50.0,secondary_link,1,1
6696,1200016186,1200005640,28.579,50.0,secondary,2,1
6697,1200016197,318183199,113.87899999999999,50.0,secondary_link,2,1
6698,1200016197,8875028160,61.532999999999994,50.0,secondary,2,1
6699,1200021235,1200021267,39.741,50.0,residential,2,0
6700,1200021235,2509747192,29.262,50.0,residential,1,1
6701,1200021239,1200021235,41.867000000000004,50.0,residential,1,1
6702,1200021239,6154187427,129.661,50.0,secondary,2,0
6703,1200021239,2509747192,35.204,50.0,secondary,2,0
6704,1200021267,6154187438,32.639,50.0,residential,2,0
6705,1200021267,1200021235,39.741,50.0,residential,2,0
6706,1200021267,6154187420,36.806,50.0,residential,1,0
6707,1200567498,471558915,136.469,30.0,residential,1,0
6708,1200826106,417648007,116.612,50.0,living_street,1,0
6709,1203668142,357489295,11.824,50.0,secondary,3,1
6710,1203668142,2141534228,25.175,50.0,residential,1,1
6711,1203668156,357489690,37.131,50.0,residential,1,1
6712,1208799481,1208799502,57.294,30.0,residential,1,1
6713,1208799481,1208799500,28.776000000000003,30.0,residential,1,1
6714,1208799483,705536611,31.865,30.0,residential,1,1
6715,1208799485,1208799502,29.073,30.0,residential,1,1
6716,1208799489,1208799499,64.893,50.0,residential,2,0
6717,1208799499,2470061873,57.289,50.0,tertiary,3,0
6718,1208799499,1208799489,64.893,50.0,residential,2,0
6719,1208799499,1208799532,32.036,30.0,residential,1,1
6720,1208799499,705536611,58.644,50.0,tertiary,3,0
6721,1208799500,1208799485,58.522,30.0,residential,1,1
6722,1208799502,870887825,37.083,30.0,residential,1,1
6723,1208799506,870887828,26.049,30.0,residential,1,0
6724,1208799508,1208799532,58.022,30.0,residential,1,1
6725,1208799508,5928155222,51.324,30.0,residential,1,0
6726,1208799508,1208799500,26.056,30.0,residential,1,1
6727,1208799516,7058610554,13.117,50.0,residential,1,0
6728,1208799516,514350359,51.3,50.0,residential,1,1
6729,1208799525,4139634015,48.856,50.0,residential,1,0
6730,1208799525,5854741474,68.364,50.0,residential,1,1
6731,1208799532,1208799483,58.405,30.0,residential,1,1
6732,1208799532,1208799485,26.979999999999997,30.0,residential,1,1
6733,1208924051,6495095710,177.774,30.0,residential,1,0
6734,1208924144,6495095710,51.099000000000004,30.0,residential,1,0
6735,1208924144,6380227175,134.837,30.0,living_street,1,1
6736,1208924144,5928553629,167.142,50.0,tertiary,2,0
6737,1208924144,6495095708,41.85,50.0,tertiary,2,0
6738,1209000995,332206685,183.209,50.0,tertiary,1,1
6739,1209000995,357507801,15.24,50.0,residential,2,0
6740,1209001015,286546719,68.579,50.0,tertiary_link,1,1
6741,1209001015,34132757,25.787000000000003,50.0,tertiary,2,1
6742,1212524600,354027676,178.93800000000002,50.0,tertiary_link,1,1
6743,1215250895,1215250900,62.588,30.0,residential,1,0
6744,1215250895,1238907448,36.011,30.0,residential,1,0
6745,1215250895,2131481303,17.204,30.0,residential,1,0
6746,1215250900,1215250895,62.588,30.0,residential,1,0
6747,1219532891,8576871918,19.565,50.0,residential,1,0
6748,1219532891,1228304879,29.92,50.0,residential,1,1
6749,1219532896,3305524097,11.056,50.0,residential,1,1
6750,1219532896,1198031729,29.060000000000002,50.0,residential,1,1
6751,1224771130,1224771133,16.909,50.0,secondary,2,1
6752,1224771130,6301371521,19.973,50.0,tertiary,1,1
6753,1224771133,2143632939,48.071,50.0,secondary,2,1
6754,1224771133,290612973,11.808,50.0,tertiary,1,1
6755,1224771134,3359271,9.331,50.0,tertiary,1,0
6756,1224771134,1622664278,268.747,50.0,secondary,2,1
6757,1224771137,354030217,267.50300000000004,50.0,residential,1,1
6758,1224771137,6301371523,101.307,50.0,secondary,2,1
6759,1225576605,1382676544,27.803,50.0,primary,2,1
6760,1225576605,8476326721,15.354000000000001,50.0,motorway_link,1,1
6761,1225576609,318757198,18.775,50.0,primary,4,1
6762,1228304879,1198031710,42.021,30.0,residential,1,1
6763,1232931879,580713872,105.648,50.0,residential,2,0
6764,1232931879,580706957,190.23299999999998,50.0,residential,1,0
6765,1232931879,357535066,66.729,50.0,residential,1,0
6766,1234736931,591891458,52.983000000000004,50.0,motorway_link,1,1
6767,1234736931,4066073761,37.826,50.0,secondary,3,1
6768,1234762852,347035948,9.407,50.0,tertiary,1,1
6769,1234762852,10568511022,27.346,50.0,secondary,1,1
6770,1234762861,1234762905,11.546,50.0,tertiary,3,1
6771,1234762861,8312934747,9.693,50.0,tertiary,3,1
6772,1234762870,6139395796,40.089,50.0,secondary,1,1
6773,1234762883,1121649521,37.57,60.0,secondary,3,1
6774,1234762883,1234762861,59.263999999999996,50.0,tertiary,3,1
6775,1234762884,1234762852,20.535,50.0,secondary,2,1
6776,1234762884,1688194324,69.581,30.0,residential,1,1
6777,1234762886,2373734838,36.263000000000005,50.0,secondary_link,1,1
6778,1234762886,1234762930,24.913999999999998,50.0,secondary,3,1
6779,1234762903,2989376741,58.69499999999999,50.0,motorway_link,1,1
6780,1234762903,1234762944,45.60000000000001,50.0,secondary,3,1
6781,1234762905,4017282099,15.309,50.0,tertiary,2,1
6782,1234762905,1987571695,21.932000000000002,50.0,tertiary,2,1
6783,1234762907,1234762884,203.40699999999998,50.0,secondary,2,1
6784,1234762916,681570928,38.583999999999996,50.0,tertiary,2,1
6785,1234762930,8312934743,9.895,50.0,secondary,3,1
6786,1234762930,2373734838,17.681,50.0,tertiary,2,1
6787,1234762935,1234762956,38.141,50.0,secondary_link,1,1
6788,1234762935,286763487,24.377000000000002,50.0,secondary,3,1
6789,1234762937,3699173896,9.396,50.0,residential,1,1
6790,1234762937,1574582646,133.01200000000003,50.0,tertiary,2,1
6791,1234762938,1234762962,12.474,50.0,secondary,1,1
6792,1234762938,1234762883,58.778,60.0,secondary,3,1
6793,1234762944,8312938435,14.499,50.0,secondary,6,1
6794,1234762944,2989376741,45.998999999999995,50.0,motorway_link,1,1
6795,1234762951,1234762870,36.256,50.0,secondary_link,1,1
6796,1234762951,1234762962,25.604,50.0,secondary,3,1
6797,1234762956,1790662878,52.402,50.0,secondary,3,1
6798,1234762962,286763487,25.092000000000002,50.0,secondary,3,1
6799,1234762962,1234762870,19.976999999999997,50.0,secondary,1,1
6800,1234762966,3699173893,18.263,50.0,tertiary,1,1
6801,1234762966,1574582628,41.085,50.0,tertiary,3,1
6802,1234762967,3699173883,115.911,50.0,unclassified,1,0
6803,1234762968,34651078,11.859,50.0,tertiary,1,1
6804,1234762968,5029581500,293.52000000000004,50.0,secondary,2,1
6805,1238907349,940859951,139.35299999999998,30.0,residential,1,1
6806,1238907349,1240311914,92.765,30.0,residential,1,0
6807,1238907358,1238907388,43.639,30.0,residential,1,0
6808,1238907358,1238907435,69.431,30.0,residential,1,0
6809,1238907358,1238907448,238.678,30.0,residential,1,0
6810,1238907366,1238907388,45.265,50.0,living_street,1,0
6811,1238907388,1238907358,43.639,30.0,residential,1,0
6812,1238907388,1238907462,57.884,50.0,living_street,1,0
6813,1238907388,1238907366,45.265,50.0,living_street,1,0
6814,1238907403,940860079,166.43699999999998,30.0,residential,1,0
6815,1238907403,1261466810,39.965,30.0,residential,1,0
6816,1238907403,2131481257,78.108,30.0,residential,1,0
6817,1238907435,581977614,161.37,30.0,residential,1,0
6818,1238907435,1238907462,36.152,30.0,residential,1,0
6819,1238907435,1238907358,69.43100000000001,30.0,residential,1,0
6820,1238907448,1215250895,36.011,30.0,residential,1,0
6821,1238907448,1261466810,66.56400000000001,30.0,residential,1,0
6822,1238907448,1238907358,238.678,30.0,residential,1,0
6823,1238907462,1271072917,61.776,30.0,residential,1,0
6824,1238907462,1238907388,57.884,50.0,living_street,1,0
6825,1238907462,1238907435,36.152,30.0,residential,1,0
6826,1240311902,2134290473,9.852,30.0,residential,1,0
6827,1240311902,940860114,30.515,30.0,residential,1,1
6828,1240311904,2131481257,8.462,50.0,residential,1,0
6829,1240311904,1240311906,136.477,50.0,residential,1,0
6830,1240311904,1240311909,51.071,30.0,residential,1,0
6831,1240311906,1240311904,136.477,50.0,residential,1,0
6832,1240311907,2134290416,8.893,50.0,residential,1,0
6833,1240311907,1240311909,159.154,50.0,residential,1,1
6834,1240311907,346148180,67.327,30.0,residential,1,1
6835,1240311909,1240311914,63.409000000000006,30.0,residential,1,0
6836,1240311909,1240311904,51.071,30.0,residential,1,0
6837,1240311914,2134290434,182.05,50.0,residential,1,0
6838,1240311914,1238907349,92.76500000000001,30.0,residential,1,0
6839,1240311914,1240311909,63.409000000000006,30.0,residential,1,0
6840,1252167833,2989950141,843.486,90.0,motorway,4,1
6841,1252167838,1252167850,11.115,50.0,tertiary,2,1
6842,1252167838,1104322360,107.936,50.0,tertiary,2,1
6843,1252167844,9289008439,17.563,50.0,tertiary,1,1
6844,1252167844,2990821019,31.866999999999997,50.0,secondary,3,1
6845,1252167850,1252167870,11.314,50.0,tertiary,2,1
6846,1252167861,1885693264,37.846000000000004,50.0,tertiary,3,1
6847,1252167861,1885693277,18.436,50.0,residential,1,1
6848,1252167861,340983520,27.516,50.0,motorway_link,2,1
6849,1252167870,1252167838,8.291,50.0,tertiary,2,1
6850,1252167870,2990821001,39.321000000000005,50.0,tertiary,2,1
6851,1252167908,2990821010,68.527,50.0,secondary_link,1,1
6852,1252167908,270426018,43.214,50.0,secondary,4,1
6853,1253870086,2149039636,115.899,50.0,tertiary,3,1
6854,1253870086,1107317176,219.6,50.0,tertiary,1,0
6855,1253870087,1253870086,79.006,50.0,tertiary,2,1
6856,1253870158,2149039600,71.963,50.0,secondary,3,1
6857,1253870158,8610968868,76.38199999999999,50.0,secondary_link,2,1
6858,1253870225,591837210,68.778,50.0,secondary,3,1
6859,1253870225,2992969029,138.83299999999997,50.0,motorway_link,1,1
6860,1258970863,563997526,65.747,30.0,residential,1,0
6861,1261466808,581984981,27.777,30.0,residential,1,1
6862,1261466808,2129877329,18.904,30.0,residential,1,0
6863,1261466808,346148180,51.169,30.0,residential,1,0
6864,1261466810,1238907403,39.965,30.0,residential,1,0
6865,1261466810,1238907448,66.56400000000001,30.0,residential,1,0
6866,1261466810,11206316727,62.18600000000001,30.0,residential,1,0
6867,1262551620,564008104,110.455,30.0,residential,1,0
6868,1262551628,12573637089,49.144999999999996,30.0,residential,1,0
6869,1271072916,2122492950,12.749,50.0,residential,1,0
6870,1271072916,1271072917,60.711,30.0,residential,1,0
6871,1271072916,1271072918,86.298,30.0,residential,1,0
6872,1271072917,1238907462,61.776,30.0,residential,1,0
6873,1271072917,2133110682,41.951,30.0,residential,1,0
6874,1271072917,2122492951,58.465,30.0,residential,1,0
6875,1271072917,1271072916,60.711,30.0,residential,1,0
6876,1271072918,564010750,50.411,30.0,residential,1,0
6877,1271072918,564009112,139.04000000000002,30.0,residential,1,0
6878,1271072918,1271072916,86.29800000000002,30.0,residential,1,0
6879,1271251207,290034058,229.30599999999998,50.0,residential,1,1
6880,1271251207,1271251209,16.795,50.0,residential,1,1
6881,1271251209,9295247778,17.359,50.0,residential,1,1
6882,1271251214,2134290814,133.902,50.0,residential,1,1
6883,1271251214,290034058,9.535,50.0,tertiary,3,1
6884,1271251234,346147376,14.781,30.0,residential,1,0
6885,1271251234,346147659,109.27200000000002,30.0,residential,1,0
6886,1271251240,1271251214,14.87,50.0,tertiary,2,1
6887,1271251240,681273917,377.211,50.0,tertiary,2,1
6888,1271251244,564016484,96.63199999999999,50.0,residential,1,1
6889,1271251244,564016520,22.052,50.0,residential,1,1
6890,1272411978,1342949242,365.312,50.0,secondary_link,2,1
6891,1272411978,4017282120,85.943,50.0,tertiary,2,1
6892,1272411980,289502961,109.889,50.0,tertiary,3,1
6893,1272411995,1234762907,25.631,50.0,secondary,2,1
6894,1272411995,8400880069,8.344000000000001,50.0,motorway_link,3,1
6895,1283949630,1283949681,10.751000000000001,50.0,tertiary,1,1
6896,1283949630,1718502680,71.971,50.0,tertiary,1,1
6897,1283949656,318179104,29.484,50.0,residential,1,0
6898,1283949656,1283949688,5.776,50.0,tertiary,1,1
6899,1283949659,1283949630,14.226,50.0,tertiary,1,1
6900,1283949681,1283949656,13.639000000000001,50.0,tertiary,1,1
6901,1283949688,1283949659,11.532,50.0,tertiary,1,1
6902,1283949688,1718502728,204.99400000000003,50.0,tertiary,2,1
6903,1286559903,1287801585,204.089,30.0,residential,1,0
6904,1286559903,563977362,64.12899999999999,50.0,primary,2,1
6905,1286559957,684521328,42.488,50.0,tertiary,1,0
6906,1286559957,684521278,46.38,50.0,tertiary,1,0
6907,1286559957,1287801585,82.697,30.0,residential,1,0
6908,1286564586,1287801613,23.419,50.0,primary,2,1
6909,1286564586,1286564600,195.89100000000002,30.0,residential,1,1
6910,1286564600,684521304,16.243,50.0,tertiary,1,0
6911,1286564600,684521295,27.745,50.0,tertiary,1,0
6912,1286565964,1286564586,29.479,50.0,primary,2,1
6913,1286565964,684521300,151.41,30.0,residential,1,1
6914,1286570779,1286576046,22.206,30.0,residential,1,1
6915,1286570779,684521361,136.458,30.0,residential,1,1
6916,1286573082,1286573083,28.186,30.0,residential,1,1
6917,1286573083,684521358,31.423000000000002,30.0,residential,1,1
6918,1286573083,684521347,129.628,30.0,residential,1,1
6919,1286573535,1286580183,41.838,30.0,residential,1,0
6920,1286573535,1286574438,34.005,30.0,residential,1,0
6921,1286573535,1286578020,170.314,30.0,residential,1,0
6922,1286574438,1286573083,130.691,30.0,residential,1,1
6923,1286574438,1286573535,34.005,30.0,residential,1,0
6924,1286574438,1286578020,14.321,30.0,residential,1,0
6925,1286576046,1286573082,9.724,30.0,residential,1,1
6926,1286577036,1286570779,16.893,30.0,residential,1,1
6927,1286577036,1936282473,135.432,30.0,residential,1,1
6928,1286577043,1936282473,14.329,30.0,residential,1,1
6929,1286577043,1936282470,61.294,50.0,tertiary,1,1
6930,1286578017,1286576046,132.827,30.0,residential,1,1
6931,1286578017,1936282471,8.207,30.0,residential,1,0
6932,1286578020,1286574438,14.321,30.0,residential,1,0
6933,1286578020,1936282471,18.648,30.0,residential,1,0
6934,1286578020,1286573535,170.314,30.0,residential,1,0
6935,1286580183,1286573535,41.838,30.0,residential,1,0
6936,1286580183,1286580190,15.726,30.0,residential,1,0
6937,1286580183,684521358,94.85100000000001,30.0,residential,1,0
6938,1286580190,1286580183,15.726,30.0,residential,1,0
6939,1286581437,684521365,34.106,30.0,residential,1,1
6940,1286581685,1286581437,136.019,30.0,residential,1,1
6941,1286581685,1286577043,24.765,50.0,tertiary,1,1
6942,1286582706,1286582721,82.551,30.0,residential,1,0
6943,1286582706,1286581685,34.694,50.0,tertiary,1,1
6944,1286582721,1286582706,82.551,30.0,residential,1,0
6945,1287801585,1287801586,33.398,30.0,residential,1,0
6946,1287801585,1286559903,204.089,30.0,residential,1,0
6947,1287801585,1286559957,82.697,30.0,residential,1,0
6948,1287801586,1287801585,33.398,30.0,residential,1,0
6949,1287801613,346149510,9.035,50.0,primary,2,1
6950,1287801613,684521278,240.909,30.0,residential,1,1
6951,1288165991,1288165992,118.83600000000001,30.0,residential,1,1
6952,1288165991,1288170843,29.654000000000003,30.0,residential,1,1
6953,1288165992,1288174775,29.593,30.0,residential,1,1
6954,1288165992,1288176688,29.938,30.0,residential,1,0
6955,1288165993,563974285,38.838,30.0,residential,1,0
6956,1288165993,1288170857,28.172,30.0,residential,1,0
6957,1288165993,1288171889,71.63,30.0,residential,1,1
6958,1288165994,1936282482,54.732,30.0,residential,1,0
6959,1288170843,563958704,34.216,30.0,residential,1,1
6960,1288170843,3219537035,73.243,30.0,residential,1,0
6961,1288170843,1288170880,203.11199999999997,30.0,residential,1,0
6962,1288170857,1288165993,28.172,30.0,residential,1,0
6963,1288170857,563967258,31.313,30.0,residential,1,0
6964,1288170857,1288171890,71.83099999999999,30.0,residential,1,0
6965,1288170880,1288170843,203.11199999999997,30.0,residential,1,0
6966,1288171888,1288171890,31.106,30.0,residential,1,0
6967,1288171888,1288184320,17.748,30.0,residential,1,0
6968,1288171888,1288179878,43.074,30.0,residential,1,0
6969,1288171889,3219537023,59.693,30.0,residential,1,1
6970,1288171889,1288171890,31.247,30.0,residential,1,0
6971,1288171889,1288171891,17.738,30.0,residential,1,0
6972,1288171890,1288171888,31.106,30.0,residential,1,0
6973,1288171890,1288171889,31.247,30.0,residential,1,0
6974,1288171890,1288170857,71.83099999999999,30.0,residential,1,0
6975,1288171890,3219537035,58.391,30.0,residential,1,0
6976,1288171891,1288171889,17.738,30.0,residential,1,0
6977,1288174185,563973508,112.708,30.0,residential,1,0
6978,1288174185,563950050,27.633,30.0,residential,1,1
6979,1288174775,563974292,115.623,30.0,residential,1,1
6980,1288174775,1288174185,19.921,30.0,residential,1,1
6981,1288176688,1288176710,46.572,30.0,residential,1,0
6982,1288176688,1288165992,29.938,30.0,residential,1,0
6983,1288176688,1936282482,26.432,30.0,residential,1,0
6984,1288176710,1288176688,46.572,30.0,residential,1,0
6985,1288177665,563968268,24.357,30.0,"['residential', 'living_street']",1,0
6986,1288177665,563970408,114.9,30.0,"['residential', 'living_street']",1,0
6987,1288177665,1288179878,39.196,30.0,living_street,1,0
6988,1288179878,1288171888,43.074,30.0,residential,1,0
6989,1288179878,563967258,26.012,30.0,residential,1,0
6990,1288179878,1288177665,39.196,30.0,living_street,1,0
6991,1288183822,534376062,46.831,30.0,residential,1,1
6992,1288183822,1288183824,33.675,30.0,residential,1,0
6993,1288183822,563963214,38.684,30.0,residential,1,0
6994,1288183824,1288183822,33.675,30.0,residential,1,0
6995,1288183824,1288184320,50.294,30.0,living_street,1,0
6996,1288183824,1288184329,50.178,30.0,living_street,1,0
6997,1288184320,1288183824,50.294,30.0,living_street,1,0
6998,1288184320,534376062,31.648,30.0,residential,1,0
6999,1288184320,1288171888,17.748,30.0,residential,1,0
7000,1288184329,1288183824,50.178,30.0,living_street,1,0
7001,1288185630,563958700,25.481,30.0,residential,1,0
7002,1288186954,1288187379,43.372,30.0,residential,1,0
7003,1288187378,2490677655,33.084,30.0,residential,1,0
7004,1288187378,1288187379,102.823,30.0,residential,1,1
7005,1288187378,2490677649,84.077,30.0,residential,1,0
7006,1288187379,563953312,32.345,30.0,residential,1,0
7007,1288187379,1288186954,43.372,30.0,residential,1,0
7008,1288187379,1288189895,67.365,30.0,residential,1,1
7009,1288189633,1288189895,45.391,30.0,residential,1,0
7010,1288189657,563953811,59.519,30.0,residential,1,1
7011,1288189657,1288195654,36.833,30.0,residential,1,0
7012,1288189742,1288195654,54.841,30.0,residential,1,0
7013,1288189742,1688171020,9.602,30.0,residential,1,1
7014,1288189866,1288189657,37.867,30.0,residential,1,1
7015,1288189895,1288189633,45.391,30.0,residential,1,0
7016,1288189895,1288189866,35.024,30.0,residential,1,1
7017,1288192078,1288241810,12.204,30.0,residential,1,1
7018,1288192090,1288189657,34.492,30.0,residential,1,1
7019,1288192090,1288192122,46.897,30.0,residential,1,0
7020,1288192090,1288192078,91.497,30.0,residential,1,1
7021,1288192122,1288192090,46.897,30.0,residential,1,0
7022,1288192240,1288192673,108.09800000000001,30.0,residential,1,0
7023,1288192673,1288192240,108.09800000000001,30.0,residential,1,0
7024,1288192673,10577103107,82.49900000000001,50.0,tertiary,2,1
7025,1288194568,563951402,35.424,30.0,residential,1,0
7026,1288194568,563948284,44.646,30.0,residential,1,0
7027,1288194568,563954821,60.037,30.0,residential,1,0
7028,1288195654,1288189657,36.833,30.0,residential,1,0
7029,1288195654,1288189742,54.841,30.0,residential,1,0
7030,1288195654,563954825,53.136,30.0,residential,1,0
7031,1288198949,1288198966,39.615,30.0,residential,1,0
7032,1288198949,1288189742,28.653,30.0,residential,1,1
7033,1288198966,1288198949,39.615,30.0,residential,1,0
7034,1288198966,1288198978,31.924,30.0,residential,1,0
7035,1288198966,563949004,28.622,30.0,residential,1,1
7036,1288198978,1288198966,31.924,30.0,residential,1,0
7037,1288201521,563948032,38.46,30.0,residential,1,0
7038,1288201521,355867280,37.614000000000004,30.0,residential,1,0
7039,1288201521,1288201529,107.98,30.0,residential,1,0
7040,1288201529,563948281,42.74,30.0,residential,1,1
7041,1288201529,1288201521,107.98,30.0,residential,1,0
7042,1288205413,1288211489,53.297,30.0,residential,1,0
7043,1288205413,563957231,18.321,30.0,residential,1,0
7044,1288205413,1288211837,51.422,30.0,residential,1,1
7045,1288206194,563948281,33.846,30.0,residential,1,0
7046,1288206194,563948032,79.064,30.0,residential,1,0
7047,1288209090,1288210131,28.677,30.0,residential,1,1
7048,1288209090,1288211837,31.211,30.0,residential,1,0
7049,1288210120,563961067,39.373,30.0,residential,1,1
7050,1288210120,2490677649,81.237,30.0,residential,1,1
7051,1288210131,1288210878,38.054,30.0,residential,1,1
7052,1288210319,1288206194,45.447,30.0,residential,1,1
7053,1288210319,1288210131,25.113,30.0,residential,1,1
7054,1288210878,1288216874,29.048,30.0,residential,1,1
7055,1288211489,563963985,16.67,30.0,residential,1,0
7056,1288211489,1288205413,53.297,30.0,residential,1,0
7057,1288211489,2490677651,28.426,30.0,residential,1,1
7058,1288211837,1288210319,19.7,30.0,residential,1,1
7059,1288211837,1288209090,31.211,30.0,residential,1,0
7060,1288213107,1288213108,41.718,30.0,residential,1,1
7061,1288213107,1288216875,94.576,30.0,residential,1,1
7062,1288213108,563963214,81.795,30.0,residential,1,0
7063,1288213108,1288220961,13.988,30.0,residential,1,1
7064,1288216857,1288216874,37.041,30.0,residential,1,0
7065,1288216857,1288216875,32.713,30.0,residential,1,0
7066,1288216857,563961067,134.986,30.0,residential,1,1
7067,1288216863,1288217018,42.206,30.0,residential,1,1
7068,1288216863,563963534,61.844,30.0,residential,1,0
7069,1288216874,1288210120,130.048,30.0,residential,1,1
7070,1288216874,1288216857,37.041,30.0,residential,1,0
7071,1288216875,563963985,62.499,30.0,residential,1,1
7072,1288216875,1288216863,40.912,30.0,residential,1,1
7073,1288216875,1288216857,32.713,30.0,residential,1,0
7074,1288217018,1288220956,80.044,30.0,residential,1,1
7075,1288220956,1288183822,101.193,30.0,residential,1,1
7076,1288220956,1288220976,58.912000000000006,30.0,residential,1,0
7077,1288220956,1288220961,40.488,30.0,residential,1,1
7078,1288220961,1288216863,84.871,30.0,residential,1,1
7079,1288220976,1288220956,58.912000000000006,30.0,residential,1,0
7080,1288241809,563949010,34.558,30.0,residential,1,1
7081,1288241809,1288241810,37.852,30.0,residential,1,0
7082,1288241809,1288241814,53.614,30.0,residential,1,0
7083,1288241810,1288241809,37.852,30.0,residential,1,0
7084,1288241810,1695278923,33.862,30.0,residential,1,1
7085,1288241814,1288241809,53.614,30.0,residential,1,0
7086,1288260896,1288260903,34.442,30.0,residential,1,0
7087,1288260896,1288260901,27.534,30.0,residential,1,0
7088,1288260896,563971735,29.976,30.0,residential,1,0
7089,1288260896,1288261441,16.065,30.0,residential,1,0
7090,1288260901,1288260896,27.534,30.0,residential,1,0
7091,1288260903,1288260896,34.442,30.0,residential,1,0
7092,1288261441,1288261469,34.643,30.0,residential,1,0
7093,1288261441,1288260896,16.065,30.0,residential,1,0
7094,1288261441,1288264606,24.351,30.0,residential,1,0
7095,1288261469,1288261441,34.643,30.0,residential,1,0
7096,1288264606,1288264615,32.501,30.0,residential,1,0
7097,1288264606,1288261441,24.351,30.0,residential,1,0
7098,1288264606,563971993,25.136,30.0,residential,1,0
7099,1288264615,1288264606,32.501,30.0,residential,1,0
7100,1288267535,346150709,81.11,50.0,residential,1,0
7101,1288269538,563979625,38.957,50.0,residential,1,0
7102,1288269538,1288269545,8.428,50.0,residential,1,0
7103,1288269538,346150663,157.667,50.0,residential,1,0
7104,1288269545,1288269538,8.428,50.0,residential,1,0
7105,1288269545,1288269545,120.583,50.0,residential,1,0
7106,1288269545,1288269545,120.583,50.0,residential,1,0
7107,1288270191,346150405,24.951,50.0,residential,1,0
7108,1288270191,1288271433,35.703,50.0,residential,1,0
7109,1288270191,1288270306,117.726,50.0,residential,1,0
7110,1288270306,1288270191,117.72600000000001,50.0,residential,1,0
7111,1288270306,1288272042,29.672,30.0,residential,1,1
7112,1288271433,1288270191,35.703,50.0,residential,1,0
7113,1288271433,346150403,73.78399999999999,50.0,residential,1,1
7114,1288272042,1288271433,162.877,50.0,residential,1,1
7115,1288272042,346149915,117.079,30.0,residential,1,1
7116,1288274923,563985315,52.107,50.0,residential,1,0
7117,1288274923,563985106,29.78,50.0,residential,1,0
7118,1288274923,1288280136,62.393,50.0,residential,1,0
7119,1288274923,1288275770,74.158,50.0,residential,1,0
7120,1288275393,1288275770,52.455,50.0,residential,1,0
7121,1288275593,1288276462,80.586,50.0,residential,1,0
7122,1288275593,1288293376,13.513,50.0,residential,1,0
7123,1288275593,8024158227,119.96,50.0,residential,1,0
7124,1288275770,1288274923,74.158,50.0,residential,1,0
7125,1288275770,1288275393,52.455,50.0,residential,1,0
7126,1288275770,1288276462,50.473,50.0,residential,1,0
7127,1288276462,1288275593,80.586,50.0,residential,1,0
7128,1288276462,563985315,74.721,50.0,residential,1,0
7129,1288276462,1288275770,50.473,50.0,residential,1,0
7130,1288277018,346150916,39.589,50.0,residential,1,0
7131,1288277018,1288277040,31.499,50.0,residential,1,0
7132,1288277018,563988155,104.46600000000001,50.0,residential,1,0
7133,1288277040,1288277959,43.959,50.0,residential,1,0
7134,1288277040,1288278995,54.691,50.0,residential,1,0
7135,1288277040,1288277018,31.499,50.0,residential,1,0
7136,1288277959,1288277040,43.959,50.0,residential,1,0
7137,1288278993,1288278995,39.742999999999995,50.0,residential,1,0
7138,1288278993,563983210,141.697,50.0,residential,1,1
7139,1288278995,1288277040,54.691,50.0,residential,1,0
7140,1288278995,563983502,138.71,50.0,residential,1,0
7141,1288278995,1288278993,39.742999999999995,50.0,residential,1,0
7142,1288278995,346150916,57.397999999999996,50.0,residential,1,0
7143,1288280058,563984591,30.654,50.0,residential,1,0
7144,1288280058,1288280136,37.43,50.0,residential,1,0
7145,1288280058,1288280059,56.252,50.0,unclassified,1,0
7146,1288280059,1288280058,56.252,50.0,unclassified,1,0
7147,1288280136,1288280058,37.43,50.0,residential,1,0
7148,1288280136,1288274923,62.393,50.0,residential,1,0
7149,1288280136,1288280146,73.691,50.0,residential,1,0
7150,1288280146,1288280136,73.691,50.0,residential,1,0
7151,1288280693,563984591,55.915,50.0,residential,1,0
7152,1288282282,1288282581,53.783,50.0,residential,1,0
7153,1288282282,1288282581,102.72999999999999,50.0,residential,1,0
7154,1288282282,346149554,104.461,50.0,residential,1,0
7155,1288282581,346149555,34.727,50.0,residential,1,0
7156,1288282581,1288282282,53.783,50.0,residential,1,0
7157,1288282581,1288282282,102.72999999999999,50.0,residential,1,0
7158,1288282581,1288282584,60.347,50.0,residential,1,0
7159,1288282584,1288282581,60.347,50.0,residential,1,0
7160,1288286326,346149555,110.685,50.0,residential,1,0
7161,1288287375,1288291481,30.34,50.0,residential,1,0
7162,1288287618,1288287958,30.393,50.0,residential,1,0
7163,1288287618,563986337,54.365,50.0,residential,1,0
7164,1288287618,563985924,80.931,50.0,residential,1,0
7165,1288287958,1288287618,30.393,50.0,residential,1,0
7166,1288287958,563986391,48.888,30.0,residential,1,0
7167,1288287958,6052821191,79.851,30.0,residential,1,0
7168,1288288853,563986337,51.205,50.0,residential,1,0
7169,1288290430,563985774,40.047,50.0,residential,1,0
7170,1288291481,1288287375,30.34,50.0,residential,1,0
7171,1288291481,1288291482,19.721,50.0,residential,1,0
7172,1288291481,563986337,34.738,50.0,residential,1,0
7173,1288291482,1288291481,19.721,50.0,residential,1,0
7174,1288291836,1288291850,40.504,50.0,residential,1,0
7175,1288291836,346149706,19.577,30.0,residential,1,0
7176,1288291836,563985775,40.185,30.0,residential,1,0
7177,1288291847,346149553,46.216,50.0,residential,1,0
7178,1288291847,346149915,41.714,50.0,residential,1,0
7179,1288291847,1288291848,27.052,50.0,residential,1,0
7180,1288291848,346149706,36.212,50.0,residential,1,0
7181,1288291848,1288291850,23.563,50.0,residential,1,0
7182,1288291848,1288291847,27.052,50.0,residential,1,0
7183,1288291850,1288291836,40.504,50.0,residential,1,0
7184,1288291850,563985924,47.902,50.0,residential,1,0
7185,1288291850,346149553,81.02799999999999,50.0,residential,1,0
7186,1288291850,1288291848,23.563,50.0,residential,1,0
7187,1288293164,5853896368,121.563,50.0,residential,1,0
7188,1288293164,563987681,67.387,50.0,residential,1,0
7189,1288293164,1288293376,65.96600000000001,50.0,residential,1,0
7190,1288293376,563988155,54.329,50.0,residential,1,0
7191,1288293376,1288275593,13.513,50.0,residential,1,0
7192,1288293376,1288293164,65.96600000000001,50.0,residential,1,0
7193,1290054493,649085133,76.626,30.0,residential,1,0
7194,1290054493,581986372,8.039,30.0,residential,1,0
7195,1290054493,10577103115,446.788,50.0,tertiary,1,1
7196,1290054495,290034022,10.91,50.0,tertiary,1,1
7197,1290054495,1290058636,62.762,50.0,tertiary,1,1
7198,1290054496,2481674091,11.771,50.0,tertiary,1,1
7199,1290054496,2481674098,13.273,30.0,residential,1,1
7200,1290058636,1290054496,212.826,50.0,tertiary,1,1
7201,1305270022,315048449,29.219,50.0,tertiary,1,1
7202,1305270022,1305270027,34.853,50.0,secondary_link,1,1
7203,1305270027,338653818,64.571,50.0,secondary,2,1
7204,1307099535,1562944375,95.98100000000001,30.0,residential,1,1
7205,1307099535,1562944504,57.098,30.0,tertiary,1,0
7206,1307099535,1562944435,38.359,30.0,tertiary,1,0
7207,1308842259,3700677375,12.367,50.0,secondary,5,1
7208,1308842261,2137606211,40.686,50.0,secondary_link,1,1
7209,1308842261,2473987340,26.105,50.0,secondary,4,1
7210,1312216029,1107292327,26.82,50.0,secondary,2,1
7211,1312216029,1312216071,38.237,50.0,secondary_link,1,1
7212,1312216071,1107292317,133.329,50.0,tertiary,3,1
7213,1312216087,12760486279,59.702,50.0,secondary_link,1,1
7214,1312216087,968515552,52.586999999999996,50.0,secondary,4,1
7215,1312275190,1312275380,34.324,50.0,unclassified,1,0
7216,1312275190,1312275190,186.769,50.0,unclassified,1,0
7217,1312275190,1312275190,186.76899999999998,50.0,unclassified,1,0
7218,1312275221,1678949726,16.438,50.0,tertiary,2,1
7219,1312275221,2475613573,20.887,50.0,tertiary,2,1
7220,1312275380,1312275190,34.324,50.0,unclassified,1,0
7221,1312275380,1689353108,270.021,60.0,secondary,2,1
7222,1319999663,1319999683,42.571,50.0,residential,1,1
7223,1319999663,6269788101,55.882,50.0,residential,1,0
7224,1319999663,1319999687,73.144,50.0,residential,1,1
7225,1319999678,1319999663,33.086,50.0,residential,1,1
7226,1319999678,579601924,68.419,50.0,residential,1,1
7227,1319999680,1628415533,47.338,50.0,residential,1,1
7228,1319999680,681555854,32.971,30.0,residential,1,1
7229,1319999683,1320003468,49.227,50.0,residential,1,1
7230,1319999683,412524678,53.135,50.0,residential,1,0
7231,1319999687,579601924,33.272,30.0,residential,1,1
7232,1319999687,412532283,21.138,50.0,residential,1,1
7233,1320003464,412531396,45.468,50.0,residential,1,1
7234,1320003468,384674447,22.808,50.0,residential,1,1
7235,1320003468,1320003464,38.277,50.0,residential,1,1
7236,1320003468,1724608605,71.024,50.0,residential,1,0
7237,1342627926,1342627954,40.586,50.0,residential,1,0
7238,1342627954,1718632832,40.822,50.0,residential,1,0
7239,1342627954,540449838,352.229,50.0,residential,2,0
7240,1342627954,1342627926,40.586,50.0,residential,1,0
7241,1342949242,2648266077,301.394,50.0,motorway_link,1,1
7242,1342949242,1234762944,136.796,50.0,secondary_link,2,1
7243,1342959834,1342959838,61.395,30.0,residential,1,0
7244,1342959838,1342959834,61.395,30.0,residential,1,0
7245,1342959838,2144017081,138.04000000000002,50.0,tertiary,1,1
7246,1359001984,2989405424,344.93000000000006,50.0,motorway_link,1,1
7247,1359001984,2989396034,149.94400000000002,90.0,motorway,3,1
7248,1365179182,1365179185,61.999,30.0,residential,1,0
7249,1365179182,5988364212,69.546,30.0,residential,1,0
7250,1365179182,1365179183,48.324999999999996,30.0,residential,1,0
7251,1365179183,1365179182,48.324999999999996,30.0,residential,1,0
7252,1365179184,2475613583,185.047,50.0,tertiary,2,1
7253,1365179184,5988364211,79.042,30.0,residential,1,0
7254,1365179185,1365179182,61.999,30.0,residential,1,0
7255,1366372683,1936278313,64.372,30.0,residential,1,0
7256,1366372683,1936278342,27.163,50.0,tertiary,3,1
7257,1366372685,1936278294,15.714,50.0,tertiary,3,1
7258,1366372685,1936278351,82.46600000000001,30.0,residential,1,1
7259,1366372687,1366372698,12.307,50.0,tertiary,2,1
7260,1366372687,2692325666,19.444000000000003,50.0,tertiary,3,1
7261,1366372695,1697461106,12.271,50.0,secondary,3,0
7262,1366372695,1953636975,17.003999999999998,50.0,tertiary,1,1
7263,1366372695,1953636963,14.462,50.0,secondary,1,0
7264,1366372698,282458294,8.265,50.0,tertiary,1,1
7265,1366372698,1365179184,432.547,50.0,tertiary,2,1
7266,1382676544,2995641113,112.314,50.0,primary,4,1
7267,1383600399,496175461,33.879,30.0,residential,1,1
7268,1383600400,317214579,23.586,50.0,residential,2,0
7269,1383600400,1383600403,21.917,50.0,residential,2,0
7270,1383600402,1383600412,24.391,50.0,residential,1,1
7271,1383600402,317214579,163.261,50.0,residential,1,1
7272,1383600403,1383600400,21.917,50.0,residential,2,0
7273,1383600403,3593580026,29.109,50.0,residential,2,0
7274,1383600404,2108063293,26.293,50.0,living_street,1,0
7275,1383600404,1383600414,71.406,30.0,residential,1,1
7276,1383600407,1083454176,43.382,50.0,residential,1,1
7277,1383600407,2108063323,42.627,50.0,residential,1,0
7278,1383600412,3593580050,12.092,50.0,residential,1,1
7279,1383600412,1383600400,162.084,50.0,residential,1,1
7280,1383600413,3593580051,28.006,50.0,residential,1,1
7281,1383600413,1383600403,162.163,50.0,residential,1,1
7282,1383600414,4833025980,19.328,50.0,residential,1,1
7283,1383600416,1083453617,36.164,50.0,residential,1,1
7284,1383600416,1383600399,50.649,50.0,residential,1,1
7285,1383607564,579601793,59.401,50.0,residential,1,1
7286,1383607564,3593580054,43.813,50.0,residential,1,0
7287,1387191993,8476549335,16.07,50.0,unclassified,1,0
7288,1387191993,1329372,123.45400000000001,50.0,secondary,3,1
7289,1387191993,3541135157,23.264000000000003,50.0,unclassified,1,0
7290,1390474308,1366372687,8.658,50.0,tertiary,3,1
7291,1390474308,1678949742,37.789,50.0,tertiary,3,1
7292,1390478152,442893210,170.781,50.0,residential,1,0
7293,1390478152,442893216,39.684,50.0,residential,1,1
7294,1404447602,4139634059,30.448,50.0,living_street,1,0
7295,1411567095,1411567097,82.612,50.0,residential,1,0
7296,1411567096,2374503289,138.982,50.0,residential,1,0
7297,1411567097,1411567095,82.612,50.0,residential,1,0
7298,1411567097,1695279050,52.190000000000005,50.0,tertiary,3,1
7299,1411567099,2374503289,7.965,50.0,residential,1,0
7300,1411567099,3762374460,135.42000000000002,50.0,tertiary,1,1
7301,1428948170,1428948174,25.024,30.0,residential,1,0
7302,1428948174,1428948170,25.024,30.0,residential,1,0
7303,1428948174,1671579955,63.413000000000004,30.0,residential,1,1
7304,1435925457,1435925458,145.65500000000003,50.0,unclassified,1,0
7305,1435925458,1435925457,145.65500000000003,50.0,unclassified,1,0
7306,1435925458,357534734,228.45,50.0,residential,1,0
7307,1435925458,357533792,49.939,50.0,residential,2,1
7308,1439598793,3965819942,29.718,50.0,secondary,3,1
7309,1449561809,1143770896,13.463000000000001,50.0,secondary,3,1
7310,1449561809,1574692755,31.785,70.0,secondary,1,1
7311,1458945514,2997542191,25.669999999999998,50.0,residential,1,1
7312,1458945514,2997543700,46.536,50.0,secondary_link,1,1
7313,1458945605,1458945625,37.276,50.0,residential,1,1
7314,1458945625,1458945605,12.475000000000001,50.0,residential,1,1
7315,1458945625,1458945514,91.077,50.0,residential,1,1
7316,1458980333,318868147,36.22,50.0,tertiary,2,1
7317,1458980333,318184471,46.64,50.0,secondary_link,1,1
7318,1458980339,1458980343,30.088,50.0,tertiary,2,1
7319,1458980339,1458980341,30.671,50.0,unclassified,1,1
7320,1458980341,1458980343,29.975,50.0,unclassified,1,1
7321,1458980341,2379510928,378.63800000000003,50.0,unclassified,1,0
7322,1458980343,4060733735,319.873,50.0,tertiary,2,1
7323,1460805610,271326030,16.713,80.0,trunk,1,1
7324,1460805610,1460805613,45.661,70.0,secondary,1,1
7325,1460805613,530842257,239.282,70.0,secondary,1,1
7326,1468749493,1104322360,9.563,50.0,tertiary_link,1,1
7327,1468749493,1252167850,107.83700000000002,50.0,tertiary,2,1
7328,1473050781,10761852042,32.476,50.0,tertiary_link,1,1
7329,1473050781,10127374867,38.501,50.0,tertiary,3,1
7330,1474027237,2099662194,40.617,50.0,residential,1,0
7331,1474027237,1474027257,98.792,30.0,living_street,1,0
7332,1474027237,1474027252,36.561,50.0,residential,1,0
7333,1474027244,1474027284,30.975,50.0,residential,1,0
7334,1474027244,1474027264,116.575,30.0,living_street,1,0
7335,1474027244,540449079,38.034000000000006,50.0,residential,1,0
7336,1474027252,1474027253,114.132,30.0,living_street,1,0
7337,1474027252,1474027273,26.788,50.0,residential,1,0
7338,1474027252,1474027237,36.561,50.0,residential,1,0
7339,1474027253,1474027257,33.487,50.0,residential,1,0
7340,1474027253,1474027252,114.132,30.0,living_street,1,0
7341,1474027253,1474027272,28.503,50.0,residential,1,0
7342,1474027257,1474027253,33.487,50.0,residential,1,0
7343,1474027257,6017732745,32.132,50.0,residential,1,0
7344,1474027257,1474027237,98.792,30.0,living_street,1,0
7345,1474027260,1143763244,46.425,30.0,living_street,1,0
7346,1474027263,1474027278,40.063,50.0,tertiary_link,1,1
7347,1474027263,1718632827,37.705,50.0,tertiary,3,1
7348,1474027264,1474027271,29.82,50.0,residential,1,0
7349,1474027264,1474027244,116.575,30.0,living_street,1,0
7350,1474027264,318185906,28.407999999999998,50.0,residential,1,0
7351,1474027265,2264252015,51.157,50.0,residential,1,1
7352,1474027265,318186706,88.742,30.0,living_street,1,1
7353,1474027265,1474027260,184.335,50.0,residential,1,1
7354,1474027266,1474027284,28.701,50.0,residential,1,0
7355,1474027266,1474027272,39.786,50.0,residential,1,0
7356,1474027266,1474027267,115.5,30.0,living_street,1,0
7357,1474027267,1474027271,28.668,50.0,residential,1,0
7358,1474027267,1474027273,42.226,50.0,residential,1,0
7359,1474027267,1474027266,115.5,30.0,living_street,1,0
7360,1474027271,1474027264,29.82,50.0,residential,1,0
7361,1474027271,1474027267,28.668,50.0,residential,1,0
7362,1474027271,1474027284,116.039,30.0,living_street,1,0
7363,1474027272,1474027266,39.786,50.0,residential,1,0
7364,1474027272,1474027253,28.503,50.0,residential,1,0
7365,1474027272,1474027273,114.80000000000001,50.0,residential,1,0
7366,1474027273,1474027267,42.226,50.0,residential,1,0
7367,1474027273,1474027252,26.788,50.0,residential,1,0
7368,1474027273,1474027272,114.8,50.0,residential,1,0
7369,1474027277,1474027548,199.64600000000002,50.0,living_street,1,1
7370,1474027277,1143763362,65.16600000000001,50.0,residential,1,0
7371,1474027277,2002569409,89.097,50.0,residential,1,0
7372,1474027278,2235188168,85.71199999999999,50.0,tertiary,2,1
7373,1474027281,3297221371,60.887,50.0,residential,1,0
7374,1474027284,1474027244,30.975,50.0,residential,1,0
7375,1474027284,1474027266,28.701,50.0,residential,1,0
7376,1474027284,1474027271,116.039,30.0,living_street,1,0
7377,1474027527,1718632856,38.232,50.0,residential,1,0
7378,1474027527,4162302818,106.54399999999998,30.0,"['residential', 'living_street']",1,1
7379,1474027527,318181797,34.001,50.0,residential,1,0
7380,1474027548,1143763337,67.142,50.0,residential,1,1
7381,1474029217,2264252015,27.436,30.0,living_street,1,0
7382,1474029219,1474029222,29.354,50.0,tertiary,1,1
7383,1474029219,1474030756,93.137,50.0,tertiary,1,0
7384,1474029222,13203655989,12.003,50.0,tertiary,2,0
7385,1474029222,1474030771,30.16,50.0,tertiary,2,0
7386,1474029231,2004137824,41.778,50.0,residential,1,0
7387,1474029231,2004137800,55.814,50.0,tertiary,2,0
7388,1474029231,1474030771,73.254,50.0,tertiary,2,0
7389,1474030742,2004137782,59.668,50.0,residential,1,0
7390,1474030742,1143763266,41.199000000000005,50.0,residential,1,0
7391,1474030742,1931855285,51.676,50.0,residential,1,0
7392,1474030756,318186706,211.13799999999998,50.0,residential,1,0
7393,1474030756,1143763339,105.612,50.0,tertiary,1,0
7394,1474030756,1474029219,93.137,50.0,tertiary,1,0
7395,1474030757,1219532896,26.084,30.0,residential,1,1
7396,1474030759,3305523768,39.032,50.0,residential,1,0
7397,1474030759,1931855369,30.301000000000002,50.0,residential,1,0
7398,1474030759,3305523688,29.61,50.0,residential,1,0
7399,1474030762,13203655971,45.95,50.0,residential,1,0
7400,1474030762,1931855378,22.267,50.0,residential,1,0
7401,1474030762,6495095749,88.804,50.0,residential,1,0
7402,1474030763,3305523688,28.883,50.0,residential,1,1
7403,1474030765,549247954,32.95,50.0,residential,1,0
7404,1474030765,2004137820,37.518,50.0,residential,1,0
7405,1474030765,1931855339,121.493,50.0,residential,1,0
7406,1474030766,1474030763,38.121,30.0,living_street,1,1
7407,1474030766,6154204089,48.899,50.0,residential,1,0
7408,1474030771,2004137814,56.99,50.0,residential,1,0
7409,1474030771,1474029222,30.16,50.0,tertiary,2,0
7410,1474030771,1474029231,73.254,50.0,tertiary,2,0
7411,1475412131,1475412137,103.792,50.0,tertiary_link,1,1
7412,1475412131,332212898,60.658,50.0,tertiary,4,1
7413,1475412137,354043219,167.499,70.0,tertiary,2,1
7414,1475412154,1157422958,28.509000000000004,50.0,living_street,1,0
7415,1512098472,1528640614,67.619,30.0,living_street,1,1
7416,1512098472,5594905580,82.668,30.0,living_street,1,0
7417,1512098472,5594905580,49.236,30.0,living_street,1,0
7418,1512100112,1688171015,145.979,30.0,living_street,1,0
7419,1512100112,1512100112,134.058,30.0,living_street,1,0
7420,1512100112,1512100112,134.058,30.0,living_street,1,0
7421,1528640614,8561185788,16.803,50.0,secondary,1,1
7422,1528640620,1936278291,20.784,30.0,residential,1,0
7423,1528640620,5594905580,148.514,30.0,living_street,1,1
7424,1528640620,5594769620,82.537,30.0,residential,1,0
7425,1546447339,354047746,297.38700000000006,30.0,residential,2,0
7426,1546447339,354046851,62.33,50.0,residential,1,1
7427,1551409214,412817612,87.903,50.0,secondary,3,1
7428,1551409214,1551409219,95.078,50.0,secondary_link,1,1
7429,1551409219,11846590956,131.046,50.0,unclassified,1,1
7430,1554860966,354043586,204.613,50.0,residential,1,0
7431,1562944328,1562944412,44.792,30.0,tertiary,1,1
7432,1562944328,10279762507,12.835999999999999,30.0,residential,1,0
7433,1562944335,1562944467,15.94,30.0,tertiary,1,1
7434,1562944335,1563756436,63.156000000000006,30.0,residential,1,0
7435,1562944338,1562944449,38.415,30.0,residential,1,1
7436,1562944348,1566055893,155.609,30.0,residential,1,1
7437,1562944348,1562944527,52.206,30.0,tertiary,1,0
7438,1562944348,549265025,59.194,30.0,tertiary,1,0
7439,1562944356,534365190,321.99700000000007,30.0,residential,1,1
7440,1562944356,1562944459,75.41300000000001,30.0,residential,1,0
7441,1562944360,1562944432,69.118,30.0,residential,1,0
7442,1562944360,1562944348,97.402,30.0,residential,1,1
7443,1562944374,1562944483,74.263,30.0,residential,1,0
7444,1562944374,1562944514,78.286,30.0,residential,1,0
7445,1562944374,1562944516,130.354,30.0,residential,1,0
7446,1562944375,1562944502,35.411,30.0,residential,1,1
7447,1562944376,1563756432,34.248999999999995,30.0,tertiary,1,1
7448,1562944376,1563756578,48.986999999999995,30.0,residential,1,0
7449,1562944380,1562944328,50.505,30.0,tertiary,1,1
7450,1562944380,1563756498,88.67099999999999,30.0,residential,1,0
7451,1562944383,1562944485,30.358,30.0,residential,1,0
7452,1562944394,1562944449,76.849,30.0,residential,1,1
7453,1562944394,1562944338,92.69399999999999,30.0,residential,1,1
7454,1562944412,1563756564,12.196,30.0,tertiary,1,1
7455,1562944412,1566055385,670.5050000000001,30.0,"['residential', 'living_street']",1,0
7456,1562944414,1562944470,6.223,30.0,residential,1,0
7457,1562944425,1562944485,126.378,30.0,residential,1,1
7458,1562944425,1562944471,38.258,30.0,tertiary,1,0
7459,1562944425,534365168,131.514,30.0,tertiary,1,0
7460,1562944432,1562944360,69.118,30.0,residential,1,0
7461,1562944433,1562944443,25.275,30.0,tertiary,1,1
7462,1562944433,1563756534,57.07899999999999,30.0,residential,1,0
7463,1562944435,1562944502,92.55900000000001,30.0,residential,1,1
7464,1562944435,1307099535,38.358999999999995,30.0,tertiary,1,0
7465,1562944435,1562944471,61.232,30.0,tertiary,1,0
7466,1562944443,1563756503,47.655,30.0,residential,1,0
7467,1562944443,1563756451,57.422,30.0,tertiary,1,1
7468,1562944449,1562944375,61.748,30.0,residential,1,1
7469,1562944450,1562944338,63.737,30.0,residential,1,1
7470,1562944450,1562944466,77.794,30.0,residential,1,1
7471,1562944459,1562944356,251.45400000000004,30.0,residential,1,1
7472,1562944459,1562944356,75.41300000000001,30.0,residential,1,0
7473,1562944466,1562944360,52.638,30.0,residential,1,1
7474,1562944467,11018894723,14.659,30.0,residential,1,0
7475,1562944467,1562944481,51.227999999999994,30.0,tertiary,1,1
7476,1562944470,1562944414,6.223,30.0,residential,1,0
7477,1562944470,1562944476,39.256,30.0,residential,1,0
7478,1562944470,549265076,75.795,30.0,residential,1,0
7479,1562944471,1562944435,61.232,30.0,tertiary,1,0
7480,1562944471,1562944425,38.258,30.0,tertiary,1,0
7481,1562944476,1562944470,39.256,30.0,residential,1,0
7482,1562944481,1563756537,21.076,30.0,residential,1,0
7483,1562944481,1563756422,48.754,30.0,tertiary,1,1
7484,1562944483,1562944374,74.263,30.0,residential,1,0
7485,1562944485,1562944383,30.358,30.0,residential,1,0
7486,1562944485,534365168,528.872,30.0,residential,1,1
7487,1562944502,1562944471,232.37099999999998,30.0,residential,1,1
7488,1562944504,1562944394,32.516,30.0,residential,1,1
7489,1562944504,1566055621,80.33800000000001,30.0,residential,1,1
7490,1562944504,549265025,50.109,30.0,tertiary,1,0
7491,1562944504,1307099535,57.098,30.0,tertiary,1,0
7492,1562944514,1562944374,78.286,30.0,residential,1,0
7493,1562944514,1562944466,123.769,30.0,residential,1,1
7494,1562944516,1562944374,130.354,30.0,residential,1,0
7495,1562944516,549265076,89.611,30.0,tertiary,1,0
7496,1562944516,1562944527,58.888999999999996,30.0,tertiary,1,0
7497,1562944527,1562944514,147.34900000000002,30.0,residential,1,1
7498,1562944527,1566055730,88.111,30.0,residential,1,1
7499,1562944527,1562944516,58.888999999999996,30.0,tertiary,1,0
7500,1562944527,1562944348,52.205999999999996,30.0,tertiary,1,0
7501,1563559694,282458041,10.969,50.0,tertiary,2,1
7502,1563756403,1563756412,23.859,30.0,residential,1,0
7503,1563756412,1563756462,78.505,30.0,residential,1,1
7504,1563756412,1563756403,23.859,30.0,residential,1,0
7505,1563756417,1563756566,21.629,30.0,residential,1,0
7506,1563756422,13703576764,38.707,30.0,residential,1,0
7507,1563756422,1563756438,49.207,30.0,tertiary,1,1
7508,1563756432,13109261721,12.12,30.0,residential,1,0
7509,1563756432,1562944380,49.942,30.0,tertiary,1,1
7510,1563756436,1562944335,63.156000000000006,30.0,residential,1,0
7511,1563756438,1562944433,27.937,30.0,tertiary,1,1
7512,1563756438,1563756444,49.072,30.0,residential,1,1
7513,1563756444,1563756499,65.612,30.0,residential,1,0
7514,1563756444,1563756566,47.483999999999995,30.0,residential,1,1
7515,1563756449,1562944376,71.46300000000001,30.0,tertiary,1,1
7516,1563756451,1563756568,45.44,50.0,tertiary,1,1
7517,1563756451,1563756449,29.132,30.0,tertiary,1,1
7518,1563756462,1563756505,30.521,30.0,residential,1,0
7519,1563756462,1563756503,71.289,30.0,residential,1,0
7520,1563756497,1563756503,169.385,30.0,residential,1,0
7521,1563756498,1562944380,88.67099999999999,30.0,residential,1,0
7522,1563756499,1563756444,65.612,30.0,residential,1,0
7523,1563756503,1562944443,47.655,30.0,residential,1,0
7524,1563756503,1563756497,169.385,30.0,residential,1,0
7525,1563756503,1563756462,71.289,30.0,residential,1,0
7526,1563756505,1563756462,30.521,30.0,residential,1,0
7527,1563756534,1562944433,57.07900000000001,30.0,residential,1,0
7528,1563756536,1563756564,64.86500000000001,30.0,residential,1,0
7529,1563756537,1562944481,21.076,30.0,residential,1,0
7530,1563756537,1563756537,71.775,30.0,residential,1,0
7531,1563756537,1563756537,71.775,30.0,residential,1,0
7532,1563756538,1563756546,43.605999999999995,30.0,tertiary,1,1
7533,1563756538,924516883,102.254,30.0,residential,1,0
7534,1563756546,11018894720,18.815,30.0,residential,1,0
7535,1563756546,1562944335,31.039,30.0,tertiary,1,1
7536,1563756564,1563756538,42.065,30.0,tertiary,1,1
7537,1563756564,1563756536,64.865,30.0,residential,1,0
7538,1563756566,1563756417,21.629,30.0,residential,1,0
7539,1563756566,1563756412,95.082,30.0,residential,1,1
7540,1563756568,549266352,81.84199999999998,50.0,tertiary,1,0
7541,1563756568,1563756449,37.593,50.0,tertiary,1,1
7542,1563756578,1562944376,48.987,30.0,residential,1,0
7543,1566055007,4165518776,50.201,50.0,residential,1,1
7544,1566055007,1566055462,126.35000000000001,30.0,residential,1,0
7545,1566055014,1566055430,61.168,30.0,residential,1,0
7546,1566055193,1574692863,42.025,50.0,secondary_link,1,1
7547,1566055193,1143770896,31.723000000000003,50.0,secondary,2,1
7548,1566055250,1566056503,17.034,30.0,residential,1,0
7549,1566055250,1566055804,42.634,30.0,residential,1,1
7550,1566055250,1566055410,47.69499999999999,30.0,residential,1,0
7551,1566055308,1566055903,41.699,30.0,residential,1,0
7552,1566055308,1566056374,49.661,30.0,residential,1,1
7553,1566055318,534365168,41.017,30.0,tertiary,1,0
7554,1566055318,534365172,14.168,30.0,tertiary,1,0
7555,1566055318,1566056097,116.179,30.0,residential,1,1
7556,1566055385,1562944412,670.5049999999999,30.0,"['residential', 'living_street']",1,0
7557,1566055385,549265086,13.274999999999999,30.0,tertiary,1,0
7558,1566055385,549265076,54.644,30.0,tertiary,1,0
7559,1566055410,1566055966,7.759,30.0,residential,1,0
7560,1566055410,1566056541,64.152,30.0,residential,1,1
7561,1566055410,1566055250,47.695,30.0,residential,1,0
7562,1566055430,1566055014,61.168,30.0,residential,1,0
7563,1566055430,1566056124,40.093999999999994,30.0,residential,1,0
7564,1566055430,1566055462,219.699,30.0,residential,1,0
7565,1566055462,1566055935,81.518,30.0,residential,1,0
7566,1566055462,1566055430,219.69899999999998,30.0,residential,1,0
7567,1566055462,1566055007,126.35000000000001,30.0,residential,1,0
7568,1566055501,1566056552,92.59,30.0,residential,1,0
7569,1566055516,591891241,155.51,50.0,motorway_link,1,1
7570,1566055516,268217765,123.914,50.0,secondary,4,1
7571,1566055576,1566055730,40.328,30.0,living_street,1,0
7572,1566055621,1566056374,16.244,30.0,residential,1,0
7573,1566055621,1566055308,48.013,30.0,residential,1,1
7574,1566055648,549255983,101.592,30.0,residential,1,0
7575,1566055679,549256536,55.492,30.0,residential,1,0
7576,1566055679,549255983,35.723,30.0,residential,1,0
7577,1566055679,1566056539,140.167,30.0,residential,1,1
7578,1566055730,549265076,191.841,30.0,residential,1,1
7579,1566055730,1566055576,40.328,30.0,living_street,1,0
7580,1566055804,1566056083,9.007,30.0,residential,1,1
7581,1566055893,1566055903,56.3,30.0,residential,1,1
7582,1566055893,13109261718,27.954,50.0,residential,1,0
7583,1566055903,1566055308,41.699,30.0,residential,1,0
7584,1566055903,1307099535,223.18200000000002,30.0,residential,1,1
7585,1566055928,4165518776,8.903,50.0,secondary,3,1
7586,1566055928,1950487590,25.195999999999998,50.0,residential,1,1
7587,1566055935,1566055462,81.518,30.0,residential,1,0
7588,1566055935,549256536,57.414,30.0,residential,1,0
7589,1566055935,3726520765,52.065,30.0,residential,1,0
7590,1566055935,13109261737,93.85,30.0,residential,1,0
7591,1566055966,1566055410,7.759,30.0,residential,1,0
7592,1566055966,549258509,16.78,30.0,residential,1,0
7593,1566055966,1566056185,56.384,30.0,residential,1,0
7594,1566056083,1566056097,52.736999999999995,30.0,residential,1,1
7595,1566056083,1566056116,89.196,30.0,residential,1,1
7596,1566056097,1566056185,15.053,30.0,residential,1,1
7597,1566056116,534365172,42.219,30.0,tertiary,1,0
7598,1566056116,549258646,148.99699999999999,30.0,tertiary,1,0
7599,1566056124,540425637,13.709,30.0,residential,1,0
7600,1566056124,10778529220,90.06,30.0,residential,1,0
7601,1566056124,1566055430,40.093999999999994,30.0,residential,1,0
7602,1566056185,4207109268,39.153,30.0,residential,1,1
7603,1566056185,1566055966,56.384,30.0,residential,1,0
7604,1566056268,1566055928,16.03,50.0,tertiary,1,1
7605,1566056268,1574692830,216.44000000000003,50.0,secondary,3,1
7606,1566056312,13109261737,61.005,30.0,living_street,1,0
7607,1566056345,12509865193,82.774,30.0,residential,1,0
7608,1566056363,549258823,35.548,30.0,residential,1,0
7609,1566056374,1566055621,16.244,30.0,residential,1,0
7610,1566056374,549265025,73.516,30.0,residential,1,1
7611,1566056503,1566055250,17.034,30.0,residential,1,0
7612,1566056503,10778529222,16.868,30.0,residential,1,0
7613,1566056503,549258590,147.348,30.0,residential,1,0
7614,1566056539,549257035,60.274,30.0,residential,1,1
7615,1566056539,549256221,30.693,30.0,residential,1,0
7616,1566056541,549258509,68.03,30.0,residential,1,1
7617,1566056541,540425816,21.298,30.0,residential,1,0
7618,1566056552,549258823,58.649,30.0,residential,1,1
7619,1566056552,1566055501,92.59,30.0,residential,1,0
7620,1568022370,1568022457,59.327,50.0,residential,1,0
7621,1568022370,549268178,46.554,50.0,residential,1,0
7622,1568022373,4165518778,61.966,50.0,tertiary,1,0
7623,1568022373,1568022563,69.727,50.0,residential,1,1
7624,1568022373,4165518782,54.081,50.0,tertiary,1,0
7625,1568022386,549268341,50.1,50.0,tertiary,1,0
7626,1568022386,1568022394,71.047,50.0,residential,1,0
7627,1568022386,549267901,137.95,50.0,tertiary,1,0
7628,1568022392,1568022418,43.38,50.0,residential,1,0
7629,1568022392,1568022485,18.406,50.0,residential,1,0
7630,1568022394,1568022386,71.047,50.0,residential,1,0
7631,1568022401,4165519902,53.515,50.0,residential,1,0
7632,1568022401,1568022419,30.784,50.0,residential,1,0
7633,1568022401,1568022606,53.344,50.0,residential,1,0
7634,1568022409,1568022437,10.822000000000001,50.0,tertiary,1,1
7635,1568022418,1568022456,17.208,50.0,residential,1,0
7636,1568022418,1568022392,43.38,50.0,residential,1,0
7637,1568022418,1568022608,74.021,50.0,residential,1,0
7638,1568022419,1568022401,30.784,50.0,residential,1,0
7639,1568022419,1568022447,107.927,50.0,tertiary,1,1
7640,1568022429,1568022610,29.921,50.0,residential,1,1
7641,1568022437,4165518779,62.683,50.0,tertiary,1,0
7642,1568022437,1568022539,10.185999999999998,50.0,tertiary,1,1
7643,1568022447,9037779449,39.245,50.0,tertiary,1,1
7644,1568022447,1568022550,36.069,50.0,tertiary,1,1
7645,1568022450,1568022485,75.82,50.0,residential,1,0
7646,1568022453,1571656057,94.462,50.0,tertiary,1,1
7647,1568022453,1568022409,6.849,50.0,tertiary,1,1
7648,1568022456,4131676722,30.493,50.0,residential,1,0
7649,1568022456,1568022418,17.208,50.0,residential,1,0
7650,1568022457,1568022370,59.327,50.0,residential,1,0
7651,1568022457,4131676722,22.125,50.0,residential,1,0
7652,1568022457,1568022489,134.387,50.0,residential,1,1
7653,1568022473,1571656551,47.953,50.0,tertiary,1,0
7654,1568022473,1568022453,8.915,50.0,tertiary,1,1
7655,1568022477,4165518777,32.173,50.0,residential,1,0
7656,1568022477,1568022370,249.00500000000002,50.0,residential,1,1
7657,1568022485,1568022392,18.406,50.0,residential,1,0
7658,1568022485,549268021,32.986,50.0,residential,1,0
7659,1568022485,1568022450,75.82,50.0,residential,1,0
7660,1568022489,1568022456,181.45200000000003,50.0,residential,1,1
7661,1568022489,1568022429,128.084,50.0,residential,1,1
7662,1568022537,1568022606,54.102,50.0,residential,1,1
7663,1568022537,4165519902,52.077,50.0,residential,1,0
7664,1568022537,4165518779,156.86,50.0,residential,1,0
7665,1568022539,1568022619,12.181000000000001,50.0,tertiary,1,1
7666,1568022539,1784523536,31.173000000000002,50.0,tertiary,1,1
7667,1568022547,1571656394,388.7139999999999,50.0,residential,1,1
7668,1568022547,4064096503,65.952,50.0,residential,1,0
7669,1568022550,1568022409,205.734,50.0,tertiary,1,1
7670,1568022550,4165519902,68.213,50.0,residential,1,0
7671,1568022559,1568022618,61.278000000000006,50.0,residential,1,0
7672,1568022563,1568022477,30.727,50.0,residential,1,1
7673,1568022606,1568022401,53.344,50.0,residential,1,0
7674,1568022606,4165518778,156.477,50.0,residential,1,0
7675,1568022606,1568022373,208.683,50.0,residential,1,1
7676,1568022608,1568022418,74.021,50.0,residential,1,0
7677,1568022610,1568022563,66.872,50.0,residential,1,1
7678,1568022610,4165518778,74.054,50.0,residential,1,1
7679,1568022618,1568022429,49.961,50.0,residential,1,1
7680,1568022618,1568022392,213.033,50.0,residential,1,1
7681,1568022618,1568022559,61.278000000000006,50.0,residential,1,0
7682,1568022619,1568022473,11.042,50.0,tertiary,1,1
7683,1569154963,1569154981,51.696,50.0,residential,1,0
7684,1569154963,1569154969,34.588,50.0,residential,1,0
7685,1569154963,286692486,184.576,50.0,tertiary,1,1
7686,1569154969,1569154963,34.588,50.0,residential,1,0
7687,1569154972,12782509476,66.001,50.0,residential,1,0
7688,1569154972,1569154989,29.615,50.0,residential,1,0
7689,1569154972,1569154975,155.488,50.0,residential,1,0
7690,1569154975,1569154972,155.488,50.0,residential,1,0
7691,1569154977,12782509476,89.10099999999998,50.0,residential,1,0
7692,1569154981,1569154963,51.696,50.0,residential,1,0
7693,1569154981,4064096512,189.726,50.0,residential,1,0
7694,1569154981,1569154989,117.807,50.0,residential,1,0
7695,1569154985,4520938052,59.864,50.0,residential,1,0
7696,1569154989,1569154972,29.615,50.0,residential,1,0
7697,1569154989,4520938052,12.464,50.0,residential,1,0
7698,1569154989,1569154981,117.807,50.0,residential,1,0
7699,1571655983,540422648,8.465,50.0,tertiary,1,0
7700,1571655983,1571764066,22.267,50.0,tertiary,1,1
7701,1571656007,1571656685,47.79,30.0,residential,1,0
7702,1571656007,1571656696,39.24,30.0,residential,1,0
7703,1571656024,1571656328,83.835,30.0,residential,1,1
7704,1571656024,1571656446,120.47099999999999,30.0,residential,1,1
7705,1571656053,2493584635,42.077,50.0,tertiary,1,1
7706,1571656053,549267521,12.588999999999999,50.0,tertiary,1,1
7707,1571656057,1571656553,45.203,50.0,tertiary,1,1
7708,1571656057,1571656331,102.371,50.0,residential,1,0
7709,1571656101,549268886,127.336,50.0,tertiary,1,0
7710,1571656101,1571656214,57.126,50.0,tertiary,1,0
7711,1571656101,1571656577,51.738,50.0,residential,1,1
7712,1571656101,1571656397,60.95399999999999,50.0,residential,1,0
7713,1571656126,4520945912,22.88,50.0,residential,1,1
7714,1571656126,4064096513,68.807,50.0,residential,1,0
7715,1571656170,1571656499,99.423,30.0,residential,1,1
7716,1571656170,1911081888,14.382,50.0,tertiary,1,1
7717,1571656174,1571656582,31.359,50.0,tertiary,1,1
7718,1571656174,2390930262,54.67,50.0,tertiary,2,0
7719,1571656197,1571656513,76.95,30.0,residential,1,0
7720,1571656214,1571656101,57.126,50.0,tertiary,1,0
7721,1571656214,1571656551,49.119,50.0,tertiary,1,0
7722,1571656214,1571656331,100.373,50.0,residential,1,0
7723,1571656217,2133458881,32.461,50.0,residential,1,1
7724,1571656217,1574692800,194.328,50.0,residential,1,0
7725,1571656217,8423778826,44.917,50.0,tertiary,1,0
7726,1571656217,8423778829,29.651,50.0,tertiary,1,0
7727,1571656241,1571656468,63.042,50.0,residential,1,0
7728,1571656241,3999780947,84.131,50.0,secondary,2,1
7729,1571656249,1571656551,69.939,50.0,residential,1,0
7730,1571656251,1571656621,23.119,50.0,tertiary_link,1,1
7731,1571656251,1571656287,18.043,50.0,tertiary,2,1
7732,1571656287,33956080,11.641,50.0,tertiary,2,1
7733,1571656287,1571656621,15.490000000000002,50.0,tertiary,2,1
7734,1571656289,1571656331,48.473,50.0,residential,1,0
7735,1571656289,1571656619,134.219,50.0,residential,1,0
7736,1571656289,1571656678,44.891,50.0,residential,1,1
7737,1571656292,1571656581,47.193,50.0,residential,1,0
7738,1571656318,549268341,59.778,50.0,tertiary,1,0
7739,1571656318,1784523536,20.673,50.0,tertiary,1,0
7740,1571656326,1571656619,48.484,30.0,residential,1,1
7741,1571656326,1571656422,99.533,30.0,residential,1,1
7742,1571656328,1571656550,80.247,30.0,residential,1,1
7743,1571656330,1571656673,88.819,30.0,residential,1,1
7744,1571656330,1571656573,40.197,50.0,residential,1,1
7745,1571656331,1571656057,102.371,50.0,residential,1,0
7746,1571656331,1571656289,48.473,50.0,residential,1,0
7747,1571656331,1571656214,100.373,50.0,residential,1,0
7748,1571656353,549271107,70.943,50.0,tertiary,1,0
7749,1571656353,1571764003,35.029,50.0,residential,1,1
7750,1571656363,1571656619,101.958,30.0,residential,1,1
7751,1571656363,1571656422,47.433,50.0,tertiary,1,1
7752,1571656390,338658900,44.836,50.0,tertiary,2,1
7753,1571656390,1571656392,112.18399999999998,30.0,residential,1,1
7754,1571656392,1571656363,56.626,50.0,tertiary,1,1
7755,1571656393,1571656553,46.045,50.0,residential,1,0
7756,1571656393,1571656575,134.56,50.0,residential,1,0
7757,1571656393,1571656429,93.31700000000001,50.0,residential,1,0
7758,1571656394,1571656514,36.015,50.0,tertiary,3,1
7759,1571656397,549269607,37.779,30.0,residential,1,1
7760,1571656397,1571656101,60.95399999999999,50.0,residential,1,0
7761,1571656399,1571656685,73.41199999999999,30.0,residential,1,0
7762,1571656402,1571656449,49.079,50.0,tertiary,1,1
7763,1571656418,1571656328,59.833,30.0,residential,1,1
7764,1571656418,549267539,153.577,50.0,tertiary,1,1
7765,1571656420,1571656330,48.797,50.0,residential,1,1
7766,1571656422,540422648,51.97,50.0,tertiary,1,1
7767,1571656424,1571656588,63.142,30.0,residential,1,0
7768,1571656429,1571656575,47.461,50.0,tertiary,1,1
7769,1571656429,1571656393,93.31700000000001,50.0,residential,1,0
7770,1571656446,1784523538,85.325,30.0,residential,1,0
7771,1571656446,1571656591,120.872,30.0,residential,1,0
7772,1571656449,1571656673,48.943,50.0,tertiary,1,1
7773,1571656449,1571656420,88.96,30.0,residential,1,1
7774,1571656459,549269610,23.951,30.0,residential,1,1
7775,1571656459,1571656653,61.978,30.0,residential,1,0
7776,1571656468,1571656241,63.042,50.0,residential,1,0
7777,1571656499,1571656397,125.865,30.0,residential,1,1
7778,1571656499,549268886,62.379000000000005,30.0,residential,1,1
7779,1571656513,1571656024,48.118,30.0,residential,1,1
7780,1571656513,1571656197,76.95,30.0,residential,1,0
7781,1571656514,1234762968,10.843,50.0,tertiary,2,1
7782,1571656514,286643379,503.21500000000003,50.0,secondary,3,1
7783,1571656550,1571656459,25.771,30.0,residential,1,1
7784,1571656550,1571656007,115.604,30.0,residential,1,1
7785,1571656551,1571656214,49.119,50.0,tertiary,1,0
7786,1571656551,1568022473,47.953,50.0,tertiary,1,0
7787,1571656551,1571656249,69.939,50.0,residential,1,0
7788,1571656553,1571656393,46.045,50.0,residential,1,0
7789,1571656553,9037779449,102.03500000000001,50.0,tertiary,1,1
7790,1571656573,549268888,88.03,30.0,residential,1,1
7791,1571656575,1571656402,53.89,50.0,tertiary,1,1
7792,1571656575,1571656393,134.56,50.0,residential,1,0
7793,1571656577,1571656326,130.375,30.0,residential,1,1
7794,1571656577,1571656289,50.906,50.0,residential,1,1
7795,1571656581,1571656292,47.193,50.0,residential,1,0
7796,1571656581,1571656241,75.699,50.0,secondary,2,1
7797,1571656582,1571656513,54.757,30.0,residential,1,1
7798,1571656582,549267521,56.144999999999996,50.0,tertiary,1,1
7799,1571656588,1571656685,47.286,30.0,residential,1,1
7800,1571656588,1571656424,63.142,30.0,residential,1,0
7801,1571656588,1568022386,117.931,30.0,residential,1,1
7802,1571656591,1571656446,120.872,30.0,residential,1,0
7803,1571656619,1571656573,43.358,30.0,residential,1,1
7804,1571656619,1571656289,134.219,50.0,residential,1,0
7805,1571656621,1571656394,43.499,50.0,tertiary,2,1
7806,1571656623,1571656287,19.648,50.0,tertiary,1,1
7807,1571656623,1571656053,118.693,50.0,tertiary,2,1
7808,1571656623,2493584573,48.181000000000004,50.0,residential,1,0
7809,1571656641,286542661,18.177999999999997,50.0,tertiary,1,1
7810,1571656641,1571656353,75.662,50.0,tertiary,1,1
7811,1571656653,1571656459,61.978,30.0,residential,1,0
7812,1571656673,549268888,42.974,50.0,tertiary,1,1
7813,1571656678,1571656402,89.219,50.0,residential,1,1
7814,1571656678,1571656420,48.416,50.0,residential,1,1
7815,1571656685,549269610,118.74,30.0,residential,1,1
7816,1571656685,1571656007,47.79,30.0,residential,1,0
7817,1571656685,1571656399,73.41199999999999,30.0,residential,1,0
7818,1571656696,1571656007,39.24,30.0,residential,1,0
7819,1571763562,1571763907,41.56,50.0,residential,1,0
7820,1571763570,1911081888,11.236,50.0,residential,1,1
7821,1571763570,1571763963,73.344,50.0,residential,1,0
7822,1571763570,1571655983,77.027,50.0,tertiary,1,1
7823,1571763624,1571763771,87.131,50.0,residential,1,1
7824,1571763624,1571763907,62.441,50.0,residential,1,0
7825,1571763626,1121709435,183.19199999999998,50.0,tertiary,1,1
7826,1571763695,1571764159,18.994,50.0,residential,1,1
7827,1571763771,1571764197,71.648,50.0,residential,1,1
7828,1571763771,549271104,127.42600000000002,50.0,residential,1,1
7829,1571763825,1571764061,52.195,50.0,residential,1,0
7830,1571763825,1571763963,38.222,50.0,residential,1,0
7831,1571763825,1571763907,27.365000000000002,50.0,residential,1,0
7832,1571763907,1571763562,41.56,50.0,residential,1,0
7833,1571763907,1571763825,27.365000000000002,50.0,residential,1,0
7834,1571763907,1571764197,79.249,50.0,residential,1,0
7835,1571763907,1571763624,62.441,50.0,residential,1,0
7836,1571763963,1571763825,38.222,50.0,residential,1,0
7837,1571763963,1571763966,65.33,50.0,residential,1,0
7838,1571763963,1571763570,73.344,50.0,residential,1,0
7839,1571763966,1571763963,65.33,50.0,residential,1,0
7840,1571764003,549271104,67.971,50.0,residential,1,1
7841,1571764003,1571764197,140.639,50.0,residential,1,1
7842,1571764034,2493584577,70.118,50.0,residential,1,0
7843,1571764061,1571763825,52.195,50.0,residential,1,0
7844,1571764066,1571656641,195.241,50.0,tertiary,1,1
7845,1571764097,366653799,37.388,50.0,residential,1,1
7846,1571764097,1574692918,84.607,50.0,tertiary,2,1
7847,1571764097,540421708,184.524,50.0,residential,1,1
7848,1571764159,4253794363,199.90699999999998,50.0,residential,1,1
7849,1571764159,1571763626,73.705,50.0,tertiary,1,1
7850,1571764197,1571764066,57.955,50.0,residential,1,1
7851,1571764197,1571763907,79.249,50.0,residential,1,0
7852,1571764243,4253794363,143.109,50.0,residential,1,1
7853,1571764243,1571764159,76.363,50.0,tertiary,1,1
7854,1574582406,1574582542,39.481,50.0,residential,1,0
7855,1574582406,2122980982,57.117,50.0,residential,1,1
7856,1574582406,1574582419,118.88900000000001,50.0,tertiary,1,1
7857,1574582410,338660371,16.586,50.0,residential,1,1
7858,1574582410,1574582531,92.82400000000001,50.0,tertiary,2,1
7859,1574582418,939855179,18.426000000000002,50.0,tertiary,2,1
7860,1574582418,2374499617,17.509,50.0,tertiary,3,1
7861,1574582419,1234762916,31.472,50.0,tertiary_link,1,1
7862,1574582419,4017282098,20.508000000000003,50.0,tertiary,1,1
7863,1574582425,939855181,35.835,50.0,tertiary,3,0
7864,1574582425,983958272,44.367999999999995,50.0,tertiary,2,0
7865,1574582446,352905165,71.855,50.0,tertiary,1,1
7866,1574582446,5194536394,173.97899999999998,50.0,residential,1,1
7867,1574582460,939855204,64.272,50.0,tertiary,3,1
7868,1574582479,983958278,43.206,50.0,residential,1,0
7869,1574582479,12961423143,99.69800000000001,50.0,residential,1,0
7870,1574582479,6137358688,74.343,50.0,residential,1,0
7871,1574582502,1574582410,216.85000000000002,50.0,tertiary,3,1
7872,1574582513,1272411978,87.659,50.0,tertiary,3,1
7873,1574582517,1574582513,39.796,50.0,tertiary_link,1,1
7874,1574582517,1574582418,30.381,50.0,tertiary,3,1
7875,1574582521,1574582502,29.516,50.0,tertiary,3,1
7876,1574582521,1574692888,19.374,50.0,residential,2,1
7877,1574582531,10761678350,19.38,50.0,tertiary,2,1
7878,1574582531,282458259,82.90499999999999,50.0,residential,1,1
7879,1574582542,1574582406,39.481,50.0,residential,1,0
7880,1574582562,984158857,68.466,50.0,residential,1,1
7881,1574582562,1574582446,49.791,50.0,residential,1,1
7882,1574582578,9540544798,59.122,50.0,tertiary_link,1,1
7883,1574582578,338660371,40.278,50.0,tertiary,2,1
7884,1574582596,1574582646,16.237,50.0,tertiary,3,1
7885,1574582596,3678367011,25.897000000000002,50.0,tertiary,2,1
7886,1574582628,3699173886,18.406,50.0,tertiary,3,1
7887,1574582628,939855195,84.654,50.0,residential,1,1
7888,1574582646,1234762966,12.462,50.0,tertiary,1,1
7889,1574582646,1574582521,96.92500000000001,50.0,tertiary,3,1
7890,1574692546,1574692739,36.443,50.0,residential,1,0
7891,1574692546,1574692797,210.811,50.0,residential,1,1
7892,1574692554,1574692755,40.961999999999996,50.0,secondary_link,1,1
7893,1574692554,1449561809,17.576,50.0,secondary,3,1
7894,1574692580,1574692916,45.084,50.0,tertiary,1,1
7895,1574692585,1574692546,8.539,50.0,residential,1,1
7896,1574692600,1574692853,111.21300000000001,50.0,residential,1,0
7897,1574692600,1574692653,35.073,50.0,residential,1,0
7898,1574692600,1617025423,106.375,50.0,residential,1,1
7899,1574692602,3725505595,35.976,50.0,residential,1,0
7900,1574692602,4134443819,137.514,50.0,residential,1,1
7901,1574692602,1574692603,33.233,50.0,residential,1,0
7902,1574692603,1574692797,32.249,50.0,residential,1,0
7903,1574692603,1574692602,33.233,50.0,residential,1,0
7904,1574692632,1574692643,10.765,50.0,residential,1,1
7905,1574692643,1574692751,46.629999999999995,50.0,residential,1,1
7906,1574692653,1574692732,54.355,50.0,residential,1,1
7907,1574692653,1574692600,35.073,50.0,residential,1,0
7908,1574692654,286643424,11.162,50.0,residential,1,1
7909,1574692654,1574692726,89.671,50.0,tertiary,2,1
7910,1574692656,2133458880,10.568,50.0,residential,1,1
7911,1574692656,1574692929,83.951,50.0,residential,1,0
7912,1574692660,939855185,59.186,50.0,tertiary,3,1
7913,1574692678,549270589,60.068,50.0,tertiary,1,1
7914,1574692678,540419838,157.90699999999998,50.0,residential,1,1
7915,1574692681,8423778839,215.714,50.0,living_street,1,0
7916,1574692681,2365353786,18.247,50.0,tertiary_link,1,1
7917,1574692681,2365353763,14.06,50.0,tertiary,1,1
7918,1574692716,1574692724,10.707,50.0,secondary_link,2,1
7919,1574692716,1953544982,57.347,50.0,secondary_link,2,1
7920,1574692724,268217769,11.2,50.0,secondary,3,1
7921,1574692724,13444518044,6.38,50.0,tertiary,2,1
7922,1574692726,1574692929,26.322,50.0,residential,1,0
7923,1574692726,2469958094,76.581,50.0,tertiary,2,1
7924,1574692729,1571763626,190.35200000000003,50.0,tertiary,1,1
7925,1574692729,681517402,81.83000000000001,50.0,tertiary,2,1
7926,1574692732,1574692654,64.016,50.0,residential,1,1
7927,1574692732,1574692656,85.812,50.0,residential,1,1
7928,1574692739,1574692546,36.443,50.0,residential,1,0
7929,1574692739,286544728,99.259,50.0,tertiary,1,1
7930,1574692741,286643465,32.896,50.0,tertiary,2,1
7931,1574692741,1574692885,79.423,50.0,residential,1,1
7932,1574692749,1574692813,31.598,50.0,residential,1,1
7933,1574692749,1574692603,195.387,50.0,residential,1,1
7934,1574692751,7276228507,28.682,50.0,tertiary,2,1
7935,1574692755,515877404,726.2090000000002,70.0,secondary,1,1
7936,1574692788,10050429395,38.866,50.0,residential,1,0
7937,1574692788,540454491,99.58000000000001,50.0,residential,1,1
7938,1574692795,1574692751,39.879,50.0,tertiary,2,1
7939,1574692797,1574692603,32.249,50.0,residential,1,0
7940,1574692797,1574692813,206.516,50.0,residential,1,1
7941,1574692800,549270589,103.15,50.0,residential,1,1
7942,1574692800,549271108,43.894,50.0,residential,1,0
7943,1574692800,1571656217,194.32799999999997,50.0,residential,1,0
7944,1574692809,1234762937,116.136,50.0,residential,1,1
7945,1574692809,540418426,25.349,50.0,residential,2,1
7946,1574692813,1574692585,48.68,50.0,residential,1,1
7947,1574692820,4134443792,26.95,50.0,residential,1,0
7948,1574692820,1574692585,118.006,50.0,residential,1,1
7949,1574692830,1574692870,41.92,50.0,secondary_link,1,1
7950,1574692830,338659016,26.422,50.0,secondary,3,1
7951,1574692851,1574692856,64.89,50.0,residential,1,1
7952,1574692851,1574692853,71.396,50.0,tertiary,1,1
7953,1574692853,1574692600,111.21300000000001,50.0,residential,1,0
7954,1574692853,1574692739,203.65300000000002,50.0,tertiary,1,1
7955,1574692856,1574692653,28.342,50.0,residential,1,1
7956,1574692863,1950487594,183.761,50.0,secondary,3,1
7957,1574692870,1568022419,75.669,50.0,tertiary,1,1
7958,1574692874,540421708,81.964,50.0,tertiary,1,1
7959,1574692874,1571763695,227.76399999999998,50.0,"['tertiary', 'residential']",1,1
7960,1574692885,1574692795,142.208,50.0,residential,1,1
7961,1574692885,1574692580,67.278,50.0,residential,1,1
7962,1574692888,939855195,62.133,50.0,residential,1,1
7963,1574692888,1234762966,84.163,50.0,tertiary,3,1
7964,1574692892,1574692643,81.859,50.0,residential,1,1
7965,1574692892,1574692856,140.267,50.0,residential,1,1
7966,1574692916,4134443842,29.005,50.0,residential,1,0
7967,1574692916,1574692678,18.559,50.0,tertiary,1,1
7968,1574692918,549271109,73.285,50.0,tertiary,2,1
7969,1574692929,1574692726,26.322,50.0,residential,1,0
7970,1574692929,1574692656,83.951,50.0,residential,1,0
7971,1574692929,1574692632,96.876,50.0,residential,1,1
7972,1574697984,1627609,304.26,90.0,motorway,3,1
7973,1575610956,1575611063,117.4,50.0,tertiary,1,1
7974,1575610956,1933349731,348.17400000000004,50.0,residential,1,0
7975,1575610981,1575610956,51.249,50.0,tertiary,1,1
7976,1575610986,1575611200,271.22299999999996,50.0,residential,1,0
7977,1575611010,1575611151,60.322,50.0,tertiary,2,1
7978,1575611010,1575610981,69.701,50.0,tertiary_link,1,1
7979,1575611030,1575611073,144.41,50.0,residential,1,0
7980,1575611063,1575611573,15.854,50.0,residential,1,0
7981,1575611063,1575611238,88.528,50.0,tertiary,1,1
7982,1575611073,1575611010,7.824,50.0,tertiary,2,1
7983,1575611073,1575611030,144.41,50.0,residential,1,0
7984,1575611075,1566055193,742.2620000000001,50.0,secondary,1,1
7985,1575611075,515877404,75.46799999999999,50.0,secondary,4,1
7986,1575611104,1575611573,30.724,50.0,residential,1,0
7987,1575611105,1575611484,27.073,50.0,residential,1,0
7988,1575611151,1575610981,27.12,50.0,tertiary,1,1
7989,1575611151,1575611474,11.935,50.0,tertiary,2,1
7990,1575611198,1575611300,243.65699999999998,50.0,residential,1,0
7991,1575611198,13115711738,23.365000000000002,50.0,secondary_link,1,1
7992,1575611200,1575610986,271.223,50.0,residential,1,0
7993,1575611200,3965819939,122.132,50.0,secondary,2,1
7994,1575611204,1575611440,60.69799999999999,50.0,secondary_link,1,1
7995,1575611204,515877406,41.256,50.0,secondary,4,1
7996,1575611238,1575611570,45.221,50.0,secondary_link,1,1
7997,1575611238,515877139,36.781,50.0,tertiary,1,1
7998,1575611300,1575611198,243.657,50.0,residential,1,0
7999,1575611314,1575611385,11.292,30.0,residential,1,0
8000,1575611314,540447885,121.872,30.0,residential,1,0
8001,1575611314,924516730,67.459,50.0,tertiary,1,1
8002,1575611385,1575611314,11.292,30.0,residential,1,0
8003,1575611385,1575611536,315.047,50.0,tertiary,1,1
8004,1575611440,1575611484,109.628,50.0,tertiary,1,1
8005,1575611474,1575611536,11.228,50.0,tertiary,2,1
8006,1575611474,8586797455,57.934,50.0,tertiary,1,1
8007,1575611484,1575611105,27.073,50.0,residential,1,0
8008,1575611484,1575611474,141.328,50.0,tertiary,1,1
8009,1575611492,515877139,35.68,50.0,secondary,3,1
8010,1575611492,1575611573,143.918,50.0,tertiary,1,1
8011,1575611536,1575611151,10.228,50.0,tertiary,1,1
8012,1575611536,540447075,201.05699999999996,50.0,tertiary,2,1
8013,1575611570,1933349731,150.62,50.0,secondary,2,1
8014,1575611573,1575611063,15.854,50.0,residential,1,0
8015,1575611573,1575611104,30.724,50.0,residential,1,0
8016,1575611573,1575611474,184.20999999999998,50.0,tertiary,1,1
8017,1576677494,591891136,238.97899999999998,50.0,primary,1,1
8018,1576677714,1576677494,388.24700000000007,50.0,tertiary,1,1
8019,1589498340,1931855309,43.802,30.0,living_street,1,1
8020,1589498340,6154187468,111.58699999999999,30.0,residential,1,0
8021,1589498342,1474030766,21.795,30.0,living_street,1,1
8022,1589498344,1931855286,79.97200000000001,50.0,residential,1,1
8023,1589498355,13203655971,22.138,50.0,residential,1,0
8024,1589498355,1474030763,50.367,50.0,residential,1,1
8025,1589498356,1474030757,13.122,30.0,residential,1,1
8026,1589498360,13203655986,41.487,50.0,residential,1,1
8027,1589498360,1198031730,81.453,30.0,residential,1,1
8028,1617025423,1574692654,84.705,50.0,tertiary,2,1
8029,1617025423,3725505594,12.777,50.0,residential,1,1
8030,1622273902,312283990,316.41100000000006,60.0,secondary,3,1
8031,1622273920,1622273902,34.076,50.0,secondary_link,1,1
8032,1622273920,343415880,23.484,50.0,tertiary,1,1
8033,1622414562,340370050,32.794,30.0,residential,1,0
8034,1622664278,3358884,9.831,50.0,tertiary,1,0
8035,1622664278,354030217,68.539,50.0,tertiary,2,1
8036,1622664278,1224771137,205.91899999999998,50.0,secondary,2,1
8037,1623602566,286369057,23.307,50.0,residential,1,1
8038,1623602566,343327555,78.525,30.0,residential,1,0
8039,1628415504,4013462837,87.949,50.0,residential,1,0
8040,1628415504,1628415537,77.17,50.0,residential,1,1
8041,1628415505,3659571732,44.642,50.0,residential,1,1
8042,1628415505,1628415536,91.941,50.0,residential,1,0
8043,1628415506,4018542421,19.115,50.0,residential,1,0
8044,1628415509,384670833,7.996,50.0,residential,1,1
8045,1628415510,1628415520,34.666,50.0,residential,1,1
8046,1628415510,3985298557,49.949999999999996,50.0,residential,1,1
8047,1628415510,3985298565,60.111999999999995,50.0,residential,1,1
8048,1628415520,384674961,34.813,50.0,residential,1,1
8049,1628415520,1628415509,49.991,50.0,residential,1,1
8050,1628415522,3659571732,38.577,50.0,residential,1,1
8051,1628415522,4018542421,47.983999999999995,50.0,residential,1,1
8052,1628415525,579603495,31.587,50.0,residential,1,1
8053,1628415533,1319999678,29.554,50.0,residential,1,1
8054,1628415533,1628415525,89.58300000000001,50.0,residential,1,1
8055,1628415535,681554282,21.916,30.0,residential,1,1
8056,1628415535,1628415533,55.168,50.0,residential,1,1
8057,1628415536,1628415505,91.941,50.0,residential,1,0
8058,1628415537,384730905,83.764,50.0,residential,1,1
8059,1628430687,1628430710,73.181,50.0,residential,1,1
8060,1628430687,366651462,40.249,30.0,residential,1,1
8061,1628430688,1628430687,95.82600000000001,50.0,residential,1,1
8062,1628430688,366652380,37.995999999999995,50.0,residential,1,1
8063,1628430689,286643451,40.098,50.0,residential,1,1
8064,1628430689,1628430688,81.79700000000001,50.0,residential,1,1
8065,1628430692,2133478738,36.765,50.0,residential,1,0
8066,1628430692,2108063257,64.111,50.0,residential,1,1
8067,1628430710,1995922128,13.584,50.0,tertiary,2,1
8068,1628430713,540421284,52.091,50.0,residential,1,0
8069,1628430716,1672351167,50.31700000000001,50.0,residential,1,0
8070,1628430716,4582891013,59.836,50.0,residential,1,0
8071,1628430720,366654065,38.605,50.0,residential,1,1
8072,1628430723,366653136,38.858,50.0,residential,1,1
8073,1628430723,1628430720,86.557,30.0,residential,1,1
8074,1628430724,2470061832,41.198,50.0,tertiary,3,0
8075,1628430724,357500272,34.499,50.0,tertiary,3,0
8076,1628430724,1628430723,198.409,30.0,residential,1,1
8077,1628430724,9330607030,134.67100000000002,50.0,residential,1,1
8078,1639846256,641134353,70.761,50.0,residential,1,0
8079,1639846256,288134277,14.616999999999999,50.0,residential,1,1
8080,1639846259,1639846256,15.338,50.0,residential,1,1
8081,1639846259,288134277,19.467,50.0,tertiary,1,1
8082,1643304637,412518853,66.107,50.0,residential,1,0
8083,1643308435,496175198,171.564,50.0,residential,1,1
8084,1643308435,384653019,71.073,30.0,residential,1,1
8085,1643374968,354045397,126.553,50.0,residential,1,0
8086,1645591870,8446382542,16.119,50.0,residential,1,1
8087,1645591870,1953545032,45.452,50.0,residential,1,1
8088,1645591870,8129329732,41.881,50.0,secondary,2,1
8089,1671579955,1671579956,77.216,30.0,residential,1,1
8090,1671579955,1671579960,123.34,30.0,residential,1,0
8091,1671579955,1678949751,64.765,30.0,residential,1,0
8092,1671579956,1671579957,81.515,30.0,residential,1,1
8093,1671579957,1671579962,120.717,30.0,residential,1,0
8094,1671579957,2380561396,63.092,30.0,residential,1,1
8095,1671579959,1428948174,124.35000000000001,30.0,residential,1,1
8096,1671579959,1736099212,94.496,30.0,residential,1,0
8097,1671579960,1671579955,123.34,30.0,residential,1,0
8098,1671579960,1671579959,63.479,30.0,residential,1,1
8099,1671579960,1671579961,75.426,30.0,residential,1,0
8100,1671579961,1671579956,121.773,30.0,residential,1,1
8101,1671579961,1671579960,75.426,30.0,residential,1,0
8102,1671579962,1671579957,120.717,30.0,residential,1,0
8103,1671579962,1671579961,68.494,30.0,residential,1,1
8104,1671579962,1671579965,69.082,30.0,residential,1,0
8105,1671579963,3693586948,141.144,30.0,residential,1,0
8106,1671579965,1671579972,138.744,30.0,residential,1,0
8107,1671579965,3693586952,97.254,30.0,residential,1,0
8108,1671579965,1671579962,69.082,30.0,residential,1,0
8109,1671579965,10743646022,72.72,30.0,residential,1,0
8110,1671579967,3693586948,71.878,50.0,residential,1,1
8111,1671579967,6487725628,172.981,50.0,residential,1,0
8112,1671579968,1671579969,79.054,30.0,residential,1,0
8113,1671579969,1671579974,59.391,50.0,residential,1,1
8114,1671579969,1671579968,79.054,30.0,residential,1,0
8115,1671579970,1671579967,69.959,50.0,residential,1,1
8116,1671579970,1671579969,102.527,30.0,residential,1,1
8117,1671579971,1671579972,35.829,30.0,residential,1,0
8118,1671579971,3690190563,56.53,50.0,residential,1,0
8119,1671579971,1999052225,60.811,30.0,residential,1,1
8120,1671579972,1671579971,35.829,30.0,residential,1,0
8121,1671579972,1671579965,138.744,30.0,residential,1,0
8122,1671579972,12961423144,46.034,30.0,residential,1,0
8123,1671579973,1671579974,88.172,50.0,residential,1,0
8124,1671579974,1671579979,61.195,50.0,residential,1,1
8125,1671579974,1671579973,88.172,50.0,residential,1,0
8126,1671579975,1671579974,102.959,50.0,residential,1,1
8127,1671579975,1671579970,58.174,50.0,residential,1,1
8128,1671579977,3690190563,75.785,50.0,residential,1,0
8129,1671579979,1671579982,65.415,50.0,residential,1,1
8130,1671579979,1678949804,102.481,50.0,residential,1,1
8131,1671579979,7142847118,149.107,50.0,residential,1,0
8132,1671579982,350311049,10.296,50.0,residential,1,0
8133,1671579982,5914441599,58.16,50.0,residential,1,1
8134,1671579985,1678949804,65.977,50.0,residential,1,1
8135,1671579985,1695279002,8.916,50.0,residential,1,0
8136,1671579985,1671579982,101.785,50.0,residential,1,1
8137,1671579989,1671579990,89.318,50.0,residential,1,0
8138,1671579990,1671579991,104.38,50.0,residential,1,1
8139,1671579990,1671579989,89.318,50.0,residential,1,0
8140,1671579990,1671579993,85.881,50.0,residential,1,1
8141,1671579991,1695279002,72.76899999999999,50.0,residential,1,1
8142,1671579991,1695279009,73.041,50.0,residential,1,0
8143,1671579992,1671579993,71.601,50.0,residential,1,0
8144,1671579993,1671579994,18.01,50.0,residential,1,0
8145,1671579993,1671579992,71.601,50.0,residential,1,0
8146,1671579994,1671579993,18.01,50.0,residential,1,0
8147,1671579994,1671579995,89.735,50.0,residential,1,0
8148,1671579994,3588604568,61.187,50.0,residential,1,0
8149,1671579995,1671579991,96.242,50.0,residential,1,1
8150,1671579995,1154683176,57.332,50.0,residential,1,0
8151,1671579995,1671579994,89.735,50.0,residential,1,0
8152,1672108864,1672108865,58.972,50.0,residential,1,0
8153,1672108864,849338635,104.229,50.0,residential,1,1
8154,1672108865,1672108864,58.972,50.0,residential,1,0
8155,1672308816,412518859,75.879,30.0,residential,1,1
8156,1672308816,267816148,77.59799999999998,50.0,tertiary,2,1
8157,1672351151,384604872,49.631,50.0,tertiary,2,1
8158,1672351151,384613392,134.215,50.0,tertiary,2,1
8159,1672351158,357538387,50.346,50.0,residential,1,1
8160,1672351158,1628430716,210.57,50.0,residential,1,1
8161,1672351167,496176315,51.936,50.0,residential,1,1
8162,1672351167,1628430716,50.31700000000001,50.0,residential,1,0
8163,1672351169,339476005,73.845,50.0,tertiary,2,1
8164,1672351169,4413855650,33.922,50.0,tertiary,3,1
8165,1678949693,1678949700,13.424,50.0,tertiary,1,1
8166,1678949693,2111407142,237.493,50.0,secondary,2,1
8167,1678949700,290033968,17.453,50.0,tertiary,2,1
8168,1678949700,849338631,312.101,50.0,secondary,4,1
8169,1678949726,290033964,9.883,50.0,tertiary,2,1
8170,1678949726,3738160521,43.916,50.0,tertiary,2,1
8171,1678949742,1678949751,285.498,50.0,tertiary,3,1
8172,1678949744,1678949742,55.604,50.0,tertiary_link,1,1
8173,1678949744,1390474308,37.255,50.0,tertiary,1,1
8174,1678949751,412815718,11.379,30.0,residential,1,0
8175,1678949751,1671579955,64.765,30.0,residential,1,0
8176,1678949751,2380561396,165.868,50.0,tertiary,2,1
8177,1678949779,9683452903,11.71,50.0,tertiary,1,1
8178,1678949779,9683503123,8.403,30.0,tertiary,1,1
8179,1678949779,9970960130,20.075,50.0,tertiary,2,1
8180,1678949791,4085651845,10.951,50.0,residential,2,1
8181,1678949791,367608098,79.991,30.0,residential,1,1
8182,1678949792,384595167,38.632,50.0,residential,1,1
8183,1678949804,3690190562,115.162,50.0,residential,1,1
8184,1678949804,1671579975,60.76,50.0,residential,1,1
8185,1678949806,3980709597,33.321,50.0,tertiary_link,1,1
8186,1678949806,282458041,26.937,50.0,tertiary,3,1
8187,1678949818,1563559694,11.997,50.0,residential,1,1
8188,1678949818,2381576084,35.056,50.0,tertiary,3,1
8189,1683209667,282458166,67.434,50.0,tertiary,1,1
8190,1683209667,384622743,57.65899999999999,50.0,tertiary,3,1
8191,1683214076,290613957,42.055,50.0,secondary,2,1
8192,1688171004,536734013,7.707,50.0,tertiary,3,1
8193,1688171004,530714283,116.21000000000001,50.0,residential,1,1
8194,1688171007,1688171040,153.706,50.0,residential,1,1
8195,1688171007,1688171038,119.30900000000001,50.0,residential,1,1
8196,1688171015,1512100112,145.979,30.0,living_street,1,0
8197,1688171015,1688194293,97.50800000000001,30.0,residential,1,1
8198,1688171016,351227764,62.219,30.0,residential,1,0
8199,1688171017,1936278311,71.645,30.0,residential,1,1
8200,1688171017,1936278318,106.21099999999998,30.0,residential,1,0
8201,1688171020,1288192078,25.988,30.0,residential,1,1
8202,1688171038,1688171040,161.552,50.0,residential,1,1
8203,1688171038,13151716960,98.855,50.0,residential,1,1
8204,1688171040,1688194327,175.621,50.0,residential,1,1
8205,1688171043,1366372685,13.177000000000001,30.0,residential,1,1
8206,1688171043,3598585948,95.47599999999998,50.0,tertiary,3,1
8207,1688194231,1697461131,81.347,50.0,tertiary,1,1
8208,1688194231,13151716963,167.115,50.0,residential,1,0
8209,1688194231,3412396545,21.897,50.0,tertiary,1,1
8210,1688194239,681273913,16.003,50.0,secondary,1,1
8211,1688194239,672188147,203.417,50.0,tertiary,2,1
8212,1688194246,1272411980,501.92300000000006,50.0,secondary_link,2,1
8213,1688194246,1234762935,101.25,50.0,secondary,3,1
8214,1688194246,10577115211,9.736,50.0,motorway_link,1,1
8215,1688194293,8561185789,153.971,50.0,secondary,1,0
8216,1688194293,681273913,86.377,50.0,secondary,1,0
8217,1688194293,2085703302,88.045,30.0,residential,1,1
8218,1688194303,651270831,82.212,30.0,residential,1,0
8219,1688194303,8561185788,164.881,50.0,secondary,1,0
8220,1688194303,1936278291,72.325,30.0,residential,1,0
8221,1688194303,1953636963,230.166,50.0,secondary,1,0
8222,1688194324,563914312,66.347,30.0,residential,1,1
8223,1688194327,1698388014,181.875,50.0,residential,1,0
8224,1688194327,446167471,132.976,50.0,residential,1,0
8225,1688194327,1688194367,44.888000000000005,50.0,residential,1,0
8226,1688194329,6271076529,239.95,30.0,residential,1,1
8227,1688194329,1936278287,236.184,30.0,residential,1,0
8228,1688194329,5988364212,193.39,30.0,residential,1,0
8229,1688194355,1688194231,21.59,50.0,tertiary,1,1
8230,1688194367,1688194327,44.888000000000005,50.0,residential,1,0
8231,1688194367,530714339,57.08,50.0,tertiary_link,1,1
8232,1688194369,13151716963,17.689,50.0,residential,1,0
8233,1689353108,1689353150,12.656,50.0,tertiary,2,0
8234,1689353150,1689353108,12.656,50.0,tertiary,2,0
8235,1689353150,3497113661,590.144,60.0,secondary,3,1
8236,1689353223,3497100497,34.043,50.0,secondary,3,1
8237,1689353241,1689353223,37.748,50.0,secondary,3,1
8238,1689353241,1695278965,91.94800000000001,30.0,residential,1,0
8239,1692356596,4852121101,8.674,50.0,residential,1,1
8240,1692356596,381533431,226.78699999999998,50.0,tertiary,1,1
8241,1692356598,1692356608,13.762,50.0,residential,1,1
8242,1692356598,1171608216,234.07100000000003,50.0,tertiary,1,1
8243,1692356608,10579349744,7.324,50.0,tertiary,1,1
8244,1692356608,381457105,30.747999999999998,50.0,residential,1,1
8245,1695278923,2481674098,11.26,50.0,tertiary,1,1
8246,1695278923,2481674091,12.609,30.0,residential,1,1
8247,1695278924,1695278937,116.743,50.0,residential,1,0
8248,1695278924,1695278936,41.144000000000005,30.0,residential,1,0
8249,1695278936,1695278941,59.242999999999995,30.0,residential,1,1
8250,1695278936,1695278938,137.334,30.0,residential,1,0
8251,1695278936,1695278924,41.144000000000005,30.0,residential,1,0
8252,1695278937,1695278924,116.743,50.0,residential,1,0
8253,1695278937,1695278939,224.38099999999997,50.0,residential,1,0
8254,1695278937,1695278977,221.517,50.0,residential,1,1
8255,1695278938,1695278936,137.33399999999997,30.0,residential,1,0
8256,1695278939,1695278940,11.307,50.0,residential,1,0
8257,1695278939,1695278937,224.381,50.0,residential,1,0
8258,1695278939,312825364,222.76500000000001,50.0,tertiary,1,1
8259,1695278940,1695278939,11.307,50.0,residential,1,0
8260,1695278940,1678949744,50.206,50.0,tertiary,1,1
8261,1695278941,1695278942,51.808,30.0,residential,1,1
8262,1695278941,800951775,144.313,30.0,residential,1,1
8263,1695278942,1695278958,56.172,30.0,residential,1,1
8264,1695278944,800951775,49.476,30.0,residential,1,1
8265,1695278944,1695278942,142.641,30.0,living_street,1,1
8266,1695278955,1695278978,94.094,50.0,residential,1,0
8267,1695278958,1695278975,57.17,30.0,residential,1,1
8268,1695278958,5852226416,34.101,30.0,residential,1,0
8269,1695278960,1695278964,118.098,30.0,residential,1,1
8270,1695278960,312838114,63.057,30.0,residential,1,0
8271,1695278964,1695278979,52.4,30.0,living_street,1,0
8272,1695278964,1695278965,68.53,30.0,residential,1,1
8273,1695278965,1689353241,91.94800000000001,30.0,residential,1,0
8274,1695278965,1698378714,194.56000000000003,30.0,residential,1,1
8275,1695278975,1695278985,98.078,30.0,residential,1,1
8276,1695278976,1695278924,221.427,50.0,residential,1,1
8277,1695278976,1695278977,83.198,50.0,residential,1,0
8278,1695278977,1695278976,83.198,50.0,residential,1,0
8279,1695278977,5852226409,42.742,50.0,residential,1,0
8280,1695278978,1695278955,94.094,50.0,residential,1,0
8281,1695278978,5852226409,64.203,50.0,residential,1,0
8282,1695278978,312825364,105.28999999999999,50.0,residential,1,0
8283,1695278979,1695278964,52.4,30.0,living_street,1,0
8284,1695278979,1695278986,94.221,30.0,living_street,1,0
8285,1695278980,442898686,11.376,30.0,residential,1,0
8286,1695278980,1305270022,395.12100000000004,50.0,tertiary,1,1
8287,1695278983,312834939,46.382000000000005,30.0,residential,1,1
8288,1695278985,1695278983,121.396,30.0,residential,1,1
8289,1695278985,1695278989,57.482,30.0,residential,1,1
8290,1695278986,1695278979,94.221,30.0,living_street,1,0
8291,1695278987,1695278989,121.04,30.0,living_street,1,1
8292,1695278987,1695278983,54.343,30.0,residential,1,1
8293,1695278989,1695278991,63.45,30.0,residential,1,1
8294,1695278990,1695278987,53.381,30.0,residential,1,1
8295,1695278991,1695278996,118.861,30.0,residential,1,1
8296,1695278991,1695278990,119.439,30.0,residential,1,1
8297,1695278995,1695278990,107.70799999999998,30.0,residential,1,1
8298,1695278996,1695279005,57.335,30.0,residential,1,1
8299,1695278996,1695278995,118.342,30.0,residential,1,1
8300,1695278998,5852226402,31.917,30.0,residential,1,0
8301,1695278998,338653818,93.799,30.0,residential,1,0
8302,1695278998,1698378716,147.924,30.0,residential,1,1
8303,1695279001,1695279005,118.843,30.0,living_street,1,1
8304,1695279001,1695278995,50.958,30.0,residential,1,1
8305,1695279002,1671579985,8.916,50.0,residential,1,0
8306,1695279002,1671579985,240.06899999999996,50.0,residential,1,1
8307,1695279003,3690190562,56.519999999999996,50.0,residential,1,0
8308,1695279005,1695279008,63.029,30.0,residential,1,1
8309,1695279007,1695279001,56.56,30.0,residential,1,1
8310,1695279007,1695279008,115.94999999999999,30.0,residential,1,1
8311,1695279008,1695279012,81.14699999999999,30.0,residential,1,1
8312,1695279009,1671579991,73.041,50.0,residential,1,0
8313,1695279012,312827671,119.125,50.0,secondary,3,1
8314,1695279025,3722074036,9.007,50.0,tertiary,2,1
8315,1695279025,1696735388,112.622,50.0,residential,1,0
8316,1695279037,6165291686,17.305,50.0,residential,1,0
8317,1695279037,1695279042,57.007,50.0,residential,1,0
8318,1695279037,1695279044,120.715,50.0,residential,1,0
8319,1695279038,3990123466,9.986,50.0,residential,1,0
8320,1695279038,1695279041,80.476,50.0,tertiary,2,1
8321,1695279041,1696757318,62.215,50.0,tertiary,2,1
8322,1695279042,8719703147,27.305,50.0,tertiary,2,1
8323,1695279042,1695279037,57.007,50.0,residential,1,0
8324,1695279044,1695279037,120.715,50.0,residential,1,0
8325,1695279044,1695279042,64.532,50.0,tertiary,2,1
8326,1695279050,2473987367,8.154,50.0,tertiary,2,1
8327,1695279050,8914420761,193.70499999999998,50.0,tertiary,2,1
8328,1696551859,1696551870,82.273,30.0,residential,1,1
8329,1696551861,1696551882,75.373,30.0,tertiary,1,0
8330,1696551861,1696551859,222.86,30.0,residential,1,1
8331,1696551861,342335545,109.653,30.0,tertiary,1,0
8332,1696551870,342338421,80.121,30.0,residential,1,1
8333,1696551870,1696551882,233.11899999999997,30.0,residential,1,1
8334,1696551882,1696551861,75.373,30.0,tertiary,1,0
8335,1696551882,496180557,77.881,30.0,tertiary,1,0
8336,1696731803,1696731863,88.126,30.0,residential,1,1
8337,1696731803,1696746400,181.97899999999998,30.0,residential,1,1
8338,1696731860,2473987431,18.159,50.0,tertiary,2,0
8339,1696731860,2473987374,58.001,30.0,residential,1,0
8340,1696731860,11155512365,158.61800000000002,50.0,tertiary,2,0
8341,1696731863,1696746402,84.365,30.0,residential,1,1
8342,1696731863,2473987419,119.202,30.0,residential,1,1
8343,1696735388,1695279025,112.622,50.0,residential,1,0
8344,1696735393,3722074035,61.142,50.0,residential,1,0
8345,1696746400,1696746404,56.046,30.0,residential,1,1
8346,1696746400,968515113,61.211,30.0,residential,2,0
8347,1696746402,4963529977,141.599,30.0,residential,1,0
8348,1696746402,442893172,77.711,30.0,residential,1,1
8349,1696746404,1696731863,181.159,30.0,residential,1,1
8350,1696746404,344068053,163.263,30.0,residential,1,1
8351,1696757318,1696757319,91.021,50.0,tertiary,2,1
8352,1696757318,1696757322,207.10899999999998,30.0,residential,1,1
8353,1696757319,7284338856,87.966,50.0,tertiary,2,1
8354,1696757322,1696757319,108.191,30.0,residential,1,1
8355,1696757322,1696757324,62.953,30.0,residential,1,1
8356,1696757324,977275666,85.639,30.0,tertiary,1,1
8357,1697461106,1366372695,12.271,50.0,secondary,3,0
8358,1697461106,347038457,79.944,50.0,tertiary,3,1
8359,1697461106,2006016774,16.256999999999998,50.0,secondary,3,0
8360,1697461131,1234762884,10.27,30.0,tertiary,1,1
8361,1697461131,1234736931,187.545,50.0,secondary,2,1
8362,1698173556,344068026,12.383,50.0,residential,1,1
8363,1698173571,3990123475,46.269,30.0,tertiary,1,1
8364,1698173571,3990123468,86.003,30.0,residential,1,1
8365,1698378710,1698378714,88.821,30.0,residential,1,1
8366,1698378710,2087705428,145.657,30.0,residential,1,0
8367,1698378714,5852226402,190.48899999999998,30.0,residential,1,1
8368,1698378716,1698378710,67.681,30.0,residential,1,1
8369,1698378716,312838114,156.358,30.0,residential,1,1
8370,1698388014,1688194327,181.875,50.0,residential,1,0
8371,1698388014,847958573,12.654,50.0,residential,1,1
8372,1707635627,2365374912,144.129,50.0,secondary_link,2,1
8373,1707635627,340001348,135.704,50.0,secondary_link,3,1
8374,1716548401,6276721020,10.387,50.0,living_street,1,0
8375,1716729694,1716729722,4.933,50.0,residential,1,1
8376,1716729694,1716729697,3.247,50.0,tertiary,1,1
8377,1716729697,1716729701,2.489,50.0,tertiary,1,1
8378,1716729701,318177903,147.778,50.0,tertiary,1,1
8379,1716729722,1716729697,4.492,50.0,residential,1,1
8380,1716729722,318178782,163.234,50.0,residential,1,0
8381,1716729947,11028046640,6.266,50.0,secondary,3,1
8382,1716729947,11028046634,29.396,50.0,tertiary,1,1
8383,1718502680,318179198,28.269,50.0,tertiary,1,0
8384,1718502680,1283949681,71.31400000000001,50.0,tertiary,1,1
8385,1718502728,318751914,10.984,50.0,residential,1,0
8386,1718502728,8589321882,180.40800000000002,50.0,residential,1,0
8387,1718502728,1718502746,158.55,50.0,tertiary,2,1
8388,1718502743,6133593984,283.993,30.0,residential,1,0
8389,1718502743,1718502779,19.203,50.0,residential,1,1
8390,1718502746,1718502779,14.856,50.0,tertiary,2,1
8391,1718502746,1718502743,24.606,50.0,residential,1,1
8392,1718502779,1718502785,53.073,50.0,tertiary,3,1
8393,1718502785,318181838,82.393,50.0,tertiary_link,1,1
8394,1718502785,1718502803,61.088,50.0,tertiary,3,1
8395,1718502803,1718632827,13.819,50.0,tertiary,3,1
8396,1718502803,318181838,30.820999999999998,50.0,tertiary,1,1
8397,1718632814,6133593966,90.75200000000001,50.0,tertiary,2,1
8398,1718632827,318181242,14.213,50.0,tertiary,3,1
8399,1718632827,1474027278,29.658,50.0,tertiary,2,1
8400,1718632832,1342627954,40.822,50.0,residential,1,0
8401,1718632832,4162302833,30.727,50.0,residential,1,0
8402,1718632832,1718632858,134.207,50.0,residential,1,0
8403,1718632856,1718632858,49.854,50.0,residential,1,0
8404,1718632856,1474027527,38.232,50.0,residential,1,0
8405,1718632856,318412288,15.007,50.0,residential,1,0
8406,1718632858,1718632856,49.854,50.0,residential,1,0
8407,1718632858,2004091139,66.71,50.0,residential,1,0
8408,1718632858,1718632832,134.207,50.0,residential,1,0
8409,1718632900,540449840,131.135,50.0,residential,1,0
8410,1718633172,365767690,20.868,50.0,residential,1,1
8411,1718633172,3979130628,14.027,50.0,residential,1,1
8412,1724608588,357489295,122.56000000000002,50.0,residential,1,1
8413,1724608591,1724608605,56.347,50.0,residential,1,0
8414,1724608591,1724608588,22.87,50.0,residential,1,1
8415,1724608605,1320003468,71.024,50.0,residential,1,0
8416,1724608605,1724608591,56.347,50.0,residential,1,0
8417,1724608605,357493840,176.86299999999997,50.0,residential,1,0
8418,1724608653,3985298595,156.253,50.0,residential,2,1
8419,1724608656,902736436,184.118,50.0,secondary,3,1
8420,1731265585,10743646022,130.477,50.0,tertiary,2,1
8421,1731460260,6133515873,18.825,50.0,unclassified,1,0
8422,1731460260,1731460267,42.454,50.0,unclassified,1,0
8423,1731460260,1731460261,54.410999999999994,50.0,unclassified,1,0
8424,1731460261,1731460260,54.411,50.0,unclassified,1,0
8425,1731460264,1731460267,21.418,50.0,unclassified,1,0
8426,1731460264,8589321892,103.93400000000001,50.0,residential,1,0
8427,1731460264,6133515873,43.374,50.0,residential,1,0
8428,1731460267,1731460264,21.418,50.0,unclassified,1,0
8429,1731460267,1934234315,23.514,50.0,unclassified,1,0
8430,1731460267,1731460260,42.454,50.0,unclassified,1,0
8431,1736099212,1671579959,94.496,30.0,residential,1,0
8432,1736099212,1736099214,95.36200000000001,30.0,residential,1,0
8433,1736099212,1671579963,67.23700000000001,30.0,residential,1,1
8434,1736099214,1736099212,95.36200000000001,30.0,residential,1,0
8435,1750275770,409473614,120.44699999999999,50.0,residential,1,0
8436,1750275770,10829428945,43.689,50.0,residential,1,0
8437,1750275770,2373857201,285.726,50.0,residential,2,0
8438,1750275775,12215833806,11.024,50.0,residential,1,1
8439,1750275775,11267492256,49.16199999999999,50.0,residential,1,1
8440,1757673390,361093948,2033.4099999999999,80.0,trunk,4,1
8441,1758359863,3495343375,56.92,30.0,residential,1,1
8442,1758359865,1851950468,26.692999999999998,50.0,secondary_link,1,1
8443,1758359865,3495343378,19.046,30.0,residential,1,1
8444,1758359881,3495343376,23.195,60.0,secondary,2,1
8445,1758359881,1758359863,32.608999999999995,50.0,secondary_link,1,1
8446,1758359947,476355557,27.14,70.0,tertiary,3,1
8447,1758359947,3655260399,36.249,50.0,tertiary_link,1,1
8448,1758359982,2303015634,194.385,70.0,tertiary,4,1
8449,1758359985,409694582,26.064,30.0,residential,2,1
8450,1758359985,1758359982,34.487,50.0,tertiary_link,1,1
8451,1758359987,409694344,47.361000000000004,30.0,residential,1,1
8452,1758359999,409693882,20.571,70.0,tertiary,3,1
8453,1758359999,1758359987,34.225,50.0,tertiary_link,1,1
8454,1784523536,1571656318,20.673,50.0,tertiary,1,0
8455,1784523536,1568022619,31.525,50.0,tertiary,1,1
8456,1784523538,1571656446,85.325,30.0,residential,1,0
8457,1784523538,1784523542,18.995,30.0,residential,1,1
8458,1784523542,549268582,10.466,30.0,residential,1,1
8459,1790662878,13084845729,34.637,50.0,secondary,5,0
8460,1790662878,289503947,116.511,50.0,residential,1,1
8461,1790662878,1234762886,60.492999999999995,50.0,secondary,3,1
8462,1790662883,2989372367,172.093,50.0,unclassified,1,1
8463,1790662883,12292683830,35.573,50.0,secondary,2,1
8464,1790662886,289503319,35.833,50.0,residential,1,1
8465,1790662886,3739773085,86.85300000000001,50.0,unclassified,1,0
8466,1790662922,2231332721,32.874,50.0,secondary_link,1,1
8467,1790662922,3358619,21.424999999999997,60.0,secondary,3,1
8468,1801631001,11808919720,2.304,50.0,tertiary,1,1
8469,1801631018,9890403392,19.182000000000002,50.0,tertiary,1,1
8470,1801631018,1993682435,60.2,50.0,residential,1,1
8471,1801631020,428196558,47.343,50.0,secondary_link,1,0
8472,1801631020,1064391656,24.273,50.0,secondary_link,1,1
8473,1801631020,10985378727,35.98800000000001,50.0,secondary_link,1,1
8474,1801631024,10008579041,2.03,50.0,tertiary,1,1
8475,1801631043,1850576105,39.636,50.0,secondary_link,1,0
8476,1801631043,343746116,22.095999999999997,50.0,secondary_link,1,1
8477,1801631043,1801631024,17.869999999999997,50.0,secondary_link,1,1
8478,1834263553,416628934,73.946,30.0,residential,1,1
8479,1834263553,1834267841,10.27,30.0,residential,1,1
8480,1834267800,416638549,70.02199999999999,30.0,residential,1,0
8481,1834267800,1834263553,15.969,30.0,residential,1,1
8482,1834267803,416638586,348.482,30.0,residential,1,0
8483,1834267803,1834267800,17.326999999999998,30.0,residential,1,1
8484,1834267841,1834267803,15.094,30.0,residential,1,1
8485,1834267841,416634515,91.876,30.0,residential,1,0
8486,1836381515,381533431,12.352,30.0,tertiary_link,1,1
8487,1836381515,4852121101,224.345,50.0,tertiary,1,1
8488,1850573620,3257927974,5.975,50.0,residential,1,1
8489,1850573657,340125176,100.607,50.0,residential,2,1
8490,1850573657,7006119060,23.563,50.0,residential,1,1
8491,1850576105,1801631043,39.636,50.0,secondary_link,1,0
8492,1850576105,13240433160,27.732,50.0,secondary_link,1,1
8493,1851950468,2303015611,337.16700000000003,60.0,secondary,3,1
8494,1885693264,2990821292,15.926,50.0,tertiary,3,1
8495,1885693277,2990821237,12.038,50.0,tertiary,1,1
8496,1897895736,476379129,48.183,50.0,residential,1,1
8497,1897895736,1897895738,44.519,50.0,residential,1,0
8498,1897895738,1897895736,44.519,50.0,residential,1,0
8499,1897895749,1897895736,62.744,50.0,residential,1,1
8500,1897895749,1897895760,38.904,50.0,residential,1,0
8501,1897895760,1897895749,38.904,50.0,residential,1,0
8502,1897912902,8348076925,24.054,50.0,tertiary,1,1
8503,1897912902,1897912953,30.723,50.0,tertiary_link,1,1
8504,1897912953,343211541,29.253,50.0,tertiary,2,0
8505,1897912953,8661339696,41.878,50.0,tertiary,1,1
8506,1911011742,744759658,99.675,50.0,residential,1,0
8507,1911011742,3220033347,165.817,50.0,residential,1,0
8508,1911081888,549268584,39.188,50.0,tertiary,1,1
8509,1931484328,917228434,15.901,30.0,residential,1,1
8510,1931484328,9890403375,76.61,30.0,residential,1,1
8511,1931836970,1931836985,241.673,50.0,residential,1,0
8512,1931836970,2216948203,133.124,50.0,residential,1,0
8513,1931836970,6989513267,277.804,50.0,residential,1,0
8514,1931836985,2216948191,106.637,50.0,tertiary,2,1
8515,1931836985,1931836970,241.673,50.0,residential,1,0
8516,1931836987,1931836997,64.957,50.0,residential,1,0
8517,1931836997,1931836987,64.957,50.0,residential,1,0
8518,1931836997,9975639453,74.498,50.0,residential,1,0
8519,1931836997,6989513269,60.077,50.0,residential,1,0
8520,1931837019,540440145,47.457,50.0,residential,1,0
8521,1931837019,540439471,103.124,50.0,residential,1,0
8522,1931837019,1931837075,124.742,50.0,residential,1,0
8523,1931837075,1931837019,124.742,50.0,residential,1,0
8524,1931837075,3771708550,45.149,50.0,residential,1,1
8525,1931841474,357534734,110.57,50.0,residential,1,0
8526,1931841474,357533360,95.316,50.0,residential,1,0
8527,1931841474,4715010762,100.78,50.0,residential,1,1
8528,1931841483,3524113313,45.389,50.0,residential,1,0
8529,1931841483,540433477,122.762,50.0,residential,1,0
8530,1931841485,1143770964,195.58,50.0,secondary,2,1
8531,1931841490,1143770935,66.399,50.0,residential,1,0
8532,1931841490,6164276607,44.495,50.0,residential,1,0
8533,1931841490,1931841498,53.806,50.0,residential,1,1
8534,1931841493,9723706782,63.95099999999999,50.0,secondary,1,1
8535,1931841493,2112533191,59.217,50.0,residential,1,1
8536,1931841494,1931841498,30.584,50.0,unclassified,1,0
8537,1931841498,1931841494,30.584,50.0,unclassified,1,0
8538,1931841498,1931841485,68.778,50.0,residential,1,1
8539,1931841500,1143770921,101.12599999999999,50.0,residential,1,0
8540,1931841500,1143770935,59.911,50.0,residential,1,0
8541,1931841500,4715010764,74.673,50.0,residential,1,0
8542,1931844383,1931844465,15.437,30.0,living_street,1,0
8543,1931844386,1931844394,225.961,30.0,residential,1,0
8544,1931844386,1143763279,29.630000000000003,30.0,tertiary,1,0
8545,1931844389,1931844396,85.402,30.0,residential,1,0
8546,1931844390,514541475,37.335,30.0,residential,1,1
8547,1931844391,1931844390,18.99,30.0,residential,1,1
8548,1931844391,1931844467,85.56599999999999,30.0,residential,1,0
8549,1931844392,1931844434,95.072,30.0,residential,1,1
8550,1931844393,1931844420,80.468,30.0,residential,1,0
8551,1931844394,472591134,61.905,30.0,residential,1,0
8552,1931844394,1931844453,70.51700000000001,30.0,residential,1,1
8553,1931844394,1931844386,225.961,30.0,residential,1,0
8554,1931844396,1931844389,85.402,30.0,residential,1,0
8555,1931844396,1143763279,16.785,30.0,tertiary,1,0
8556,1931844396,472591126,24.882,30.0,tertiary,1,0
8557,1931844408,1931844467,42.421,30.0,residential,1,0
8558,1931844408,1931844424,21.007,30.0,residential,1,0
8559,1931844408,1931844429,69.263,30.0,residential,1,0
8560,1931844414,1931844433,72.511,50.0,residential,1,1
8561,1931844414,1931844392,43.90700000000001,30.0,residential,1,1
8562,1931844416,1143763279,61.653999999999996,30.0,residential,1,1
8563,1931844416,1931844420,50.222,30.0,residential,1,1
8564,1931844420,1931844393,80.468,30.0,residential,1,0
8565,1931844420,1931844429,65.397,30.0,residential,1,1
8566,1931844420,1931844428,60.235,30.0,residential,1,0
8567,1931844422,1931844432,116.666,30.0,residential,1,0
8568,1931844422,13123372779,12.355,30.0,tertiary,1,0
8569,1931844422,472591126,42.313,30.0,tertiary,1,0
8570,1931844424,1931844408,21.007,30.0,residential,1,0
8571,1931844428,1931844386,19.084,30.0,tertiary,1,1
8572,1931844428,1931844420,60.235,30.0,residential,1,0
8573,1931844429,1931844466,18.939,30.0,residential,1,1
8574,1931844429,1931844408,69.263,30.0,residential,1,0
8575,1931844432,1931844422,116.666,30.0,residential,1,0
8576,1931844432,13123373642,69.144,50.0,residential,1,1
8577,1931844433,1931844436,89.954,50.0,residential,1,0
8578,1931844433,1931844391,38.447,30.0,residential,1,1
8579,1931844433,1931844392,111.119,30.0,residential,1,1
8580,1931844434,1931844414,65.012,30.0,residential,1,1
8581,1931844434,13123373650,10.012,50.0,living_street,1,0
8582,1931844436,1931844433,89.954,50.0,residential,1,0
8583,1931844453,268217756,59.415,50.0,tertiary,2,0
8584,1931844453,472591106,138.37,50.0,tertiary,2,0
8585,1931844465,1931844383,15.437,30.0,living_street,1,0
8586,1931844465,6760419099,26.866,30.0,"['residential', 'living_street']",1,0
8587,1931844465,6760419103,50.317,30.0,living_street,1,0
8588,1931844466,1931844390,79.738,30.0,residential,1,1
8589,1931844466,1931844467,49.893,30.0,residential,1,1
8590,1931844467,1931844414,35.904,30.0,residential,1,1
8591,1931844467,1931844408,42.421,30.0,residential,1,0
8592,1931844467,1931844391,85.56599999999999,30.0,residential,1,0
8593,1931844469,7067508722,12.484,30.0,residential,1,1
8594,1931844469,1931844428,103.592,30.0,tertiary,1,1
8595,1931848021,1931848023,26.681,50.0,residential,1,0
8596,1931848021,13120785894,19.727,50.0,tertiary,1,0
8597,1931848021,1931848053,44.197,50.0,tertiary,1,0
8598,1931848023,1931848021,26.681,50.0,residential,1,0
8599,1931848023,1931848053,46.3,50.0,residential,1,0
8600,1931848023,1931848032,48.332,50.0,residential,1,0
8601,1931848032,1931848023,48.332,50.0,residential,1,0
8602,1931848032,1931848046,118.67699999999999,50.0,residential,1,0
8603,1931848032,540448524,50.304,50.0,residential,1,0
8604,1931848034,540437005,60.47,50.0,tertiary,1,0
8605,1931848034,540436945,22.041,50.0,tertiary,1,0
8606,1931848034,1143763339,317.18699999999995,50.0,residential,1,0
8607,1931848046,472591117,33.646,50.0,tertiary,1,0
8608,1931848046,1931848032,118.67699999999999,50.0,residential,1,0
8609,1931848046,540437005,15.658,50.0,tertiary,1,0
8610,1931848053,1931848021,44.197,50.0,tertiary,1,0
8611,1931848053,1931848023,46.3,50.0,residential,1,0
8612,1931848053,1143763339,51.907,50.0,tertiary,1,0
8613,1931855285,6154204089,83.474,50.0,residential,1,0
8614,1931855285,1474030742,51.676,50.0,residential,1,0
8615,1931855285,1931855309,169.92499999999998,50.0,residential,1,0
8616,1931855286,1143763231,42.177,50.0,residential,1,0
8617,1931855286,13203655952,30.103,50.0,residential,1,1
8618,1931855286,8660335848,34.78,50.0,residential,1,0
8619,1931855287,1931855294,28.08,50.0,residential,1,0
8620,1931855287,2004137827,27.316,50.0,residential,1,0
8621,1931855287,13203696437,24.831,50.0,residential,1,0
8622,1931855287,2004137828,61.737,50.0,residential,1,0
8623,1931855288,1931855326,42.557,50.0,residential,1,0
8624,1931855288,2105338185,18.844,50.0,residential,1,0
8625,1931855288,1931855362,42.633,50.0,residential,1,0
8626,1931855288,1931855342,28.312,50.0,residential,1,0
8627,1931855290,6133475752,21.654,50.0,residential,1,1
8628,1931855290,1931855375,77.988,50.0,residential,1,0
8629,1931855291,3303125949,30.004,50.0,residential,1,0
8630,1931855291,1931855353,40.613,50.0,residential,1,0
8631,1931855291,13203655966,19.979,50.0,residential,1,0
8632,1931855292,1931855345,85.94800000000001,50.0,residential,1,1
8633,1931855292,1931855352,155.793,50.0,residential,1,0
8634,1931855294,1931855339,29.324,50.0,residential,1,0
8635,1931855294,1931855287,28.08,50.0,residential,1,0
8636,1931855294,1931855332,61.29,50.0,residential,1,0
8637,1931855296,10903431396,20.298,50.0,residential,1,0
8638,1931855296,10903431398,41.01,50.0,residential,1,0
8639,1931855296,1589498344,57.787,50.0,residential,1,1
8640,1931855301,1931855323,12.737,50.0,residential,1,0
8641,1931855304,1931855321,31.844,50.0,residential,1,0
8642,1931855304,1931855386,38.057,50.0,residential,1,1
8643,1931855304,1931855354,33.964,50.0,residential,1,0
8644,1931855308,2105338185,33.567,50.0,residential,1,0
8645,1931855308,549243986,40.491,30.0,residential,1,1
8646,1931855309,1589498342,28.146,30.0,living_street,1,1
8647,1931855309,1931855285,169.925,50.0,residential,1,0
8648,1931855310,549246934,81.283,50.0,residential,1,1
8649,1931855310,1931855333,46.655,50.0,residential,1,1
8650,1931855311,2105338179,6.684,50.0,residential,1,0
8651,1931855311,1931855364,41.654999999999994,50.0,residential,1,0
8652,1931855311,1931855347,32.183,50.0,residential,1,0
8653,1931855312,1931855362,59.989999999999995,30.0,living_street,1,0
8654,1931855320,1931855323,42.418,50.0,residential,1,0
8655,1931855320,13203655966,34.284,50.0,residential,1,0
8656,1931855320,1931855372,35.068,50.0,residential,1,0
8657,1931855321,1931855369,37.369,50.0,residential,1,0
8658,1931855321,1931855341,36.024,50.0,residential,1,0
8659,1931855321,1931855304,31.844,50.0,residential,1,0
8660,1931855321,13203655969,28.493000000000002,50.0,residential,1,0
8661,1931855323,1931855320,42.418,50.0,residential,1,0
8662,1931855323,1931855301,12.737,50.0,residential,1,0
8663,1931855323,13203655967,37.66,50.0,residential,1,0
8664,1931855324,13203696513,35.314,50.0,residential,1,1
8665,1931855326,1931855288,42.557,50.0,residential,1,0
8666,1931855326,1931855334,38.424,50.0,residential,1,0
8667,1931855326,6154187458,36.229,50.0,residential,1,0
8668,1931855326,6495095746,16.966,50.0,residential,1,0
8669,1931855326,6154187461,48.439,50.0,residential,1,0
8670,1931855327,1931855371,48.464999999999996,50.0,residential,1,0
8671,1931855330,1931855386,30.34,50.0,residential,1,0
8672,1931855330,1931855354,36.656,50.0,residential,1,1
8673,1931855332,2004091141,70.895,50.0,residential,1,0
8674,1931855332,1931855294,61.29,50.0,residential,1,0
8675,1931855332,2004091142,32.111,50.0,residential,1,0
8676,1931855332,2004137828,26.21,50.0,residential,1,0
8677,1931855333,1931855375,59.89,50.0,residential,1,1
8678,1931855333,10927151080,56.725,50.0,living_street,1,0
8679,1931855334,1931855326,38.424,50.0,residential,1,0
8680,1931855335,2004137777,31.006,50.0,residential,1,0
8681,1931855335,13203696477,13.488,50.0,residential,1,1
8682,1931855339,1931855294,29.324,50.0,residential,1,0
8683,1931855339,2004091142,63.181,50.0,residential,1,0
8684,1931855339,1474030765,121.493,50.0,residential,1,0
8685,1931855339,2264923592,57.226,50.0,residential,1,0
8686,1931855341,1931855321,36.024,50.0,residential,1,0
8687,1931855341,2004137782,84.387,50.0,residential,1,1
8688,1931855342,6154187466,22.414,30.0,residential,1,0
8689,1931855342,2112520119,31.422,30.0,residential,1,0
8690,1931855342,2105338179,59.809,50.0,residential,1,0
8691,1931855342,1931855288,28.312,50.0,residential,1,0
8692,1931855345,8660335849,46.811,50.0,living_street,1,0
8693,1931855345,3303406280,54.149,50.0,living_street,1,1
8694,1931855346,1931855351,73.953,50.0,residential,1,0
8695,1931855346,1931855335,37.697,50.0,residential,1,1
8696,1931855346,13203696441,42.656,50.0,residential,1,0
8697,1931855347,2105338170,27.797,30.0,living_street,1,0
8698,1931855347,1931855354,51.93300000000001,50.0,residential,1,0
8699,1931855347,1931855311,32.183,50.0,residential,1,0
8700,1931855348,1931855353,65.998,50.0,residential,1,0
8701,1931855351,1931855290,31.659,50.0,residential,1,1
8702,1931855351,1931855346,73.953,50.0,residential,1,0
8703,1931855352,8660335849,16.361,50.0,living_street,1,0
8704,1931855352,549247954,34.309,50.0,living_street,1,0
8705,1931855352,1931855357,35.063,50.0,residential,1,0
8706,1931855352,1931855292,155.793,50.0,residential,1,0
8707,1931855353,8660335849,36.118,50.0,residential,1,0
8708,1931855353,1931855357,18.349,50.0,residential,1,0
8709,1931855353,1931855291,40.613,50.0,residential,1,0
8710,1931855353,1931855348,65.998,50.0,residential,1,0
8711,1931855354,2134830762,61.608999999999995,50.0,residential,1,1
8712,1931855354,1931855347,51.93300000000001,50.0,residential,1,0
8713,1931855354,1931855304,33.964,50.0,residential,1,0
8714,1931855357,1931855352,35.063,50.0,residential,1,0
8715,1931855357,13203655967,50.869,50.0,residential,1,0
8716,1931855357,1931855353,18.349,50.0,residential,1,0
8717,1931855358,1931855324,72.795,50.0,residential,1,1
8718,1931855358,1931855360,35.033,50.0,residential,1,1
8719,1931855360,2004137796,13.951,50.0,residential,1,1
8720,1931855360,13203696512,51.454,50.0,residential,1,0
8721,1931855362,1931855288,42.633,50.0,residential,1,0
8722,1931855362,1931855312,59.989999999999995,30.0,living_street,1,0
8723,1931855362,1931855378,50.402,50.0,residential,1,0
8724,1931855364,1931855311,41.655,50.0,residential,1,0
8725,1931855369,1931855321,37.369,50.0,residential,1,0
8726,1931855369,1931855386,34.623,50.0,residential,1,0
8727,1931855369,1474030759,30.301000000000002,50.0,residential,1,0
8728,1931855370,13203655991,45.091,50.0,tertiary,2,0
8729,1931855370,6153833372,27.433000000000003,50.0,residential,1,0
8730,1931855370,549246899,47.251,50.0,tertiary,2,0
8731,1931855371,2134824776,4.22,50.0,residential,1,1
8732,1931855371,1931855327,48.465,50.0,residential,1,0
8733,1931855372,1931855320,35.068,50.0,residential,1,0
8734,1931855372,2264923593,5.202,50.0,residential,1,0
8735,1931855372,2264923596,16.259,50.0,residential,1,0
8736,1931855375,1931855346,20.474,50.0,residential,1,1
8737,1931855375,1931855290,77.988,50.0,residential,1,0
8738,1931855378,1474030762,22.267,50.0,residential,1,0
8739,1931855378,1931855308,12.847,30.0,residential,1,1
8740,1931855378,1931855362,50.402,50.0,residential,1,0
8741,1931855385,2004137804,31.215000000000003,50.0,residential,1,1
8742,1931855385,13203696463,28.701999999999998,50.0,residential,1,0
8743,1931855386,1931855330,30.34,50.0,residential,1,0
8744,1931855386,1931855369,34.623,50.0,residential,1,0
8745,1931855386,3305523768,33.832,50.0,residential,1,1
8746,1931858750,2235188173,18.411,50.0,tertiary,2,0
8747,1931858750,8660335862,65.858,50.0,residential,1,1
8748,1931858750,318181239,46.281,50.0,tertiary,2,0
8749,1931858763,4162302827,23.752,50.0,residential,1,0
8750,1931858763,5104788482,73.295,50.0,residential,1,1
8751,1931858785,5104788482,60.574,50.0,residential,1,1
8752,1931861633,1199373061,18.451,50.0,residential,1,1
8753,1931861635,1931861671,79.58500000000001,50.0,residential,1,1
8754,1931861639,1199373036,56.332,50.0,residential,1,1
8755,1931861639,1931861633,46.915,50.0,residential,1,1
8756,1931861654,357531366,32.138000000000005,50.0,residential,1,1
8757,1931861654,11036710226,155.86599999999999,50.0,residential,1,1
8758,1931861658,1199373065,25.465,50.0,residential,1,1
8759,1931861658,1931861662,67.375,50.0,residential,1,1
8760,1931861661,4716344841,36.097,50.0,residential,1,1
8761,1931861661,4716344838,67.063,50.0,residential,1,0
8762,1931861662,1931861635,30.774,50.0,residential,1,1
8763,1931861662,1931861666,44.242000000000004,50.0,residential,1,1
8764,1931861665,2112530139,33.341,50.0,residential,1,1
8765,1931861665,2112530139,134.375,50.0,residential,1,1
8766,1931861666,3668921328,58.689,50.0,residential,1,1
8767,1931861671,1931861658,30.795,50.0,residential,1,1
8768,1931861696,1931861702,26.183,50.0,residential,1,1
8769,1931861696,1931861701,69.301,50.0,residential,1,1
8770,1931861701,580743786,69.121,50.0,residential,1,1
8771,1931861702,1931861665,27.468,50.0,residential,1,1
8772,1931865368,1931865399,196.53600000000003,30.0,residential,1,0
8773,1931865399,11028046635,7.067,50.0,residential,1,0
8774,1931865399,318180507,83.804,50.0,residential,1,0
8775,1931865399,1931865368,196.536,30.0,residential,1,0
8776,1933349731,1933709165,178.728,50.0,secondary,3,1
8777,1933349731,1575610956,348.1739999999999,50.0,residential,1,0
8778,1933709165,549266522,16.7,50.0,tertiary,1,1
8779,1933709165,1575611200,26.633000000000003,50.0,secondary,2,1
8780,1933709167,1933709165,16.729,50.0,tertiary,2,1
8781,1933709167,1575611075,368.35400000000004,50.0,secondary,2,1
8782,1934234271,6133515873,272.6809999999999,50.0,residential,1,0
8783,1934234315,1731460267,23.514,50.0,unclassified,1,0
8784,1936278287,1936278329,17.553000000000004,30.0,residential,1,1
8785,1936278287,1688194329,236.18400000000003,30.0,residential,1,0
8786,1936278291,1936278318,78.686,30.0,residential,1,0
8787,1936278291,1528640620,20.784,30.0,residential,1,0
8788,1936278291,1688194303,72.325,30.0,residential,1,0
8789,1936278292,1936278313,183.45,30.0,residential,1,1
8790,1936278292,1936278294,173.025,30.0,residential,1,1
8791,1936278293,1936278307,11.342,50.0,tertiary,1,1
8792,1936278293,1936278304,83.22200000000001,30.0,residential,1,0
8793,1936278294,1366372683,76.022,50.0,tertiary,3,1
8794,1936278294,1688171043,13.947000000000001,30.0,residential,1,1
8795,1936278299,1936278287,19.879,30.0,residential,1,1
8796,1936278302,496177000,422.196,30.0,residential,1,1
8797,1936278302,1936278299,21.983999999999998,30.0,residential,1,1
8798,1936278304,1936278318,81.294,30.0,residential,1,0
8799,1936278304,1936278351,107.971,30.0,residential,1,0
8800,1936278304,1936278293,83.22200000000001,30.0,residential,1,0
8801,1936278307,1366372685,96.952,50.0,tertiary,3,1
8802,1936278311,5594769620,10.267,30.0,residential,1,1
8803,1936278313,1366372683,64.372,30.0,residential,1,0
8804,1936278318,1936278291,78.686,30.0,residential,1,0
8805,1936278318,1936278304,81.294,30.0,residential,1,0
8806,1936278318,1688171017,106.211,30.0,residential,1,0
8807,1936278329,1936278292,59.427,30.0,residential,1,1
8808,1936278329,1936278311,13.286,30.0,residential,1,1
8809,1936278336,496177000,20.413,30.0,residential,1,0
8810,1936278336,351227764,309.413,30.0,residential,1,0
8811,1936278336,1936278299,410.61800000000005,30.0,residential,1,1
8812,1936278342,1688171004,12.33,50.0,residential,1,1
8813,1936278342,6271076529,172.808,50.0,tertiary,3,1
8814,1936278351,1688171017,82.455,30.0,residential,1,1
8815,1936278351,1936278304,107.971,30.0,residential,1,0
8816,1936282470,1936282471,19.932000000000002,30.0,residential,1,0
8817,1936282470,581986372,310.331,50.0,tertiary,1,1
8818,1936282471,1286578020,18.648,30.0,residential,1,0
8819,1936282471,1286578017,8.207,30.0,residential,1,0
8820,1936282471,1936282470,19.932000000000002,30.0,residential,1,0
8821,1936282473,1286578017,38.369,30.0,residential,1,1
8822,1936282478,563942919,180.003,30.0,residential,1,0
8823,1936282478,1936282481,38.649,30.0,residential,1,0
8824,1936282478,1936282479,32.706,30.0,residential,1,0
8825,1936282478,2111226539,121.064,30.0,residential,1,0
8826,1936282479,1936282478,32.706,30.0,residential,1,0
8827,1936282481,1936282478,38.649,30.0,residential,1,0
8828,1936282482,6054969201,10.954,50.0,residential,1,0
8829,1936282482,1288176688,26.432,30.0,residential,1,0
8830,1936282482,1288165994,54.732,30.0,residential,1,0
8831,1941637469,29944869,161.563,50.0,residential,1,1
8832,1941637469,339482136,180.746,30.0,residential,1,1
8833,1941637478,1226802,138.208,50.0,tertiary,1,1
8834,1941637478,2469848149,99.701,50.0,tertiary,1,1
8835,1950406018,1143770921,36.577999999999996,50.0,secondary,2,1
8836,1950487590,1566055007,31.869999999999997,50.0,residential,1,1
8837,1950487594,1566055928,23.403,50.0,secondary,3,1
8838,1950487594,1950487590,35.501000000000005,50.0,secondary_link,1,1
8839,1951178775,1951178789,41.505,50.0,residential,1,0
8840,1951178775,318179197,42.652,50.0,tertiary,2,1
8841,1951178781,318179197,34.014,50.0,residential,1,0
8842,1951178781,1951178789,44.738,50.0,residential,1,0
8843,1951178781,318420958,129.857,50.0,residential,1,1
8844,1951178789,1951178781,44.738,50.0,residential,1,0
8845,1951178789,1951178775,41.505,50.0,residential,1,0
8846,1951178789,1951178799,133.105,50.0,residential,1,0
8847,1951178799,1951178789,133.105,50.0,residential,1,0
8848,1951178799,318420958,44.541,50.0,residential,1,0
8849,1951178799,681263651,51.985,50.0,residential,1,0
8850,1951178807,681263652,89.946,50.0,residential,1,0
8851,1951178807,1951178808,33.125,50.0,residential,1,0
8852,1951178807,4162302874,61.155,50.0,residential,1,0
8853,1951178808,1951178807,33.125,50.0,residential,1,0
8854,1951242733,2235188159,126.227,50.0,tertiary,2,1
8855,1951242733,2235188151,17.579,50.0,residential,1,0
8856,1953544982,1574692554,146.301,50.0,secondary,3,1
8857,1953545008,1143770888,80.74900000000001,50.0,secondary,2,1
8858,1953545032,540433635,85.592,50.0,residential,1,0
8859,1953545032,8129329732,41.443999999999996,50.0,residential,1,1
8860,1953545085,6154187438,72.244,50.0,residential,2,0
8861,1953545085,6454376352,29.859,50.0,residential,1,1
8862,1953545087,6454376352,35.017,50.0,tertiary,2,1
8863,1953545087,1953545085,27.839,50.0,residential,1,1
8864,1953545098,6454784752,31.538000000000004,50.0,secondary_link,1,1
8865,1953545098,724191521,24.996000000000002,50.0,secondary,2,1
8866,1953636954,1234762916,6.99,50.0,tertiary,2,1
8867,1953636963,1953636975,23.453,50.0,secondary_link,1,1
8868,1953636963,1688194303,230.166,50.0,secondary,1,0
8869,1953636963,1366372695,14.462,50.0,secondary,1,0
8870,1953636975,1936278293,52.498,50.0,tertiary,1,1
8871,1953637013,1953636954,28.314999999999998,50.0,tertiary_link,1,1
8872,1953637013,4017282099,24.456,50.0,tertiary,2,1
8873,1986140025,3762374460,9.637,50.0,residential,1,0
8874,1986140025,2374503289,136.01600000000002,50.0,tertiary,1,1
8875,1987571695,4017282126,219.169,50.0,tertiary,2,1
8876,1993682435,9890403392,59.31999999999999,50.0,residential,1,1
8877,1993682435,342335545,132.325,50.0,residential,1,0
8878,1993682436,7006119058,213.62,50.0,residential,1,1
8879,1993682436,1993682441,159.003,70.0,secondary_link,2,1
8880,1993682441,7006119054,33.882,50.0,secondary,3,1
8881,1995922116,6017519909,38.212,50.0,living_street,1,0
8882,1995922116,412522566,35.201,50.0,tertiary,2,1
8883,1995922128,1995922143,57.809999999999995,50.0,residential,1,0
8884,1995922128,366652516,19.956,50.0,tertiary,2,1
8885,1995922143,1995922128,57.809999999999995,50.0,residential,1,0
8886,1995922151,357536696,24.519000000000002,50.0,tertiary,2,1
8887,1999052225,1671579970,54.334,30.0,residential,1,1
8888,2002569399,2002569409,9.401,50.0,residential,1,0
8889,2002569399,2002569401,196.25199999999998,50.0,residential,1,1
8890,2002569399,2002569406,69.518,50.0,residential,1,0
8891,2002569401,1143763323,4.484,50.0,residential,1,1
8892,2002569403,2002569406,42.464,50.0,residential,1,0
8893,2002569406,2002569403,42.464,50.0,residential,1,0
8894,2002569406,2002569399,69.518,50.0,residential,1,0
8895,2002569406,1143763330,217.485,50.0,residential,1,0
8896,2002569409,2002569399,9.401,50.0,residential,1,0
8897,2002569409,1474027277,89.097,50.0,residential,1,0
8898,2002569409,1143763405,79.709,50.0,residential,1,1
8899,2002569411,1143763405,11.418,50.0,tertiary,1,1
8900,2002569411,2002569399,76.355,50.0,residential,1,1
8901,2002569413,1474027548,68.56,50.0,residential,1,1
8902,2002569413,2002569409,196.26199999999997,50.0,residential,1,1
8903,2004091130,540449817,67.372,50.0,residential,1,1
8904,2004091130,2004091133,60.432,50.0,residential,1,1
8905,2004091130,540449818,49.324999999999996,50.0,residential,1,1
8906,2004091132,2004137832,27.297,50.0,residential,1,0
8907,2004091132,549246919,68.405,50.0,residential,1,1
8908,2004091132,2004091130,61.115,50.0,residential,1,1
8909,2004091133,2004091136,66.888,50.0,residential,1,0
8910,2004091133,2004091135,40.811,50.0,residential,1,1
8911,2004091135,549245581,51.199,50.0,residential,1,1
8912,2004091136,2004091133,66.888,50.0,residential,1,0
8913,2004091136,540449817,62.202000000000005,50.0,residential,1,0
8914,2004091136,549245580,49.745,50.0,residential,1,0
8915,2004091139,1718632858,66.71,50.0,residential,1,0
8916,2004091141,6153833372,18.909,50.0,residential,1,0
8917,2004091141,1931855332,70.895,50.0,residential,1,0
8918,2004091141,2004137832,34.822,50.0,residential,1,0
8919,2004091142,1931855332,32.111,50.0,residential,1,0
8920,2004091142,1931855339,63.181,50.0,residential,1,0
8921,2004091142,6153833372,138.725,50.0,residential,1,0
8922,2004137777,2264923598,5.711,50.0,residential,1,0
8923,2004137777,1931855335,31.006,50.0,residential,1,0
8924,2004137777,3303125949,88.82300000000001,50.0,residential,1,0
8925,2004137782,1474030742,59.668,50.0,residential,1,0
8926,2004137782,8660335848,24.837,50.0,residential,1,0
8927,2004137782,1931855292,30.135,50.0,residential,1,1
8928,2004137796,10903431395,10.091,50.0,residential,1,0
8929,2004137796,1931855296,21.035,50.0,residential,1,1
8930,2004137800,2004137842,48.91,50.0,residential,1,0
8931,2004137800,2004137822,39.216,50.0,tertiary,2,0
8932,2004137800,1474029231,55.814,50.0,tertiary,2,0
8933,2004137804,1931855371,25.461,50.0,residential,1,1
8934,2004137804,6861849403,28.59,50.0,residential,1,0
8935,2004137808,2264923601,14.52,50.0,residential,1,0
8936,2004137808,2004137818,43.209,50.0,residential,1,0
8937,2004137808,2004137820,76.812,50.0,residential,1,0
8938,2004137808,6153833377,24.22,50.0,residential,1,0
8939,2004137814,2004137818,37.887,50.0,residential,1,0
8940,2004137814,1474030771,56.99,50.0,residential,1,0
8941,2004137814,2004137824,74.746,50.0,residential,1,0
8942,2004137816,2004137856,34.693,50.0,residential,1,0
8943,2004137816,549248494,101.669,50.0,tertiary,2,0
8944,2004137816,2004137822,40.295,50.0,tertiary,2,0
8945,2004137818,2004137808,43.209,50.0,residential,1,0
8946,2004137818,2004137814,37.887,50.0,residential,1,0
8947,2004137818,6153833380,25.262,50.0,residential,1,0
8948,2004137820,2004137835,46.172,50.0,residential,1,0
8949,2004137820,1474030765,37.518,50.0,residential,1,0
8950,2004137820,2004137830,29.739,50.0,residential,1,0
8951,2004137820,2004137808,76.812,50.0,residential,1,0
8952,2004137822,2004137844,31.305999999999997,50.0,residential,1,0
8953,2004137822,2004137816,40.295,50.0,tertiary,2,0
8954,2004137822,2004137800,39.216,50.0,tertiary,2,0
8955,2004137824,2004137835,35.158,50.0,residential,1,0
8956,2004137824,2004137814,74.746,50.0,residential,1,0
8957,2004137824,1474029231,41.778,50.0,residential,1,0
8958,2004137827,1931855287,27.316,50.0,residential,1,0
8959,2004137827,2004137831,61.725,50.0,residential,1,0
8960,2004137827,549247167,42.681,50.0,residential,1,0
8961,2004137828,1931855332,26.21,50.0,residential,1,0
8962,2004137828,2004137831,21.761,50.0,residential,1,0
8963,2004137828,1931855287,61.737,50.0,residential,1,0
8964,2004137830,2004137820,29.739,50.0,residential,1,0
8965,2004137831,2004137828,21.761,50.0,residential,1,0
8966,2004137831,549246919,37.103,50.0,residential,1,0
8967,2004137831,2004137832,64.227,50.0,residential,1,0
8968,2004137831,2004137827,61.725,50.0,residential,1,0
8969,2004137832,2004091141,34.822,50.0,residential,1,0
8970,2004137832,2004091132,27.297,50.0,residential,1,0
8971,2004137832,2004137831,64.227,50.0,residential,1,0
8972,2004137835,2004137824,35.158,50.0,residential,1,0
8973,2004137835,2004137820,46.172,50.0,residential,1,0
8974,2004137835,6153833379,21.88,50.0,residential,1,0
8975,2004137842,2004137800,48.91,50.0,residential,1,0
8976,2004137844,2004137856,38.718,50.0,residential,1,0
8977,2004137844,2004137852,72.224,50.0,residential,1,0
8978,2004137844,2004137822,31.305999999999997,50.0,residential,1,0
8979,2004137852,6154187484,75.073,50.0,residential,1,0
8980,2004137852,2004137856,35.481,50.0,residential,1,0
8981,2004137852,2004137844,72.224,50.0,residential,1,0
8982,2004137852,549247956,121.063,50.0,residential,1,0
8983,2004137854,2004137856,93.53,50.0,residential,1,0
8984,2004137854,549248494,43.187,50.0,residential,1,1
8985,2004137856,2004137854,93.53,50.0,residential,1,0
8986,2004137856,2004137844,38.718,50.0,residential,1,0
8987,2004137856,2004137852,35.481,50.0,residential,1,0
8988,2004137856,2004137816,34.693,50.0,residential,1,0
8989,2006016715,13415811873,39.913,30.0,residential,1,0
8990,2006016715,649102921,110.432,30.0,residential,1,1
8991,2006016719,563936629,52.837,30.0,residential,1,1
8992,2006016719,563938249,67.004,30.0,residential,1,0
8993,2006016774,10568511022,179.367,50.0,secondary,3,0
8994,2006016774,1697461106,16.256999999999998,50.0,secondary,3,0
8995,2006016807,649102865,98.602,30.0,residential,1,1
8996,2006016807,13415811873,35.933,30.0,residential,1,0
8997,2070683971,415466714,98.196,50.0,living_street,1,0
8998,2072034651,338523767,94.56,50.0,secondary,1,1
8999,2072034651,338523848,53.833,30.0,residential,1,0
9000,2079033919,1187703909,274.452,30.0,residential,1,1
9001,2079033919,10304320419,78.956,50.0,tertiary,3,1
9002,2079042288,9288598690,182.43,30.0,motorway_link,1,1
9003,2079042288,4225213063,63.577,50.0,unclassified,1,1
9004,2079042306,3948253114,207.62,50.0,unclassified,1,0
9005,2079042306,3495322434,22.080000000000002,50.0,unclassified,1,1
9006,2083793917,563990815,45.563,30.0,residential,1,0
9007,2083793917,563990273,137.43,30.0,residential,1,0
9008,2083793917,3203481993,162.14600000000002,30.0,residential,1,0
9009,2083793939,2481705181,46.335,30.0,residential,1,0
9010,2083793939,2083793956,71.369,30.0,residential,1,0
9011,2083793939,2481705169,46.293,30.0,residential,1,0
9012,2083793942,2481705169,65.885,30.0,residential,1,0
9013,2083793946,2083793956,58.657,30.0,residential,1,0
9014,2083793956,2083793939,71.369,30.0,residential,1,0
9015,2083793956,2083793961,53.837,30.0,residential,1,0
9016,2083793956,2083793946,58.657,30.0,residential,1,0
9017,2083793961,2083793956,53.837,30.0,residential,1,0
9018,2083793961,2083793963,101.529,30.0,residential,1,0
9019,2083793961,563999190,121.102,30.0,residential,1,0
9020,2083793961,1116195065,180.433,30.0,residential,1,0
9021,2083793963,2083793961,101.529,30.0,residential,1,0
9022,2083793965,1116140692,44.062,30.0,residential,1,0
9023,2083793965,1116119368,59.588,30.0,residential,1,0
9024,2083793965,2129877288,84.924,30.0,living_street,1,0
9025,2083793974,564005845,85.499,30.0,tertiary,1,0
9026,2083793974,1116119359,125.75200000000001,30.0,tertiary,1,1
9027,2083794011,2310467934,160.042,30.0,residential,2,0
9028,2083794011,563999196,134.231,30.0,residential,2,0
9029,2083794011,2310467937,137.008,30.0,residential,1,0
9030,2083794026,2083794073,169.376,30.0,residential,1,0
9031,2083794026,2134290673,71.358,30.0,residential,1,0
9032,2083794026,2083794041,75.18,30.0,residential,1,0
9033,2083794034,2134290717,77.03599999999999,30.0,residential,1,0
9034,2083794041,2083794026,75.18,30.0,residential,1,0
9035,2083794073,2134290717,67.29,30.0,residential,1,0
9036,2083794073,2083794026,169.376,30.0,residential,1,0
9037,2083794073,2134290814,91.471,30.0,residential,1,0
9038,2083794118,2133110820,65.457,30.0,residential,2,0
9039,2084866630,409726977,27.847,30.0,residential,1,0
9040,2084996286,290034699,219.99900000000002,50.0,residential,1,0
9041,2084996298,672653559,119.57300000000001,30.0,residential,1,1
9042,2084996298,9982045002,232.08100000000002,30.0,residential,1,0
9043,2085420076,2085420168,151.98499999999999,30.0,unclassified,1,0
9044,2085420168,347038454,104.4,30.0,residential,1,0
9045,2085420168,563912526,66.504,30.0,residential,1,0
9046,2085420168,2085420076,151.98499999999999,30.0,unclassified,1,0
9047,2085703302,5270167232,92.986,30.0,residential,1,1
9048,2085703302,9982045002,119.401,30.0,residential,1,1
9049,2087705428,1695278979,39.227,30.0,residential,1,1
9050,2087705428,1698378710,145.657,30.0,residential,1,0
9051,2088929409,440045043,95.373,50.0,tertiary,2,1
9052,2088929409,8629130908,50.900000000000006,50.0,residential,1,0
9053,2091831613,346148263,137.024,30.0,tertiary,1,1
9054,2091831613,2092081672,156.439,30.0,residential,1,0
9055,2092081672,2091831613,156.43900000000002,30.0,residential,1,0
9056,2093415486,563997526,64.301,30.0,tertiary,1,1
9057,2093415486,6333312433,117.019,30.0,residential,1,0
9058,2093421792,282458173,49.634,50.0,residential,1,0
9059,2093421793,3699173912,51.098,30.0,residential,1,0
9060,2093421793,10301886577,41.690000000000005,30.0,residential,1,1
9061,2093444674,6420376496,85.29100000000001,50.0,residential,1,0
9062,2099662194,1474027237,40.617,50.0,residential,1,0
9063,2099662194,6017732745,79.352,30.0,living_street,1,0
9064,2099662194,3297221371,45.581,50.0,residential,1,0
9065,2103512155,1125973324,27.322,50.0,secondary,2,1
9066,2103512155,2103512157,29.853999999999996,50.0,secondary_link,1,1
9067,2103512157,560451830,57.458,50.0,tertiary,2,1
9068,2105338170,1931855347,27.797,30.0,living_street,1,0
9069,2105338170,2105338179,23.072,50.0,residential,1,0
9070,2105338170,2105338184,35.61,30.0,living_street,1,0
9071,2105338171,2105338184,41.89,50.0,residential,1,0
9072,2105338171,1931855330,34.342,50.0,residential,1,1
9073,2105338171,549243986,26.667,50.0,residential,1,0
9074,2105338171,3305523768,25.448999999999998,50.0,residential,1,0
9075,2105338177,6495095710,63.073,30.0,residential,1,0
9076,2105338178,2105338180,70.919,50.0,residential,1,0
9077,2105338178,13203696459,74.606,50.0,residential,1,1
9078,2105338179,2105338170,23.072,50.0,residential,1,0
9079,2105338179,1931855311,6.684,50.0,residential,1,0
9080,2105338179,1931855342,59.809,50.0,residential,1,0
9081,2105338180,8660335850,24.544,50.0,residential,1,0
9082,2105338180,1931855385,52.364,50.0,residential,1,1
9083,2105338180,2105338178,70.919,50.0,residential,1,0
9084,2105338184,2105338171,41.89,50.0,residential,1,0
9085,2105338184,6154187466,24.436,30.0,living_street,1,0
9086,2105338184,2105338170,35.61,30.0,living_street,1,0
9087,2105338185,1931855308,33.567,50.0,residential,1,0
9088,2105338185,1931855288,18.844,50.0,residential,1,0
9089,2105338185,6154187466,31.525,50.0,residential,1,0
9090,2105338186,13203696459,79.81700000000001,50.0,residential,1,0
9091,2108063239,6814585213,23.579,50.0,residential,1,0
9092,2108063239,580704387,38.376999999999995,50.0,residential,1,0
9093,2108063239,580706957,30.262,50.0,residential,1,0
9094,2108063253,580706963,68.935,50.0,residential,1,0
9095,2108063253,580704387,96.103,50.0,residential,1,0
9096,2108063253,12361383714,90.537,50.0,living_street,1,0
9097,2108063257,580710450,31.812,50.0,residential,1,1
9098,2108063257,1672351158,61.362,50.0,residential,1,1
9099,2108063278,580706970,12.329,30.0,residential,1,0
9100,2108063278,4170418936,145.667,50.0,residential,1,0
9101,2108063278,514350359,101.435,30.0,residential,1,0
9102,2108063290,2108063292,25.381999999999998,50.0,living_street,1,0
9103,2108063292,1383600404,8.383,30.0,residential,1,1
9104,2108063292,2108063290,25.381999999999998,50.0,living_street,1,0
9105,2108063293,1383600404,26.293,50.0,living_street,1,0
9106,2108063320,384675878,20.038,50.0,residential,1,1
9107,2108063320,2108063322,45.405,50.0,residential,1,0
9108,2108063321,2108063322,9.549,50.0,residential,1,0
9109,2108063322,2108063321,9.549,50.0,residential,1,0
9110,2108063322,2108063323,19.49,50.0,residential,1,0
9111,2108063322,2108063320,45.405,50.0,residential,1,0
9112,2108063323,384675878,44.82,30.0,residential,1,1
9113,2108063323,1383600407,42.627,50.0,residential,1,0
9114,2108063323,2108063322,19.49,50.0,residential,1,0
9115,2110321257,3497116035,56.428,50.0,tertiary,2,1
9116,2110321257,3497113664,9.067,50.0,tertiary,1,1
9117,2110321263,2110321286,31.592,50.0,tertiary,1,1
9118,2110321286,2299865150,39.198,50.0,residential,1,0
9119,2110321286,2110321257,11.559000000000001,50.0,tertiary,1,1
9120,2111226371,1121709466,17.652,50.0,tertiary,1,1
9121,2111226371,2481674067,22.703999999999997,50.0,tertiary_link,1,1
9122,2111226539,1936282478,121.06400000000001,30.0,residential,1,0
9123,2111357737,1143491616,21.288,50.0,secondary,1,1
9124,2111357746,289069626,28.86,50.0,secondary,1,1
9125,2111357746,2111357755,34.957,50.0,secondary_link,1,1
9126,2111357752,440061585,28.033,50.0,tertiary,1,1
9127,2111357752,2111357737,64.79100000000001,50.0,secondary_link,1,1
9128,2111357755,2111357758,21.14,50.0,tertiary,1,1
9129,2111357758,2111357774,147.363,30.0,tertiary,1,1
9130,2111357761,2111357752,18.316,50.0,tertiary,1,1
9131,2111357761,2111357758,11.229999999999999,50.0,tertiary_link,1,1
9132,2111357771,440061589,35.865,30.0,tertiary,1,1
9133,2111357771,2111357774,13.915,50.0,tertiary,1,1
9134,2111357774,289069630,7.2700000000000005,50.0,tertiary,1,1
9135,2111357786,2111357771,12.492,50.0,tertiary,1,1
9136,2111357789,1135232949,37.877,30.0,tertiary,1,1
9137,2111357789,2111357786,12.507,50.0,tertiary,1,1
9138,2111407133,1312275380,305.45799999999997,60.0,secondary,2,1
9139,2111407136,2481674130,193.07,50.0,secondary,1,1
9140,2111407142,1228134,18.705,50.0,secondary,2,1
9141,2111407142,2111407136,26.055999999999997,50.0,secondary_link,1,1
9142,2111407157,849338631,9.776,50.0,secondary,2,1
9143,2111407157,3997365733,20.457,50.0,secondary,3,1
9144,2112515489,3303125949,4.067,50.0,residential,1,0
9145,2112520118,2112520119,38.637,50.0,residential,1,0
9146,2112520119,2112520118,38.637,50.0,residential,1,0
9147,2112520119,365766143,76.327,30.0,residential,1,0
9148,2112520119,1931855342,31.422,30.0,residential,1,0
9149,2112530139,1931861654,54.587,50.0,residential,1,1
9150,2112530141,472591153,19.296999999999997,50.0,residential,1,1
9151,2112533191,1143770907,32.22,50.0,residential,2,0
9152,2112533191,580713872,85.402,50.0,residential,2,0
9153,2122492950,1271072916,12.749,50.0,residential,1,0
9154,2122492951,1271072917,58.465,30.0,residential,1,0
9155,2122980982,1574582562,72.759,50.0,residential,1,1
9156,2122980982,2122980995,99.808,50.0,residential,1,0
9157,2122980995,2122980982,99.808,50.0,residential,1,0
9158,2122980995,1574582446,107.447,50.0,tertiary,1,1
9159,2129877241,2129877242,11.634,30.0,residential,1,0
9160,2129877241,563994060,6.272,50.0,primary,2,1
9161,2129877242,2129877241,11.634,30.0,residential,1,0
9162,2129877242,345413509,159.80800000000002,50.0,primary,2,1
9163,2129877242,1116194458,87.344,30.0,residential,1,0
9164,2129877248,2129877257,74.533,50.0,living_street,1,0
9165,2129877250,564007426,9.029,50.0,primary,2,1
9166,2129877250,2129877283,109.783,30.0,tertiary,1,1
9167,2129877252,1116134850,96.033,30.0,living_street,1,0
9168,2129877252,1116162215,99.699,30.0,living_street,1,0
9169,2129877252,2129877256,92.672,50.0,living_street,1,0
9170,2129877253,2129877256,9.003,30.0,residential,1,0
9171,2129877253,2481705167,81.226,30.0,residential,1,0
9172,2129877253,2129877257,79.423,50.0,living_street,1,0
9173,2129877256,2129877253,9.003,30.0,residential,1,0
9174,2129877256,2129877252,92.672,50.0,living_street,1,0
9175,2129877256,2129877285,86.089,30.0,residential,1,0
9176,2129877257,2129877248,74.533,50.0,living_street,1,0
9177,2129877257,2129877253,79.423,50.0,living_street,1,0
9178,2129877257,2129877259,42.941,50.0,living_street,1,0
9179,2129877257,1116119370,77.135,50.0,living_street,1,0
9180,2129877259,2129877257,42.941,50.0,living_street,1,0
9181,2129877283,1116119362,96.836,30.0,residential,1,0
9182,2129877283,1116119359,8.985,30.0,residential,1,0
9183,2129877283,2083793974,122.417,30.0,tertiary,1,1
9184,2129877284,2129877288,8.522,50.0,living_street,1,0
9185,2129877284,1116119370,8.951,50.0,living_street,1,0
9186,2129877284,2129877289,33.823,50.0,living_street,1,0
9187,2129877285,1116134835,4.421,30.0,residential,1,0
9188,2129877285,2129877256,86.089,30.0,residential,1,0
9189,2129877285,2129877289,63.539,30.0,living_street,1,0
9190,2129877288,2129877284,8.522,50.0,living_street,1,0
9191,2129877288,2129877289,13.588,50.0,living_street,1,0
9192,2129877288,2083793965,84.924,30.0,living_street,1,0
9193,2129877289,2129877285,63.539,30.0,living_street,1,0
9194,2129877289,2129877288,13.588,50.0,living_street,1,0
9195,2129877289,2129877284,33.823,50.0,living_street,1,0
9196,2129877296,1116134835,55.658,30.0,residential,1,0
9197,2129877329,1261466808,18.904,30.0,residential,1,0
9198,2129877329,1116134811,88.279,30.0,residential,1,0
9199,2129877340,1261466808,19.396,30.0,residential,1,1
9200,2129877340,2129877329,24.548000000000002,50.0,residential,1,1
9201,2129877350,346147978,75.394,30.0,residential,1,0
9202,2129877350,2129877340,136.172,30.0,residential,1,1
9203,2131481193,290034661,11.512,50.0,primary,2,1
9204,2131481215,2091831613,39.473,30.0,tertiary,1,1
9205,2131481215,940859765,11.468,30.0,tertiary,1,1
9206,2131481218,2131481256,100.478,30.0,residential,1,0
9207,2131481218,940859765,114.41300000000001,30.0,tertiary,1,1
9208,2131481227,346148263,12.735,50.0,secondary,3,1
9209,2131481227,2131481218,65.325,30.0,tertiary,1,1
9210,2131481256,2131481218,100.478,30.0,residential,1,0
9211,2131481257,1240311904,8.462,50.0,residential,1,0
9212,2131481257,1238907403,78.108,30.0,residential,1,0
9213,2131481257,581984981,173.04899999999998,30.0,residential,1,0
9214,2131481303,1215250895,17.204,30.0,residential,1,0
9215,2131481303,564014016,126.255,30.0,residential,1,0
9216,2131481303,2131481340,144.21399999999997,30.0,residential,2,0
9217,2131481313,2131481340,90.142,30.0,residential,1,0
9218,2131481340,2131481303,144.21399999999997,30.0,residential,2,0
9219,2131481340,581979915,101.86,30.0,residential,2,0
9220,2131481340,2131481313,90.142,30.0,residential,1,0
9221,2131481358,581970846,15.836,50.0,tertiary,1,0
9222,2131481358,10568511033,429.659,50.0,secondary,1,1
9223,2131481365,2131481376,317.23199999999997,50.0,secondary,1,1
9224,2131481376,4088996516,48.16299999999999,50.0,secondary,1,1
9225,2131481376,2131481379,75.255,50.0,secondary,1,1
9226,2131481379,2131481384,186.615,50.0,secondary,1,1
9227,2131481384,2131481385,29.832,50.0,secondary,1,1
9228,2131481384,2111407133,38.638000000000005,50.0,secondary_link,1,1
9229,2131481385,2111407133,23.165,60.0,secondary,2,1
9230,2131481385,3497113661,16.759,50.0,secondary,2,1
9231,2133110682,1271072917,41.951,30.0,residential,1,0
9232,2133110682,12573637095,10.597000000000001,30.0,residential,1,1
9233,2133110716,346147659,11.746,30.0,residential,1,0
9234,2133110716,2133110729,84.239,30.0,residential,1,1
9235,2133110729,346147630,9.701,30.0,residential,1,0
9236,2133110729,2134290836,60.367000000000004,30.0,residential,1,0
9237,2133110742,2133110820,173.84300000000002,50.0,"['residential', 'living_street']",1,0
9238,2133110773,346147376,101.033,30.0,residential,1,1
9239,2133110773,5318369258,146.16299999999998,30.0,residential,1,0
9240,2133110805,2133110836,68.198,50.0,residential,1,0
9241,2133110805,2133110773,129.80700000000002,30.0,residential,1,1
9242,2133110820,2083794118,65.457,30.0,residential,2,0
9243,2133110820,581974471,272.96000000000004,30.0,residential,2,0
9244,2133110820,2133110742,173.843,50.0,"['residential', 'living_street']",1,0
9245,2133110836,2133110805,68.19800000000001,50.0,residential,1,0
9246,2133458880,1574692632,39.271,50.0,residential,1,1
9247,2133458880,13373517502,28.813000000000002,50.0,residential,1,0
9248,2133458881,1574692892,55.18,50.0,residential,1,1
9249,2133458881,13373517503,12.249,50.0,residential,1,0
9250,2133466502,6035020757,24.327,50.0,residential,1,0
9251,2133470403,3985298559,31.676,50.0,residential,1,0
9252,2133470403,12110076470,65.17099999999999,50.0,residential,1,0
9253,2133476077,412528048,16.853,30.0,residential,1,1
9254,2133476077,2133476079,52.705999999999996,50.0,residential,1,0
9255,2133476079,412528771,43.39,50.0,residential,1,1
9256,2133476079,2133476077,52.705999999999996,50.0,residential,1,0
9257,2133478738,1628430692,36.765,50.0,residential,1,0
9258,2133478738,580706970,28.618,50.0,residential,1,0
9259,2133478738,2133478740,63.263,50.0,residential,1,0
9260,2133478740,2133478738,63.263,50.0,residential,1,0
9261,2133478740,12114425942,35.334,50.0,residential,1,0
9262,2133478740,2133478741,39.046,50.0,residential,1,0
9263,2133478741,2133478740,39.046,50.0,residential,1,0
9264,2133500408,440061684,195.696,30.0,residential,1,0
9265,2133503416,440062021,106.843,30.0,residential,1,0
9266,2134290416,1240311907,8.893,50.0,residential,1,0
9267,2134290416,940859958,129.1,30.0,residential,1,1
9268,2134290434,1240311914,182.05,50.0,residential,1,0
9269,2134290434,1240311907,70.013,30.0,residential,1,1
9270,2134290450,2134290522,77.183,50.0,living_street,1,0
9271,2134290450,346148262,108.98899999999999,30.0,residential,1,0
9272,2134290450,2134290473,101.142,30.0,residential,1,0
9273,2134290473,1240311902,9.852,30.0,residential,1,0
9274,2134290473,2134290450,101.142,30.0,residential,1,0
9275,2134290473,2134290628,165.98,50.0,living_street,1,1
9276,2134290522,2134290533,40.744,50.0,living_street,1,0
9277,2134290522,2134290561,68.683,50.0,living_street,1,0
9278,2134290522,2134290450,77.183,50.0,living_street,1,0
9279,2134290533,2134290522,40.744,50.0,living_street,1,0
9280,2134290548,564008104,12.139,30.0,residential,1,0
9281,2134290548,2134290648,90.424,30.0,residential,1,1
9282,2134290555,2134290561,19.337,30.0,residential,1,0
9283,2134290561,2134290522,68.683,50.0,living_street,1,0
9284,2134290561,2134290555,19.337,30.0,residential,1,0
9285,2134290561,564009112,39.987,30.0,residential,1,0
9286,2134290583,2134290624,61.557,30.0,residential,1,0
9287,2134290583,564009112,2.825,30.0,residential,1,0
9288,2134290583,2134290533,77.648,50.0,living_street,1,1
9289,2134290624,2134290628,8.845,30.0,residential,1,0
9290,2134290624,2134290583,61.557,30.0,residential,1,0
9291,2134290624,2134290711,80.531,30.0,residential,1,0
9292,2134290628,2134290653,26.402,30.0,residential,1,0
9293,2134290628,2134290624,8.845,30.0,residential,1,0
9294,2134290648,564008107,8.112,30.0,residential,1,0
9295,2134290648,2134290653,20.677,30.0,residential,1,1
9296,2134290653,2134290628,26.402,30.0,residential,1,0
9297,2134290653,564008107,28.884999999999998,50.0,residential,1,1
9298,2134290673,2134290717,88.667,30.0,residential,1,0
9299,2134290673,564008107,33.61,30.0,residential,1,0
9300,2134290673,2083794026,71.358,30.0,residential,1,0
9301,2134290711,2134290624,80.531,30.0,residential,1,0
9302,2134290717,2134290673,88.667,30.0,residential,1,0
9303,2134290717,2083794034,77.036,30.0,residential,1,0
9304,2134290717,2083794073,67.28999999999999,30.0,residential,1,0
9305,2134290766,2134290786,23.943,30.0,residential,1,0
9306,2134290767,2134290836,125.77199999999999,50.0,living_street,1,0
9307,2134290786,2134290822,22.759,30.0,residential,1,0
9308,2134290786,2134290766,23.943,30.0,residential,1,0
9309,2134290786,564014016,68.19099999999999,30.0,residential,1,0
9310,2134290814,2083794073,91.471,30.0,residential,1,0
9311,2134290814,1271251209,105.00500000000001,50.0,residential,1,1
9312,2134290822,2134290786,22.759,30.0,residential,1,0
9313,2134290822,2134290836,37.385,30.0,residential,1,0
9314,2134290822,2134290878,170.258,30.0,residential,1,0
9315,2134290836,2134290822,37.385,30.0,residential,1,0
9316,2134290836,2133110729,60.367000000000004,30.0,residential,1,0
9317,2134290836,2134290767,125.772,50.0,living_street,1,0
9318,2134290878,2134290822,170.258,30.0,residential,1,0
9319,2134802043,13203696493,36.166,50.0,residential,1,0
9320,2134824776,1931855324,31.449,50.0,residential,1,1
9321,2134824776,13203696493,32.101,50.0,residential,1,0
9322,2134830762,13203655953,24.247,50.0,residential,1,1
9323,2134830762,2105338178,88.933,50.0,residential,1,1
9324,2136690477,2303015627,380.27799999999996,50.0,residential,1,1
9325,2136690477,12768324059,317.391,50.0,residential,1,0
9326,2136690477,985870183,460.59400000000005,50.0,residential,1,0
9327,2136690492,2136693098,14.486,30.0,residential,1,1
9328,2136690492,10942994767,23.264999999999997,30.0,residential,1,1
9329,2136693098,2136693109,21.691,30.0,residential,1,1
9330,2136693104,2136690492,14.568999999999999,30.0,residential,1,1
9331,2136693109,10968410581,84.861,30.0,residential,1,1
9332,2136693109,2136693104,18.209,30.0,residential,1,1
9333,2137606211,8914420752,102.207,50.0,tertiary,1,1
9334,2138044997,6432694165,21.658,50.0,tertiary,1,1
9335,2138044997,352935966,8.108,50.0,tertiary,1,1
9336,2138044998,412518425,25.369,50.0,tertiary,2,0
9337,2138044998,2138045001,42.571,50.0,tertiary,1,1
9338,2138045001,2138044997,7.361,50.0,tertiary,1,1
9339,2138045001,332205122,83.95299999999999,50.0,tertiary,1,1
9340,2138045002,340005875,6.516,50.0,tertiary,1,1
9341,2138045002,352935966,71.52,50.0,tertiary,1,1
9342,2138045004,332205122,16.508,50.0,tertiary,1,1
9343,2138045004,441130108,56.914,50.0,tertiary,1,1
9344,2138045005,1227328,5.567,50.0,secondary,1,1
9345,2138045005,2777011573,114.23499999999999,50.0,tertiary,1,1
9346,2138045009,2138045005,7.105,50.0,tertiary,1,1
9347,2138045009,289089574,185.60399999999998,30.0,residential,1,1
9348,2138045009,339420952,92.28,50.0,secondary,1,1
9349,2139243366,1995922151,103.095,50.0,residential,1,1
9350,2139243366,5838110301,47.814,50.0,residential,1,0
9351,2139243366,286643420,71.346,50.0,residential,1,1
9352,2139244073,7052661053,41.466,50.0,residential,1,0
9353,2139244073,2470061837,39.248,50.0,residential,1,1
9354,2139449344,2139449353,28.651,50.0,residential,1,0
9355,2139449344,2279187182,15.235,50.0,residential,1,1
9356,2139449344,340125176,426.03499999999997,50.0,residential,1,0
9357,2139449353,7006119053,90.491,50.0,residential,1,0
9358,2139449353,2139449344,28.651,50.0,residential,1,0
9359,2139449387,2279187182,40.115,60.0,secondary,3,1
9360,2139449387,2139449353,17.688,50.0,residential,1,1
9361,2141532006,6269788099,58.788,50.0,residential,1,1
9362,2141532014,357504498,164.57600000000002,30.0,residential,1,1
9363,2141532014,33388446,150.936,50.0,secondary,3,1
9364,2141534223,1203668142,23.17,50.0,secondary,3,1
9365,2141534223,2141534228,32.782,50.0,secondary_link,1,1
9366,2141534228,1203668156,80.389,50.0,residential,1,1
9367,2143632939,2143632943,73.938,50.0,secondary,2,1
9368,2143632939,289496750,9.934,30.0,residential,1,1
9369,2143632941,2143632943,8.244,30.0,residential,1,1
9370,2143632941,289496750,68.956,50.0,secondary,2,1
9371,2143632943,2374499611,178.961,50.0,secondary,2,1
9372,2143649635,2203137266,113.009,50.0,residential,1,0
9373,2143649635,2143649655,64.282,50.0,residential,1,1
9374,2143649655,289498191,72.726,50.0,secondary,2,1
9375,2144017077,2144017079,16.161,50.0,tertiary,2,1
9376,2144017077,311001030,72.01199999999999,50.0,tertiary,2,1
9377,2144017079,4166597202,7.362,50.0,tertiary,1,1
9378,2144017079,2144017093,86.759,50.0,tertiary,1,1
9379,2144017081,384662704,93.519,50.0,tertiary,1,1
9380,2144017081,332206685,15.902999999999999,50.0,tertiary,2,1
9381,2144017091,2473987480,8.619,50.0,tertiary,3,1
9382,2144017093,352934500,13.279,50.0,residential,1,1
9383,2144017093,2473987482,102.93199999999999,50.0,tertiary,1,1
9384,2144017098,352934669,47.864000000000004,50.0,tertiary,1,0
9385,2144017098,1627580,183.209,50.0,tertiary,1,1
9386,2144017098,2144024860,176.962,50.0,tertiary,1,1
9387,2144024859,412702687,78.40899999999999,30.0,residential,1,1
9388,2144024859,412520369,263.442,50.0,tertiary,1,1
9389,2144024860,33388440,16.817,50.0,tertiary,1,1
9390,2144241315,1627584,15.166,50.0,tertiary,3,1
9391,2144241315,4031900544,17.997,50.0,tertiary_link,1,1
9392,2144241315,4031900533,29.845000000000002,30.0,tertiary,1,1
9393,2144241316,2144241319,37.459,50.0,tertiary,1,1
9394,2144241316,1329372,196.594,50.0,tertiary,2,0
9395,2144241319,2144241315,13.322,50.0,tertiary,1,1
9396,2144241319,3686260550,213.873,50.0,tertiary,3,1
9397,2144241320,2144241315,55.7,50.0,tertiary,3,1
9398,2144241320,4031900533,67.51,50.0,tertiary_link,1,1
9399,2144242207,4031900544,72.001,50.0,tertiary,3,1
9400,2149039600,2149039637,10.667,50.0,secondary,3,1
9401,2149039600,2309144518,116.162,50.0,tertiary,1,1
9402,2149039616,2149039648,11.144,50.0,tertiary,2,1
9403,2149039616,2992968902,196.502,50.0,motorway_link,1,1
9404,2149039623,316022675,389.229,50.0,secondary,3,1
9405,2149039626,2149039623,252.966,50.0,secondary_link,2,1
9406,2149039626,2149039637,116.99300000000001,50.0,tertiary,3,1
9407,2149039636,2149039616,11.124,50.0,motorway_link,2,1
9408,2149039636,2149039626,119.541,50.0,tertiary,2,1
9409,2149039637,345401922,17.414,50.0,tertiary,2,1
9410,2149039637,2149039623,177.062,50.0,secondary,3,1
9411,2149039648,2149039636,12.678,50.0,motorway_link,2,1
9412,2149039648,1253870087,37.231,50.0,tertiary,2,1
9413,2160093352,440062847,27.26,50.0,residential,1,1
9414,2160093352,2141532006,12.974,50.0,residential,1,1
9415,2166644193,444731120,282.231,30.0,tertiary,1,1
9416,2166644193,339420506,24.221,50.0,secondary,1,1
9417,2169645264,342292262,45.003,50.0,primary,1,1
9418,2169645264,1212524600,64.50200000000001,50.0,primary_link,1,1
9419,2191443170,2191443261,355.53,50.0,residential,1,0
9420,2191443170,12832977519,95.103,50.0,residential,1,1
9421,2191443261,2191443170,355.53,50.0,residential,1,0
9422,2196477116,553058295,122.388,50.0,motorway_link,1,1
9423,2196477116,34653719,102.267,50.0,motorway_link,5,1
9424,2196477157,318182418,18.391,50.0,secondary,3,1
9425,2196477269,2216948230,534.246,70.0,secondary,3,1
9426,2196477278,2449285214,29.920000000000005,50.0,secondary,2,1
9427,2196477278,2196477157,85.35300000000001,50.0,secondary,3,1
9428,2196477282,6276721019,138.371,50.0,secondary,2,1
9429,2196477282,318183193,72.95,50.0,secondary_link,1,1
9430,2196477334,318182416,97.24299999999998,50.0,secondary,4,1
9431,2196477334,318182648,213.86100000000002,70.0,secondary,3,1
9432,2199109109,440062009,96.63,30.0,residential,1,0
9433,2203137266,3525081283,8.634,50.0,residential,1,0
9434,2203137266,2143649635,113.009,50.0,residential,1,0
9435,2203137266,9709113975,66.277,50.0,residential,2,1
9436,2203627170,412272584,76.723,50.0,tertiary,1,1
9437,2203627185,4865879049,19.911,50.0,tertiary,1,1
9438,2203627185,343324430,72.67699999999999,50.0,tertiary,2,1
9439,2203627190,343324964,20.398,30.0,residential,1,0
9440,2203627190,352937807,72.184,30.0,residential,1,0
9441,2203627198,343324836,16.716,50.0,tertiary,1,1
9442,2203627198,2203627190,141.78099999999998,30.0,residential,1,1
9443,2203627202,6060497153,85.256,50.0,tertiary,1,1
9444,2203627202,558728531,23.480999999999998,30.0,residential,1,0
9445,2203631392,1627550,16.782,50.0,tertiary,1,1
9446,2213119641,534365212,130.96,50.0,primary,2,1
9447,2213119647,591891355,334.33299999999997,50.0,motorway_link,2,1
9448,2216120240,540448524,114.556,50.0,tertiary,1,0
9449,2216120240,365769873,15.026,50.0,tertiary,1,0
9450,2216120256,540437762,12.676,50.0,tertiary,1,1
9451,2216120256,540439896,135.909,50.0,residential,1,0
9452,2216127673,540438328,82.57,50.0,tertiary,1,1
9453,2216948191,2216948231,12.236,50.0,tertiary,2,1
9454,2216948191,2216948198,18.240000000000002,50.0,tertiary_link,1,1
9455,2216948193,2216948231,10.089,50.0,tertiary,1,1
9456,2216948193,2216964326,297.083,50.0,tertiary,4,1
9457,2216948198,2216948207,192.878,50.0,tertiary,1,1
9458,2216948203,2216976744,115.68400000000001,50.0,tertiary,1,1
9459,2216948203,1931836970,133.124,50.0,residential,1,0
9460,2216948205,540444301,121.74799999999999,50.0,tertiary,2,1
9461,2216948207,540444301,11.84,30.0,residential,1,0
9462,2216948207,2216948203,9.947,50.0,tertiary,1,1
9463,2216948224,318762264,10.415,50.0,tertiary,2,1
9464,2216948224,2216948239,23.203000000000003,50.0,tertiary_link,1,1
9465,2216948230,318867560,44.646,70.0,secondary,2,1
9466,2216948230,2216948205,56.364000000000004,50.0,secondary_link,1,1
9467,2216948231,318762264,10.016,50.0,tertiary,1,1
9468,2216948231,2216948198,13.057,50.0,tertiary,1,1
9469,2216948239,924516738,168.06,50.0,tertiary,1,1
9470,2216956969,2216956978,141.962,50.0,tertiary,2,1
9471,2216956972,799423519,31.16,50.0,tertiary,1,1
9472,2216956972,12982676309,82.411,50.0,tertiary,2,1
9473,2216956973,318762050,13.842,50.0,secondary,2,1
9474,2216956973,2216956969,42.18,50.0,tertiary,2,1
9475,2216956975,6154187445,35.703,70.0,secondary,2,1
9476,2216956975,2216956973,16.363,50.0,tertiary,1,1
9477,2216956978,540439906,99.517,50.0,residential,1,0
9478,2216956978,799423519,81.802,50.0,tertiary,1,1
9479,2216964297,11018836787,17.805,50.0,tertiary,1,1
9480,2216964297,549254120,13.07,50.0,tertiary_link,1,1
9481,2216964312,2618788152,184.994,50.0,secondary,3,1
9482,2216964320,924516738,15.26,50.0,tertiary,1,1
9483,2216964320,2216948193,194.14,50.0,tertiary,3,1
9484,2216964326,2216964345,10.615,50.0,tertiary,4,1
9485,2216964326,1575611204,334.048,50.0,secondary,4,1
9486,2216964345,409835472,11.298,50.0,secondary,3,1
9487,2216964345,2216964297,197.78500000000003,50.0,tertiary,2,1
9488,2216964347,540433176,11.364,50.0,residential,1,0
9489,2216964347,2216970907,49.065,50.0,tertiary,1,1
9490,2216964355,2216964312,37.264,50.0,secondary_link,1,1
9491,2216964355,409835472,25.816,50.0,tertiary,4,1
9492,2216970907,2216970909,23.741,50.0,tertiary,1,0
9493,2216970907,540433176,49.034,50.0,tertiary,1,1
9494,2216970909,2216970907,23.741,50.0,tertiary,1,0
9495,2216970909,540432924,118.54499999999999,50.0,tertiary,1,0
9496,2216976744,6154187445,48.754999999999995,50.0,secondary_link,1,1
9497,2216976744,2216956975,30.565,50.0,tertiary,1,1
9498,2216978328,8717879067,51.507,50.0,secondary_link,1,1
9499,2216978328,318867658,33.372,50.0,secondary,3,1
9500,2216978329,9975639454,39.758,50.0,secondary,3,1
9501,2216978332,318867646,32.642,70.0,secondary,4,1
9502,2216978332,2216978329,43.830000000000005,50.0,secondary_link,1,1
9503,2216988420,540439101,30.965,50.0,residential,1,0
9504,2217011847,2365358069,14.302,50.0,tertiary,3,0
9505,2217011847,2515962059,45.688,50.0,tertiary,1,1
9506,2217011847,1931841483,138.652,50.0,residential,1,1
9507,2217011847,357529280,147.674,50.0,tertiary,2,0
9508,2217040457,2217040462,23.281000000000002,50.0,secondary_link,1,1
9509,2217040457,2470035560,27.027,50.0,secondary,2,1
9510,2217040462,357535066,81.732,50.0,tertiary,1,1
9511,2219832310,417772569,59.064,50.0,residential,1,1
9512,2219832310,420270888,149.48499999999999,50.0,residential,1,0
9513,2225766256,549268900,80.827,50.0,tertiary,1,1
9514,2225823711,35288643,19.172,50.0,tertiary,2,1
9515,2225823711,2225823718,28.567,50.0,secondary_link,1,1
9516,2225823713,343611361,29.597,50.0,secondary,2,1
9517,2225823713,2225823720,36.336,50.0,secondary_link,1,1
9518,2225823718,352938161,86.867,50.0,secondary,2,1
9519,2225823720,35288642,102.70899999999999,50.0,tertiary,1,1
9520,2225831427,343611515,29.056,50.0,secondary,2,1
9521,2225831427,342365168,85.768,50.0,secondary,2,1
9522,2225885617,968515103,31.432000000000002,50.0,tertiary,3,1
9523,2225885617,2344624300,49.184000000000005,50.0,tertiary_link,1,1
9524,2225888376,2534429512,124.605,50.0,tertiary,2,1
9525,2229213067,267815053,101.34700000000001,50.0,tertiary,1,1
9526,2229213068,2229213067,34.703,50.0,tertiary_link,1,1
9527,2229213068,1627528,31.235,50.0,tertiary,1,1
9528,2229213521,332204765,60.224000000000004,50.0,tertiary,1,1
9529,2231332721,352937792,137.547,50.0,tertiary,1,1
9530,2235188150,2235188151,70.816,50.0,residential,1,0
9531,2235188151,2235188152,8.195,50.0,residential,1,0
9532,2235188151,2235188150,70.816,50.0,residential,1,0
9533,2235188151,1951242733,17.579,50.0,residential,1,0
9534,2235188152,2235188151,8.195,50.0,residential,1,0
9535,2235188159,2002569411,9.449,50.0,residential,1,1
9536,2235188159,318182101,206.92000000000002,50.0,tertiary,2,1
9537,2235188168,886143282,13.232,50.0,tertiary_link,1,1
9538,2235188168,2235188173,53.035,50.0,tertiary,1,1
9539,2235188173,1931858750,18.411,50.0,tertiary,2,0
9540,2235188173,886143282,43.58,50.0,tertiary,1,1
9541,2263114434,318183193,70.331,30.0,tertiary,2,0
9542,2263114434,3817373294,117.42599999999999,30.0,residential,1,0
9543,2263114434,3817373294,67.279,30.0,tertiary,2,0
9544,2264252012,1143763330,169.22699999999998,50.0,residential,1,0
9545,2264252012,540449079,60.285,50.0,residential,1,0
9546,2264252012,1143763276,161.44400000000002,50.0,residential,1,0
9547,2264252015,1143763276,6.829,50.0,residential,1,0
9548,2264252015,1474029217,27.436,30.0,living_street,1,0
9549,2264252017,365769816,12.131,50.0,tertiary,2,0
9550,2264252017,540436945,53.36600000000001,50.0,tertiary,1,0
9551,2264252017,549248494,120.812,50.0,tertiary,2,0
9552,2264923592,1931855339,57.226,50.0,residential,1,0
9553,2264923593,1931855372,5.202,50.0,residential,1,0
9554,2264923596,1931855372,16.259,50.0,residential,1,0
9555,2264923598,2004137777,5.711,50.0,residential,1,0
9556,2264923601,2004137808,14.52,50.0,residential,1,0
9557,2264948150,540449840,92.25200000000001,50.0,residential,1,0
9558,2266143436,3909311113,32.521,50.0,secondary,2,1
9559,2266143436,540440145,31.747000000000003,50.0,residential,1,1
9560,2266143438,540438827,19.500999999999998,50.0,tertiary,1,1
9561,2266143438,2266143441,16.368000000000002,50.0,residential,1,1
9562,2266143441,540438827,17.622,50.0,residential,1,1
9563,2266143441,540439471,145.202,50.0,residential,1,0
9564,2266143462,540439020,25.784,50.0,tertiary,1,1
9565,2266143462,2266143464,19.273,50.0,residential,1,1
9566,2266143464,540439020,19.217,50.0,residential,1,1
9567,2266143464,540439101,279.721,50.0,residential,1,0
9568,2268450648,384676006,10.93,50.0,residential,1,1
9569,2268450648,5957905806,45.968,50.0,residential,1,0
9570,2268450648,5957905808,23.109,50.0,residential,1,0
9571,2274162150,3985298558,30.961,50.0,residential,1,1
9572,2274162150,1628415520,85.67,50.0,living_street,1,1
9573,2279187182,282458426,127.84,60.0,secondary,4,1
9574,2294948482,540419855,22.045,50.0,residential,1,1
9575,2299865123,2299865150,73.5,50.0,residential,1,0
9576,2299865150,2299865123,73.5,50.0,residential,1,0
9577,2299865150,2110321286,39.198,50.0,residential,1,0
9578,2299865150,1672108864,365.857,50.0,residential,1,1
9579,2301848678,1127669612,334.7049999999999,50.0,tertiary,2,0
9580,2301848678,3609242086,37.867,50.0,tertiary,1,1
9581,2301848684,1192436472,48.43899999999999,50.0,tertiary,1,1
9582,2301848684,2612606596,257.76,50.0,tertiary,2,0
9583,2303015607,339428052,30.711000000000002,50.0,residential,2,1
9584,2303015607,2303015613,42.024,50.0,secondary_link,1,1
9585,2303015608,7006119060,237.535,50.0,residential,1,1
9586,2303015611,2303015608,44.21000000000001,50.0,secondary_link,1,1
9587,2303015611,361094742,30.79,60.0,secondary,3,1
9588,2303015613,2139449387,80.579,60.0,secondary,3,1
9589,2303015621,6337907153,8.601,70.0,tertiary,3,1
9590,2303015621,985869972,31.331,50.0,residential,1,1
9591,2303015625,985869969,137.04,70.0,tertiary,4,1
9592,2303015627,419737996,67.119,50.0,residential,1,1
9593,2303015627,2303015625,79.606,50.0,tertiary_link,1,1
9594,2303015630,2136690477,400.376,50.0,residential,1,1
9595,2303015634,419737965,51.887,70.0,tertiary,4,1
9596,2303015634,2303015630,89.15400000000001,50.0,tertiary_link,1,1
9597,2304907593,7996757599,8.103,50.0,secondary,2,1
9598,2304907593,9272060066,30.355,50.0,tertiary,1,1
9599,2309144518,2149039616,106.568,50.0,tertiary,2,1
9600,2309144530,282458435,24.284,70.0,trunk,4,1
9601,2310467934,2310467935,67.562,30.0,residential,1,0
9602,2310467934,581979915,205.72,30.0,residential,2,0
9603,2310467934,2083794011,160.04200000000003,30.0,residential,2,0
9604,2310467935,2310467934,67.562,30.0,residential,1,0
9605,2310467937,2083794011,137.008,30.0,residential,1,0
9606,2326837683,4239906732,243.747,50.0,primary,4,1
9607,2343721438,336102511,20.497,30.0,tertiary,1,1
9608,2344604151,1329704,15.262,50.0,tertiary,1,1
9609,2344604151,2344604158,16.869,50.0,secondary,4,1
9610,2344604154,1695279050,8.472,50.0,tertiary,2,1
9611,2344604154,1411567099,98.375,50.0,tertiary,2,1
9612,2344604156,1953636963,21.141,50.0,secondary_link,1,1
9613,2344604156,1366372695,14.656,50.0,tertiary,2,1
9614,2344604158,8319637684,18.881,50.0,secondary,4,1
9615,2344604161,2006016774,27.294999999999998,50.0,secondary_link,1,1
9616,2344604161,1697461106,20.524,50.0,tertiary,3,1
9617,2344624287,1252167908,52.254,50.0,secondary,4,1
9618,2344624293,3723792724,154.29099999999997,50.0,residential,1,0
9619,2344624293,2344624287,47.605999999999995,50.0,residential,1,1
9620,2344624300,2473987408,34.815,50.0,tertiary,2,1
9621,2344624315,2344624287,58.702,50.0,secondary,4,1
9622,2344624315,2344624293,47.995,50.0,residential,1,1
9623,2349733294,314749766,44.281,50.0,primary,2,1
9624,2349733294,11008394312,63.07600000000001,50.0,primary_link,1,1
9625,2349733321,3910502426,304.546,50.0,tertiary,2,0
9626,2349733321,354027676,78.62599999999999,60.0,tertiary,1,1
9627,2349733341,197469603,63.315,50.0,tertiary_link,1,1
9628,2349733341,2349733328,79.11,50.0,primary_link,1,1
9629,2365353763,2365353786,13.589,50.0,tertiary,1,1
9630,2365353763,1574582531,9.334,50.0,tertiary,1,1
9631,2365353778,384604491,39.457,50.0,tertiary,3,1
9632,2365353783,57046734,64.392,50.0,residential,2,1
9633,2365353786,1574582578,34.485,50.0,tertiary,2,1
9634,2365353799,10761678350,79.449,50.0,tertiary,3,0
9635,2365353799,3992803577,35.917,50.0,tertiary,3,0
9636,2365353799,2365353816,16.723,50.0,residential,1,1
9637,2365353816,681578494,108.188,50.0,residential,1,1
9638,2365358069,2217011847,14.302,50.0,tertiary,3,0
9639,2365358069,318759301,26.820999999999998,50.0,tertiary,1,1
9640,2365374912,1226885,140.10399999999998,50.0,secondary,6,1
9641,2373734838,3406707383,9.364,50.0,tertiary,2,1
9642,2373857201,1750275775,41.085,50.0,residential,1,1
9643,2373857201,1750275770,285.726,50.0,residential,2,0
9644,2373960339,339427555,19.958,50.0,residential,2,1
9645,2373960339,558703050,321.419,60.0,secondary,1,1
9646,2374499611,2374499621,97.912,50.0,secondary,1,1
9647,2374499611,340424076,11.259,50.0,residential,1,1
9648,2374499613,1683209667,68.82000000000001,50.0,tertiary,2,1
9649,2374499617,1574582513,14.498,50.0,tertiary,3,1
9650,2374499621,289498191,10.127,50.0,residential,1,0
9651,2374499621,343212330,87.078,50.0,secondary,2,1
9652,2374503289,1411567099,7.965,50.0,residential,1,0
9653,2374503289,1411567097,45.836,50.0,tertiary,2,1
9654,2374503289,1411567096,138.982,50.0,residential,1,0
9655,2379510922,2379510928,209.48399999999998,50.0,unclassified,1,0
9656,2379510928,2379510929,32.989,50.0,unclassified,1,0
9657,2379510928,1458980341,378.638,50.0,unclassified,1,0
9658,2379510928,2379510922,209.484,50.0,unclassified,1,0
9659,2379510929,2379510928,32.989,50.0,unclassified,1,0
9660,2380561349,1731265585,118.255,50.0,tertiary,2,1
9661,2380561349,9410757380,78.489,50.0,tertiary,2,1
9662,2380561396,412815787,11.141,50.0,residential,1,1
9663,2380561396,2380561349,73.237,50.0,tertiary,2,1
9664,2381515598,2470035560,7.448,50.0,secondary,1,1
9665,2381515598,1950406018,21.613999999999997,50.0,secondary,1,1
9666,2381576084,3717712396,44.252,50.0,tertiary,3,1
9667,2383595033,11059382591,166.149,50.0,secondary,2,1
9668,2384741926,334710408,8.994,50.0,tertiary,2,0
9669,2384741926,2474040359,171.277,50.0,residential,1,1
9670,2384741926,384691747,106.628,50.0,tertiary,2,0
9671,2390930262,1571763570,176.868,50.0,tertiary,1,1
9672,2390930262,1571656174,54.67,50.0,tertiary,2,0
9673,2403217894,34132762,66.997,30.0,residential,1,1
9674,2432701011,2432701015,65.69399999999999,50.0,secondary_link,2,1
9675,2432701011,312283187,47.932,50.0,secondary,3,1
9676,2432701015,342293399,336.025,60.0,secondary,3,1
9677,2435366215,1329719,10.514,50.0,tertiary,2,0
9678,2435366218,1329719,17.958,50.0,tertiary,2,0
9679,2435366218,2435366221,28.25,50.0,secondary_link,1,1
9680,2435366221,1329714,161.563,50.0,secondary,3,1
9681,2437717857,540431406,75.15,50.0,residential,1,1
9682,2437717857,2567910218,93.81800000000001,50.0,residential,1,1
9683,2437718004,540427737,15.081,50.0,tertiary,2,1
9684,2446033616,4139634056,12.435,50.0,living_street,1,0
9685,2449285214,2196477282,2.659,50.0,secondary,2,1
9686,2449285214,2449285218,95.43700000000001,50.0,residential,1,0
9687,2449285218,2449285214,95.437,50.0,residential,1,0
9688,2451939174,10981805276,558.791,50.0,living_street,1,0
9689,2460915968,540434379,151.673,50.0,residential,1,0
9690,2469720080,343211541,70.725,50.0,tertiary,2,0
9691,2469720080,290614029,76.033,50.0,tertiary,1,1
9692,2469720080,290614131,97.432,50.0,residential,1,1
9693,2469848036,1627580,6.991,50.0,tertiary,1,0
9694,2469848036,362654303,116.86599999999999,30.0,"['tertiary', 'residential']",1,1
9695,2469848068,2469848073,9.4,50.0,tertiary_link,1,1
9696,2469848068,384656323,8.863,50.0,residential,1,1
9697,2469848073,384662488,74.608,50.0,tertiary,1,1
9698,2469848123,340121936,133.82,30.0,residential,1,1
9699,2469848123,1941637469,86.302,50.0,residential,1,1
9700,2469848138,412403935,109.997,30.0,residential,1,1
9701,2469848138,1941637478,92.298,50.0,tertiary,1,1
9702,2469848149,2403217894,131.10199999999998,30.0,residential,1,1
9703,2469848149,29944865,199.036,50.0,tertiary,1,1
9704,2469848159,412399663,64.091,50.0,residential,1,1
9705,2469848159,2469848162,130.21499999999997,50.0,tertiary_link,1,1
9706,2469848162,367369362,115.544,50.0,tertiary,1,0
9707,2469848162,12771027382,22.673000000000002,50.0,tertiary_link,1,1
9708,2469958048,357504499,88.932,30.0,residential,1,1
9709,2469958048,315468520,70.126,50.0,residential,1,1
9710,2469958071,7769911996,83.46099999999998,30.0,residential,1,1
9711,2469958071,412521761,112.96199999999999,50.0,residential,2,0
9712,2469958092,2470061832,37.778,50.0,tertiary,3,0
9713,2469958092,681517403,55.797,50.0,tertiary,2,1
9714,2469958092,3992803577,56.942,50.0,tertiary,3,0
9715,2469958094,1574692795,75.902,50.0,tertiary,2,1
9716,2470035518,2225766256,16.113,50.0,tertiary,1,1
9717,2470035518,338658900,18.78,50.0,tertiary,1,1
9718,2470035520,2470035518,15.768,50.0,tertiary,1,1
9719,2470035520,2225766256,21.253999999999998,50.0,tertiary_link,1,1
9720,2470035532,1574692580,101.024,50.0,tertiary,1,1
9721,2470035560,2217040462,20.148,50.0,tertiary,1,1
9722,2470035560,2470035562,10.181,50.0,secondary,2,1
9723,2470035561,1931841493,6.619,50.0,residential,1,1
9724,2470035561,1143770884,50.974,50.0,secondary,2,1
9725,2470035562,580713872,66.187,50.0,residential,1,0
9726,2470035562,1931841493,93.958,50.0,secondary,2,1
9727,2470035562,2381515598,9.206,50.0,secondary,1,1
9728,2470061832,1628430724,41.198,50.0,tertiary,3,0
9729,2470061832,2469958092,37.778,50.0,tertiary,3,0
9730,2470061834,357500272,36.672,50.0,tertiary,3,0
9731,2470061834,2470061837,87.02399999999999,50.0,tertiary,3,0
9732,2470061837,286643444,37.17,50.0,tertiary,2,1
9733,2470061837,2470061834,87.024,50.0,tertiary,3,0
9734,2470061865,580704870,86.37,50.0,residential,1,1
9735,2470061865,705536611,80.443,50.0,tertiary,3,0
9736,2470061865,4141006990,153.276,50.0,tertiary,3,0
9737,2470061873,1208799499,57.289,50.0,tertiary,3,0
9738,2470061873,9307558594,20.578,50.0,tertiary,3,0
9739,2470061873,1208799508,32.171,30.0,residential,1,1
9740,2473987340,2344604151,12.805,50.0,secondary,1,1
9741,2473987340,2137606211,26.933,50.0,tertiary,1,1
9742,2473987367,1695279044,73.969,50.0,tertiary,2,1
9743,2473987367,7284338856,8.38,50.0,tertiary,2,1
9744,2473987374,1696731860,58.001000000000005,30.0,residential,1,0
9745,2473987382,2473987386,8.271,50.0,tertiary,1,1
9746,2473987382,1696757324,79.041,30.0,tertiary,1,1
9747,2473987386,386012533,9.448,30.0,tertiary,1,1
9748,2473987386,11155512365,29.442999999999998,50.0,tertiary,1,1
9749,2473987391,2225888376,27.744,50.0,tertiary,2,1
9750,2473987408,2473987431,100.536,50.0,tertiary,2,0
9751,2473987408,1696731803,70.973,30.0,residential,1,1
9752,2473987408,2473987412,22.3,50.0,tertiary,2,1
9753,2473987412,2225888376,50.981,50.0,tertiary_link,1,1
9754,2473987412,2473987391,42.48,50.0,tertiary,2,1
9755,2473987419,2473987431,22.328,50.0,tertiary_link,1,1
9756,2473987419,1696731860,17.155,30.0,residential,1,1
9757,2473987431,2473987408,100.536,50.0,tertiary,2,0
9758,2473987431,1696731860,18.159,50.0,tertiary,2,0
9759,2473987478,1227320,11.84,50.0,secondary,3,1
9760,2473987478,641134209,76.926,50.0,secondary,2,1
9761,2473987480,352934500,102.514,50.0,tertiary,2,1
9762,2473987480,2473987482,13.895,50.0,tertiary,2,1
9763,2473987480,352934158,223.858,50.0,tertiary,2,0
9764,2473987482,4166597195,71.918,50.0,tertiary,2,1
9765,2473987482,2144017091,9.026,50.0,tertiary,2,1
9766,2473987501,4166597195,13.709,50.0,tertiary,1,1
9767,2473987501,2144017091,65.34,50.0,tertiary,3,1
9768,2473987503,270490795,193.16199999999998,50.0,tertiary,1,1
9769,2473987503,2473987501,18.197000000000003,50.0,tertiary,2,1
9770,2473987515,2365353778,16.156,50.0,tertiary,3,1
9771,2473987515,34132755,101.87700000000001,50.0,tertiary,1,1
9772,2474040359,2144017098,189.866,50.0,tertiary,1,1
9773,2474040359,33388440,13.331,50.0,residential,1,1
9774,2475602290,340233156,92.721,30.0,secondary,2,1
9775,2475613573,681273909,341.857,50.0,tertiary,2,1
9776,2475613583,1312275221,22.84,50.0,tertiary,2,1
9777,2475613583,2475613573,33.827000000000005,50.0,tertiary_link,1,1
9778,2481674067,1121709466,16.305,30.0,residential,2,0
9779,2481674067,563945410,219.10500000000002,30.0,residential,2,0
9780,2481674083,1688194239,11.709,50.0,tertiary,2,1
9781,2481674083,2481674085,298.889,50.0,secondary,1,1
9782,2481674085,2481674094,45.517,50.0,secondary_link,1,1
9783,2481674085,4088996516,35.696,50.0,secondary,1,1
9784,2481674091,33956085,204.773,50.0,tertiary,1,1
9785,2481674094,290034699,174.82999999999998,50.0,secondary,1,1
9786,2481674098,563951867,82.7,50.0,tertiary,1,1
9787,2481674102,1688194239,300.187,50.0,secondary,1,1
9788,2481674130,2481674102,54.576,50.0,secondary_link,1,1
9789,2481674130,4088996516,45.881,50.0,secondary,1,1
9790,2481705161,744759701,24.194,50.0,residential,1,1
9791,2481705161,2481705182,213.702,30.0,residential,1,0
9792,2481705165,1228338,25.412,50.0,primary,2,1
9793,2481705165,563997181,9.352,30.0,tertiary,1,1
9794,2481705167,2129877253,81.226,30.0,residential,1,0
9795,2481705167,345413509,17.331,30.0,residential,1,0
9796,2481705167,2481705189,27.595,50.0,primary_link,1,1
9797,2481705169,2083793939,46.293,30.0,residential,1,0
9798,2481705169,2083793942,65.885,30.0,residential,1,0
9799,2481705169,2481705181,157.018,30.0,residential,1,0
9800,2481705172,563997526,11.93,30.0,residential,1,0
9801,2481705172,2481705237,104.96199999999999,30.0,tertiary,1,1
9802,2481705181,2083793939,46.335,30.0,residential,1,0
9803,2481705181,2481705169,157.01799999999997,30.0,residential,1,0
9804,2481705181,2481705182,50.835,30.0,residential,1,0
9805,2481705182,2481705218,53.660000000000004,30.0,residential,1,0
9806,2481705182,2481705181,50.835,30.0,residential,1,0
9807,2481705182,2481705161,213.70200000000003,30.0,residential,1,0
9808,2481705189,6427604013,101.9,50.0,primary,2,1
9809,2481705198,7160499215,302.499,50.0,tertiary,2,1
9810,2481705218,2481705182,53.660000000000004,30.0,residential,1,0
9811,2481705225,563997191,23.634,50.0,primary,2,1
9812,2481705225,563997523,26.542,50.0,primary_link,1,1
9813,2481705226,2481705235,22.938000000000002,50.0,primary_link,1,1
9814,2481705226,534365215,40.203,50.0,primary,2,1
9815,2481705235,684521376,43.296,30.0,residential,1,0
9816,2481705235,534376075,34.394,50.0,primary_link,1,1
9817,2481705237,1228338,32.289,50.0,primary_link,1,1
9818,2481705237,2481705165,15.122,30.0,tertiary,1,1
9819,2481705244,2481705161,26.238,50.0,residential,1,1
9820,2481705244,744759701,16.413,50.0,primary,2,1
9821,2485930974,5264234782,49.964,30.0,tertiary,1,0
9822,2485930974,415447033,45.304,30.0,tertiary,1,0
9823,2485930974,958070877,225.644,30.0,residential,1,0
9824,2485930975,958441421,104.432,30.0,residential,1,0
9825,2485930977,958070877,26.58,30.0,residential,1,0
9826,2490677639,563949008,159.367,30.0,residential,1,1
9827,2490677639,355867280,75.069,30.0,residential,1,0
9828,2490677649,563961083,38.84,30.0,residential,1,0
9829,2490677649,1288187378,84.077,30.0,residential,1,0
9830,2490677651,1288216857,70.758,30.0,residential,1,1
9831,2490677651,1288209090,8.292,30.0,residential,1,1
9832,2490677655,1288187378,33.084,30.0,residential,1,0
9833,2490677655,563953294,6.061,30.0,residential,1,0
9834,2490677655,563953312,101.981,30.0,residential,1,1
9835,2490677664,684521363,7.115,30.0,residential,1,1
9836,2490677664,684521278,180.744,30.0,residential,1,1
9837,2493584573,2493584577,93.312,50.0,residential,1,1
9838,2493584573,1571656623,48.181000000000004,50.0,residential,1,0
9839,2493584577,1571764034,70.118,50.0,residential,1,0
9840,2493584577,2493584662,59.23500000000001,50.0,residential,1,1
9841,2493584617,11111183722,14.189,50.0,tertiary,1,1
9842,2493584617,33956079,15.855,50.0,tertiary,2,1
9843,2493584635,1571656174,48.111000000000004,50.0,tertiary,1,1
9844,2493584635,2493584662,127.341,50.0,residential,1,1
9845,2493584662,2493584573,7.661,50.0,residential,1,1
9846,2493918001,286542526,119.953,50.0,tertiary,2,1
9847,2493918012,2493584617,14.314,50.0,tertiary,2,1
9848,2493918012,11111183722,19.02,50.0,tertiary_link,1,1
9849,2496365203,3699173878,95.536,50.0,tertiary,4,1
9850,2509747192,11059382591,68.441,50.0,secondary,3,0
9851,2509747192,1200021239,35.204,50.0,secondary,2,0
9852,2515962026,2515962044,20.881,50.0,residential,2,1
9853,2515962026,540434578,56.596000000000004,50.0,secondary,2,1
9854,2515962027,2515962046,20.969,50.0,tertiary_link,1,1
9855,2515962027,514532018,21.851,50.0,tertiary,1,1
9856,2515962041,540434571,56.143,50.0,residential,1,0
9857,2515962041,540433473,9.171,50.0,residential,1,0
9858,2515962041,2515962026,150.322,50.0,residential,2,1
9859,2515962043,472591117,60.065,50.0,tertiary,1,0
9860,2515962043,2216120240,17.424,50.0,tertiary_link,1,1
9861,2515962043,365769873,15.636,50.0,tertiary,1,0
9862,2515962044,540433475,8.943,50.0,secondary,3,1
9863,2515962044,4637004586,66.01599999999999,50.0,residential,1,1
9864,2515962046,514541475,76.364,30.0,tertiary,1,1
9865,2515962059,318759300,12.195,50.0,tertiary,3,0
9866,2515962059,11042689312,82.021,50.0,tertiary,3,0
9867,2532326726,9970549279,176.18400000000003,50.0,secondary,1,1
9868,2534429512,968515113,87.906,50.0,tertiary,1,1
9869,2534433980,3990123466,53.234,50.0,tertiary,2,1
9870,2534433980,2534433988,42.359,50.0,residential,1,0
9871,2534433988,2534433980,42.359,50.0,residential,1,0
9872,2541845407,3868299947,169.86499999999998,30.0,residential,1,1
9873,2541845407,2474040359,93.073,50.0,tertiary,1,1
9874,2554825139,415449529,236.15800000000002,30.0,residential,1,0
9875,2554825139,2554825148,57.043,30.0,residential,1,1
9876,2554825148,415449695,27.483,30.0,residential,1,0
9877,2554825148,2554825139,50.278999999999996,30.0,residential,1,1
9878,2558916051,9258097268,8.153,50.0,residential,1,1
9879,2558916051,11042689310,26.250999999999998,50.0,tertiary,1,1
9880,2559090308,2559090345,12.043,50.0,residential,1,0
9881,2559090345,412870573,37.221,30.0,residential,1,0
9882,2559090345,2559090308,12.043,50.0,residential,1,0
9883,2559090345,342338553,193.89000000000001,30.0,residential,1,0
9884,2567910218,2641923404,81.917,50.0,secondary,3,1
9885,2584166679,3773336621,19.983,50.0,residential,1,1
9886,2584166679,8423787813,17.652,50.0,secondary,1,1
9887,2584166686,6502045904,25.674,50.0,secondary,1,1
9888,2584166686,6502043971,13.928,50.0,secondary,1,1
9889,2612606596,2301848684,257.76,50.0,tertiary,2,0
9890,2612606596,4178326221,65.329,50.0,tertiary,1,1
9891,2618788151,2618788153,20.542,50.0,residential,1,0
9892,2618788151,2618788152,192.35799999999998,50.0,residential,1,0
9893,2618788151,540435503,91.881,50.0,residential,1,0
9894,2618788152,2618788153,104.328,50.0,secondary,3,1
9895,2618788152,2618788151,192.358,50.0,residential,1,0
9896,2618788153,2216978328,210.386,50.0,secondary,3,1
9897,2618788153,2618788151,20.542,50.0,residential,1,0
9898,2634843610,598696127,20.107999999999997,50.0,residential,1,1
9899,2634843610,12974302798,18.118,50.0,tertiary,1,1
9900,2641923404,540431795,177.676,50.0,secondary,2,1
9901,2641923404,4714893624,91.59100000000001,50.0,residential,1,1
9902,2648266077,1574697984,268.665,50.0,motorway_link,1,1
9903,2657949196,8476340122,12.118,50.0,secondary,3,1
9904,2657949196,534365190,59.63,30.0,tertiary,1,1
9905,2657949204,1566055516,100.726,50.0,secondary,3,1
9906,2669862627,534409260,7.003,50.0,primary,2,1
9907,2669862627,6427604009,50.704,30.0,residential,2,1
9908,2669862666,563992905,9.317,30.0,residential,1,1
9909,2669862666,765790376,45.413999999999994,30.0,residential,2,1
9910,2671045788,3227432449,96.251,30.0,residential,1,0
9911,2671045788,2671045801,33.126999999999995,50.0,residential,1,1
9912,2671045801,352939372,193.05200000000002,50.0,secondary,3,1
9913,2683019657,334710408,71.337,30.0,tertiary,2,1
9914,2683019657,357515920,171.845,50.0,residential,1,1
9915,2692325665,2692325666,60.131,50.0,tertiary_link,1,1
9916,2692325665,1366372687,52.263000000000005,50.0,tertiary,2,1
9917,2692325666,446167471,63.626,50.0,tertiary,3,1
9918,2698056298,282404352,88.618,50.0,tertiary,1,1
9919,2716680538,10405482952,19.671,50.0,motorway_link,2,1
9920,2728576314,387490551,205.291,50.0,tertiary,1,1
9921,2728576321,417645308,18.588,30.0,residential,1,0
9922,2728576321,417645519,19.708000000000002,30.0,residential,1,0
9923,2728576321,2728576314,24.909999999999997,50.0,tertiary_link,1,1
9924,2757781499,2757804972,92.50399999999999,50.0,residential,1,0
9925,2757804972,1156243430,175.687,50.0,residential,1,0
9926,2757804972,410210121,56.291,50.0,residential,1,0
9927,2757804972,2757781499,92.50399999999999,50.0,residential,1,0
9928,2763587023,345395870,18.638,60.0,secondary,2,1
9929,2763587023,2763587036,25.052,50.0,secondary_link,1,1
9930,2763587025,1164618581,18.436,50.0,primary,1,1
9931,2763587025,1164618588,20.250999999999998,50.0,primary_link,1,1
9932,2763587027,346202826,29.474,50.0,primary,1,1
9933,2763587027,9604148233,35.086999999999996,50.0,primary_link,1,1
9934,2763587032,9604148233,2.717,30.0,residential,1,0
9935,2763587032,387490782,127.408,30.0,residential,1,0
9936,2763587032,1107315932,36.577,50.0,primary_link,1,1
9937,2763587036,345395901,59.006,30.0,tertiary,1,0
9938,2763587036,345395870,19.169,30.0,tertiary,1,0
9939,2763587039,416613221,24.396,30.0,residential,1,1
9940,2763587039,2763587043,31.53,50.0,primary_link,1,1
9941,2763587043,2763587060,20.602,50.0,primary,1,1
9942,2763587060,416633134,18.483,50.0,primary,1,1
9943,2763587060,4665356128,25.326,50.0,primary_link,1,1
9944,2769638369,197465978,18.729,50.0,residential,1,0
9945,2769638369,420287565,78.301,50.0,residential,1,0
9946,2769638390,197465978,20.675,50.0,secondary_link,1,1
9947,2769638390,2769638369,24.135,50.0,secondary_link,1,1
9948,2769656028,1102295032,76.275,60.0,secondary,2,1
9949,2777011573,2138045002,12.8,50.0,tertiary,1,1
9950,2777011573,2229213068,187.975,50.0,tertiary,1,1
9951,2781908889,8129282766,70.601,50.0,residential,1,0
9952,2862997451,357535535,38.572,50.0,residential,1,1
9953,2862997451,2862997452,123.12,50.0,residential,1,0
9954,2862997452,2862997451,123.12,50.0,residential,1,0
9955,2862997452,580710939,32.21,50.0,residential,1,1
9956,2862997454,2862997457,34.718,50.0,residential,1,0
9957,2862997454,580710450,98.275,50.0,residential,1,1
9958,2862997457,2862997454,34.718,50.0,residential,1,0
9959,2862997457,580711310,21.116,50.0,residential,1,1
9960,2868373851,10926320337,249.136,50.0,residential,1,1
9961,2868373851,9931532351,296.193,50.0,residential,1,0
9962,2868373857,11267490925,60.181,50.0,residential,1,0
9963,2868373857,6822274808,53.54,50.0,residential,1,1
9964,2868373867,6822274805,15.502,50.0,residential,1,1
9965,2868373867,6822274808,9.394,50.0,residential,1,0
9966,2869146146,2869161102,43.128,50.0,residential,1,0
9967,2869146146,409473614,152.392,50.0,residential,1,0
9968,2869146146,2869146150,155.842,50.0,residential,1,0
9969,2869146150,2869146146,155.84200000000004,50.0,residential,1,0
9970,2869161102,2869146146,43.128,50.0,residential,1,0
9971,2915980262,3408426285,60.136,50.0,residential,1,0
9972,2915980262,12953147551,130.351,50.0,residential,1,0
9973,2915980262,3213945484,228.507,50.0,residential,1,1
9974,2915980279,3213945484,2.687,50.0,residential,1,1
9975,2915980279,2915980262,225.22100000000003,50.0,residential,1,1
9976,2916015762,12953147551,114.997,50.0,residential,1,0
9977,2931878941,540444957,8.992,30.0,residential,1,0
9978,2931878941,540446909,6.168,30.0,residential,1,0
9979,2946147133,318179261,22.035,50.0,tertiary,1,0
9980,2946147133,318179487,63.09400000000001,50.0,unclassified,1,0
9981,2946147133,318179416,73.1,50.0,tertiary,1,0
9982,2958525652,6278484730,43.49000000000001,50.0,residential,1,0
9983,2958525652,684521300,72.76599999999999,50.0,tertiary,1,0
9984,2958525652,684521272,33.507,50.0,tertiary,1,0
9985,2987512660,2987514849,28.645000000000003,50.0,residential,1,1
9986,2987512724,11610634568,202.57999999999998,50.0,residential,1,1
9987,2987512724,2987512660,21.409000000000002,50.0,residential,1,1
9988,2987514840,2987512724,10.893,50.0,residential,1,1
9989,2987514849,4569105736,36.157000000000004,50.0,residential,1,1
9990,2987514997,6879485112,259.999,50.0,residential,1,0
9991,2987514997,2987514840,26.506999999999998,50.0,residential,1,1
9992,2989372360,1688194246,86.549,50.0,motorway_link,4,1
9993,2989372360,2989372367,36.363,50.0,motorway_link,1,1
9994,2989372367,1790662878,105.203,50.0,unclassified,1,1
9995,2989376741,2648266077,166.759,50.0,motorway_link,1,1
9996,2989392827,2989906750,893.7229999999998,90.0,motorway,4,1
9997,2989396034,2989392827,667.5590000000001,90.0,motorway,5,1
9998,2989405424,1234762907,60.95400000000001,50.0,motorway_link,1,1
9999,2989405424,1272411995,45.871,50.0,motorway_link,3,1
10000,2989906750,2989922184,327.8570000000001,50.0,motorway_link,1,1
10001,2989906750,2989906777,702.4940000000001,90.0,motorway,4,1
10002,2989906777,1226869,398.48199999999997,90.0,motorway,4,1
10003,2989922184,1308842259,26.751,50.0,motorway_link,1,1
10004,2989922184,2989922185,25.663,50.0,motorway_link,3,1
10005,2989922185,1308842259,11.91,50.0,secondary,3,1
10006,2989922185,8400880101,12.34,50.0,motorway_link,3,1
10007,2989922193,2989906777,315.09299999999996,50.0,motorway_link,2,1
10008,2989933661,4239906732,89.681,50.0,motorway_link,2,1
10009,2989950141,2989950169,448.46399999999994,90.0,motorway,4,1
10010,2989950169,4416355537,271.781,50.0,motorway_link,2,1
10011,2989950169,2989957376,809.238,90.0,motorway,4,1
10012,2989957353,2989957376,457.21299999999997,50.0,motorway_link,2,1
10013,2989957376,336295207,766.9600000000003,90.0,motorway,6,1
10014,2989968633,2990821237,100.57399999999998,50.0,motorway_link,1,1
10015,2989968633,340983520,83.22500000000001,50.0,motorway_link,1,1
10016,2990821001,2990821031,334.03800000000007,50.0,tertiary,2,1
10017,2990821004,2990821019,81.11800000000001,50.0,secondary_link,1,1
10018,2990821004,1252167844,71.842,50.0,tertiary,1,1
10019,2990821010,8596013133,69.378,50.0,tertiary,1,1
10020,2990821019,2716680538,242.34199999999998,50.0,secondary,3,1
10021,2990821031,8596013136,51.481,50.0,motorway_link,1,1
10022,2990821031,340983520,52.611000000000004,50.0,tertiary,2,1
10023,2990821237,2990821004,60.754000000000005,50.0,tertiary,1,1
10024,2990821259,2990821292,68.142,50.0,tertiary_link,1,1
10025,2990821259,1252167861,37.918,50.0,residential,1,1
10026,2990821292,1252167838,386.2439999999999,50.0,tertiary,3,1
10027,2992962017,1253870087,91.34500000000001,50.0,motorway_link,1,1
10028,2992962017,2149039648,111.99700000000001,50.0,motorway_link,2,1
10029,2992968902,2993006555,190.95499999999998,50.0,motorway_link,1,1
10030,2992969029,2992969046,247.89999999999998,50.0,motorway_link,1,1
10031,2992969046,591837483,11.137,90.0,motorway_link,2,1
10032,2993004124,345401922,81.036,50.0,secondary,3,1
10033,2993004124,2993006555,218.47700000000003,50.0,motorway_link,1,1
10034,2993006555,345399922,318.917,50.0,motorway_link,2,1
10035,2993006577,591837241,75.79700000000001,50.0,motorway_link,1,1
10036,2993006577,34132842,68.929,50.0,motorway_link,3,1
10037,2993052349,1147954812,99.25,50.0,unclassified,1,1
10038,2993052349,11846590956,15.151,50.0,unclassified,1,1
10039,2993052356,303888356,511.22999999999996,90.0,motorway,4,1
10040,2995640305,591891306,55.554,50.0,secondary,3,1
10041,2995640305,286643379,47.425,50.0,residential,1,1
10042,2995640323,2995641039,90.54700000000001,50.0,unclassified,1,0
10043,2995640323,2995641141,48.38,50.0,unclassified,1,1
10044,2995641039,4064420014,46.886,50.0,unclassified,1,0
10045,2995641039,2995640323,90.547,50.0,unclassified,1,0
10046,2995641039,1106575005,80.231,50.0,unclassified,1,0
10047,2995641085,591891217,71.776,50.0,secondary_link,1,1
10048,2995641085,286643406,42.268,50.0,secondary,3,1
10049,2995641113,591891227,85.584,50.0,primary_link,1,1
10050,2995641113,286544166,63.372,50.0,primary,5,1
10051,2995641124,2995641141,56.613,50.0,secondary,3,1
10052,2995641124,2995640323,32.543,50.0,unclassified,1,1
10053,2995641141,2995640305,131.354,50.0,secondary,3,1
10054,2997542191,2997543700,32.148,50.0,secondary,3,1
10055,2997542204,2997542230,31.474,50.0,secondary,3,1
10056,2997542204,10247433612,37.306999999999995,50.0,secondary_link,1,1
10057,2997542230,2997542191,8.976,50.0,secondary,3,1
10058,2997542230,10247433612,20.02,50.0,residential,1,1
10059,2997543700,1172287120,71.14,50.0,secondary,3,1
10060,3060912304,3060914143,394.86199999999997,50.0,motorway_link,1,1
10061,3060912332,3060914160,329.1,50.0,motorway_link,2,1
10062,3060914143,342271522,689.0899999999999,90.0,motorway,5,1
10063,3060914183,411816372,69.21199999999999,50.0,motorway_link,1,1
10064,3060914183,4708890372,64.22999999999999,50.0,motorway_link,1,1
10065,3060914189,411815424,44.513000000000005,50.0,motorway_link,1,1
10066,3060914189,411816145,37.517,50.0,motorway_link,1,1
10067,3146936635,365766257,15.344,30.0,residential,1,1
10068,3146936635,3992078710,156.779,30.0,residential,1,1
10069,3147530474,3147530505,25.529,70.0,secondary,1,1
10070,3147530474,530842257,15.681,30.0,tertiary,1,1
10071,3147530475,415449529,48.007999999999996,30.0,tertiary,1,1
10072,3147530487,412835374,13.012,50.0,secondary,1,1
10073,3147530487,1107315959,26.611,60.0,secondary,2,1
10074,3147530490,415452402,19.898,30.0,tertiary,1,1
10075,3147530490,3147530512,29.025000000000002,50.0,secondary_link,1,1
10076,3147530493,530842268,31.884,70.0,secondary,1,1
10077,3147530493,3147530475,40.727,50.0,secondary_link,1,1
10078,3147530503,342328066,37.426,30.0,residential,1,0
10079,3147530503,342330805,32.001,30.0,residential,1,0
10080,3147530503,4927800392,91.619,30.0,residential,1,1
10081,3147530505,361102388,181.639,70.0,secondary,1,1
10082,3147530509,3147530474,20.749,30.0,tertiary,1,1
10083,3147530509,3147530505,33.253,50.0,secondary_link,1,1
10084,3147530512,3147530493,386.80600000000004,70.0,secondary,1,1
10085,3147530513,6539109865,119.15400000000001,30.0,tertiary,1,1
10086,3203481827,563991864,50.926,50.0,residential,1,0
10087,3203481832,563992118,34.515,50.0,residential,1,0
10088,3203481993,3203482017,23.618,30.0,residential,1,0
10089,3203481993,2083793917,162.14600000000002,30.0,residential,1,0
10090,3203481993,3203482000,47.51,30.0,residential,1,0
10091,3203481993,3230599129,103.47200000000001,30.0,residential,1,0
10092,3203482000,3203481993,47.51,30.0,residential,1,0
10093,3203482017,3203481993,23.618,30.0,residential,1,0
10094,3213945480,2915980279,16.547,50.0,residential,1,1
10095,3213945480,3675733267,131.928,50.0,residential,1,0
10096,3213945483,3213945480,31.712999999999997,50.0,residential,1,1
10097,3213945483,3690207089,119.281,50.0,residential,1,0
10098,3213945484,3213945483,13.423,50.0,residential,1,1
10099,3219537019,3219537023,9.972,30.0,unclassified,1,0
10100,3219537023,1288165991,69.222,30.0,residential,1,1
10101,3219537023,3219537019,9.972,30.0,unclassified,1,0
10102,3219537023,3219537035,30.085,30.0,unclassified,1,0
10103,3219537035,1288170843,73.243,30.0,residential,1,0
10104,3219537035,3219537045,32.74,30.0,unclassified,1,0
10105,3219537035,1288171890,58.391,30.0,residential,1,0
10106,3219537035,3219537023,30.085,30.0,unclassified,1,0
10107,3219537045,563958704,74.085,30.0,residential,1,0
10108,3219537045,534376062,11.998,30.0,residential,1,0
10109,3219537045,3219537035,32.74,30.0,unclassified,1,0
10110,3220033347,3220033352,16.852,50.0,residential,1,0
10111,3220033347,1911011742,165.817,50.0,residential,1,0
10112,3220033352,3220033347,16.852,50.0,residential,1,0
10113,3220033352,744759686,157.46900000000002,50.0,residential,1,0
10114,3220033352,12790141878,340.57,50.0,residential,1,0
10115,3224077990,8024094098,331.40900000000005,50.0,residential,1,0
10116,3227432449,352938438,46.82,30.0,residential,1,0
10117,3227432449,352938432,11.88,30.0,residential,1,0
10118,3227432449,2671045788,96.251,30.0,residential,1,0
10119,3230599129,3203481993,103.47200000000001,30.0,residential,1,0
10120,3230599298,684521272,18.346,50.0,tertiary,1,0
10121,3230599298,10577103074,43.628,50.0,tertiary,1,1
10122,3234783064,563987286,135.964,30.0,residential,1,0
10123,3250144590,6538159018,12.892,30.0,residential,1,0
10124,3255104744,409722025,11.786000000000001,30.0,residential,1,1
10125,3255617766,1101781785,95.131,30.0,residential,1,0
10126,3255617766,336102840,394.61100000000005,30.0,residential,1,0
10127,3255617766,1101782936,101.62299999999999,30.0,residential,1,0
10128,3257927974,7006119058,33.184,50.0,residential,1,1
10129,3257927974,7006119054,129.789,50.0,residential,1,1
10130,3260728096,479360024,15.726,30.0,tertiary,1,0
10131,3260728096,479360570,54.843,30.0,tertiary,1,0
10132,3260728096,479359242,143.962,30.0,residential,1,0
10133,3264766716,672924228,36.484,50.0,residential,1,1
10134,3264766716,6472964370,16.955,50.0,residential,1,1
10135,3297098845,1589498360,54.834,30.0,residential,1,1
10136,3297098845,6495095708,102.382,50.0,tertiary,2,0
10137,3297098845,3992078740,12.332,50.0,tertiary,2,0
10138,3297221371,1474027281,60.887,50.0,residential,1,0
10139,3297221371,2099662194,45.581,50.0,residential,1,0
10140,3297221371,799423906,19.409,50.0,residential,1,0
10141,3303125949,2112515489,4.067,50.0,residential,1,0
10142,3303125949,1931855291,30.004,50.0,residential,1,0
10143,3303125949,2004137777,88.82300000000001,50.0,residential,1,0
10144,3303406280,1589498344,17.197,50.0,living_street,1,1
10145,3303406280,8660335851,24.016,50.0,residential,1,0
10146,3305523688,6154204088,11.733,50.0,residential,1,1
10147,3305523688,1474030759,29.61,50.0,residential,1,0
10148,3305523768,1474030759,39.032,50.0,residential,1,0
10149,3305523768,2105338171,25.448999999999998,50.0,residential,1,0
10150,3305523768,1474030762,76.212,50.0,residential,1,1
10151,3305524097,1931855378,93.685,30.0,residential,1,1
10152,3305524097,1931855362,94.88800000000002,50.0,residential,1,1
10153,3307421768,357515625,67.951,50.0,living_street,1,0
10154,3307421769,384662490,64.16,50.0,residential,1,1
10155,3307421769,2469848068,140.133,50.0,residential,1,1
10156,3406707383,1234762905,24.29,50.0,tertiary,2,1
10157,3406707383,1987571695,33.597,50.0,tertiary_link,1,1
10158,3408426285,2915980262,60.135999999999996,50.0,residential,1,0
10159,3408426285,4082010275,132.323,50.0,residential,1,1
10160,3412396539,2344604161,56.568,50.0,tertiary,3,1
10161,3412396539,1936278307,11.339,50.0,tertiary,1,1
10162,3412396545,1688194355,11.701,50.0,tertiary,1,1
10163,3412396545,3412396539,224.409,50.0,tertiary,1,1
10164,3419895570,563986391,192.917,30.0,"['residential', 'unclassified']",1,0
10165,3495322434,4232510967,18.886,50.0,unclassified,1,1
10166,3495322434,4225213063,236.138,50.0,unclassified,1,1
10167,3495343356,3495343368,194.567,30.0,residential,1,0
10168,3495343356,354036386,17.442999999999998,30.0,residential,1,1
10169,3495343358,1139743596,65.952,30.0,residential,1,0
10170,3495343358,3495343368,15.714,30.0,residential,1,1
10171,3495343368,3495343356,194.567,30.0,residential,1,0
10172,3495343368,11364418224,14.105999999999998,30.0,residential,1,1
10173,3495343373,1758359865,57.622,30.0,residential,1,1
10174,3495343373,3495343375,6.574,30.0,residential,1,1
10175,3495343375,3495343358,12.712,30.0,residential,1,1
10176,3495343376,3495343378,9.028,60.0,secondary,2,1
10177,3495343376,1758359863,20.093,30.0,residential,1,1
10178,3495343377,3495343376,17.217,30.0,residential,1,1
10179,3495343377,11425629863,234.564,60.0,secondary,3,1
10180,3495343378,3495343377,17.927,30.0,residential,1,1
10181,3495343378,1851950468,17.712,60.0,secondary,2,1
10182,3496915988,412820301,124.911,50.0,secondary,3,1
10183,3496915991,11498283485,123.902,30.0,tertiary,1,1
10184,3496916396,3496916410,42.083000000000006,50.0,secondary_link,1,1
10185,3496916396,11501428174,27.293999999999997,50.0,secondary,1,1
10186,3496916397,3496915988,78.659,50.0,secondary,3,1
10187,3496916397,3496916402,52.397999999999996,50.0,secondary_link,1,1
10188,3496916403,1127659175,205.188,50.0,secondary,2,1
10189,3496916403,3910502440,70.038,60.0,trunk,1,1
10190,3496916410,841613527,32.588,50.0,tertiary,1,1
10191,3496916411,3496915991,41.343,50.0,tertiary_link,1,1
10192,3496916411,11498283529,32.304,50.0,tertiary,1,1
10193,3497100497,2111407157,9.586,50.0,secondary,3,1
10194,3497100497,3655444778,106.10300000000001,30.0,residential,1,1
10195,3497113661,3497113663,11.26,60.0,secondary,3,1
10196,3497113661,3497113664,72.895,50.0,tertiary,1,1
10197,3497113663,3497116039,27.531,50.0,secondary,3,1
10198,3497113663,1228134,16.174,50.0,secondary,1,1
10199,3497113664,2110321263,17.66,50.0,tertiary,1,1
10200,3497116035,3497113663,18.773,50.0,tertiary,2,1
10201,3497116035,3497116039,34.362,50.0,secondary_link,1,1
10202,3497116039,1678949700,225.524,50.0,secondary,3,1
10203,3524113313,1931841483,45.389,50.0,residential,1,0
10204,3524113313,10249498060,16.750999999999998,50.0,residential,1,1
10205,3525081283,2203137266,8.634,50.0,residential,1,0
10206,3525081283,3986030958,106.88900000000001,50.0,residential,1,0
10207,3525081283,922576795,65.614,50.0,residential,2,1
10208,3531593254,1931836985,80.257,50.0,tertiary,2,1
10209,3531593254,318758396,160.477,50.0,residential,1,0
10210,3535435475,3535435483,213.364,30.0,residential,1,1
10211,3535435475,3535435483,205.913,30.0,residential,1,0
10212,3535435475,342338553,63.529999999999994,30.0,residential,1,0
10213,3535435483,342338421,26.088,30.0,residential,1,0
10214,3535435483,3535435475,205.91299999999998,30.0,residential,1,0
10215,3540731264,414720635,143.71300000000002,30.0,residential,1,1
10216,3540731264,3540731266,9.92,50.0,residential,1,1
10217,3540731265,4970978703,170.85500000000002,30.0,residential,1,1
10218,3540731265,5894576017,8.73,50.0,residential,1,1
10219,3540731266,414720780,8.357,50.0,residential,1,1
10220,3541135157,1387191993,23.264000000000003,50.0,unclassified,1,0
10221,3541135159,3564373599,41.508,50.0,unclassified,1,0
10222,3551724563,8024245166,13.183,50.0,primary,2,1
10223,3551724563,8024094218,22.311,50.0,tertiary,1,1
10224,3564373599,3659476211,12.469,50.0,unclassified,1,0
10225,3564373599,3666449880,32.529,50.0,unclassified,1,1
10226,3564373599,3541135159,41.508,50.0,unclassified,1,0
10227,3570389094,4000823192,11.8,50.0,unclassified,1,0
10228,3586725520,3586725521,13.797999999999998,50.0,residential,1,1
10229,3586725520,442893211,23.628,50.0,residential,1,1
10230,3586725521,3586725542,5.055999999999999,50.0,residential,1,1
10231,3586725540,442893225,4.552,50.0,residential,1,1
10232,3586725542,3586725550,14.182,50.0,residential,1,1
10233,3586725542,442893234,14.109,50.0,residential,1,1
10234,3586725548,3586725540,14.633999999999999,50.0,residential,1,1
10235,3586725548,442893232,17.079,50.0,residential,1,1
10236,3586725550,3586725548,6.523,50.0,residential,1,1
10237,3586725566,3586725573,152.372,50.0,residential,1,0
10238,3586725566,13146941277,209.01000000000002,50.0,residential,1,0
10239,3586725566,442893232,76.596,50.0,residential,1,0
10240,3586725573,3586725566,152.372,50.0,residential,1,0
10241,3586725573,3586725573,45.355999999999995,50.0,residential,1,1
10242,3586725578,3586725520,3.452,50.0,residential,1,1
10243,3588604568,3588604568,52.88999999999999,50.0,residential,1,1
10244,3588604568,1671579994,61.187,50.0,residential,1,0
10245,3593580026,1383600403,29.109,50.0,residential,2,0
10246,3593580026,412527669,35.649,30.0,residential,1,1
10247,3593580027,3593580026,148.281,50.0,residential,1,1
10248,3593580049,412531260,64.053,50.0,residential,1,1
10249,3593580050,3593580049,43.374,50.0,residential,1,1
10250,3593580050,1383600413,13.76,50.0,residential,1,1
10251,3593580051,412534016,42.994,50.0,residential,1,1
10252,3593580051,412531507,21.718,50.0,residential,1,1
10253,3593580051,3593580026,165.04700000000003,50.0,residential,1,1
10254,3593580054,681556436,44.853,50.0,residential,1,1
10255,3593580054,3593580055,31.037000000000003,50.0,residential,1,0
10256,3593580054,1383607564,43.813,50.0,residential,1,0
10257,3593580055,681555963,31.333,50.0,residential,1,0
10258,3593580055,365768435,161.662,50.0,residential,1,1
10259,3593580055,3593580054,31.037000000000003,50.0,residential,1,0
10260,3593956982,367608364,18.01,50.0,residential,1,0
10261,3593956982,3712693700,33.967,50.0,residential,1,0
10262,3593956982,339472702,48.885000000000005,50.0,residential,1,0
10263,3594844017,4020571610,46.492000000000004,50.0,tertiary,1,1
10264,3594844017,3699173917,22.020000000000003,50.0,tertiary_link,1,1
10265,3598585948,3412396539,12.365,50.0,tertiary,3,1
10266,3598585948,1688194355,224.612,50.0,tertiary,1,1
10267,3598585956,3606106810,15.472,50.0,residential,2,0
10268,3599592480,287237424,83.91300000000001,30.0,residential,1,0
10269,3599592480,10790656322,20.42,30.0,residential,1,1
10270,3601426656,338524363,55.625,50.0,residential,1,0
10271,3601426656,530185828,94.095,50.0,residential,1,0
10272,3601426656,3727186429,216.25,50.0,residential,1,0
10273,3606106810,3598585956,15.472,50.0,residential,2,0
10274,3606106810,531365015,29.788,50.0,residential,1,1
10275,3609241996,2634843610,9.437,50.0,tertiary,1,1
10276,3609242017,340376915,27.694,50.0,tertiary,1,1
10277,3609242086,1192436484,25.958,50.0,tertiary,1,1
10278,3609905725,2111357746,296.61999999999995,50.0,secondary,1,1
10279,3611328584,540439278,25.852999999999998,50.0,residential,1,0
10280,3612842299,12115376829,24.639,50.0,residential,1,0
10281,3612842299,4010257603,19.477,50.0,residential,1,0
10282,3612842299,4018510534,33.72,50.0,residential,1,1
10283,3621265272,384675482,106.88400000000001,50.0,residential,1,1
10284,3644526483,3739773085,33.153,50.0,unclassified,1,0
10285,3644526483,13049605337,118.214,50.0,unclassified,1,0
10286,3644526483,412816550,86.013,50.0,unclassified,1,0
10287,3644526483,3713791729,41.953,50.0,unclassified,1,0
10288,3646652095,1154683189,514.657,50.0,secondary,1,1
10289,3646652095,1154683176,87.197,50.0,secondary_link,3,1
10290,3655260371,3655260386,95.408,50.0,residential,1,0
10291,3655260385,361094761,147.40300000000002,70.0,tertiary,4,1
10292,3655260386,3655260385,36.259,50.0,tertiary_link,1,1
10293,3655260386,3655260371,95.40800000000002,50.0,residential,1,0
10294,3655260386,3655260399,10.756,50.0,residential,1,0
10295,3655260399,3655260386,10.756,50.0,residential,1,0
10296,3655260399,476355557,22.336,50.0,residential,1,0
10297,3655260403,340375374,725.0659999999999,50.0,residential,2,0
10298,3655260403,700714000,24.932000000000002,50.0,residential,1,1
10299,3655444776,312837622,57.086,30.0,living_street,1,0
10300,3655444778,3997365735,87.324,30.0,residential,1,1
10301,3655444778,312837622,173.36200000000002,30.0,residential,1,0
10302,3659476211,3564373599,12.469,50.0,unclassified,1,0
10303,3659571732,1628415537,43.402,50.0,residential,1,1
10304,3659571732,3659571733,77.004,50.0,residential,1,1
10305,3659571733,4018542415,56.343,50.0,residential,2,0
10306,3666392294,513062972,52.918,50.0,unclassified,1,1
10307,3666392294,513062972,51.657,50.0,unclassified,1,1
10308,3666392311,1152556206,96.94999999999999,50.0,unclassified,1,0
10309,3666392311,409472694,142.29299999999998,50.0,residential,1,1
10310,3666449880,340001282,234.084,50.0,secondary_link,4,1
10311,3666479493,667786477,115.242,50.0,secondary,3,1
10312,3666479496,3675733267,170.316,50.0,residential,1,1
10313,3666479496,3762480071,95.78,50.0,secondary,3,1
10314,3667590706,530714339,47.553,50.0,tertiary,2,1
10315,3667590706,1688194367,47.059,50.0,tertiary_link,1,1
10316,3667593236,8125165352,14.096,50.0,tertiary,3,1
10317,3668921327,1931861671,27.699,50.0,residential,1,1
10318,3668921327,1931861635,117.966,50.0,residential,1,1
10319,3668921328,978389307,93.30799999999999,50.0,residential,1,0
10320,3668921328,472591143,71.982,50.0,residential,1,1
10321,3668921343,472591146,6.808,50.0,residential,1,0
10322,3668921343,3668921327,75.425,50.0,residential,1,1
10323,3675733112,339476005,113.24600000000001,50.0,residential,1,1
10324,3675733112,339422118,71.967,50.0,tertiary,2,1
10325,3675733267,3213945480,131.928,50.0,residential,1,0
10326,3675733267,3666479493,132.45299999999997,50.0,residential,1,1
10327,3676466165,3676466170,18.713,30.0,residential,1,1
10328,3676466165,530185824,74.891,50.0,tertiary,1,1
10329,3676466168,343415899,62.042,50.0,residential,1,0
10330,3676466170,343415899,56.022,50.0,tertiary,1,1
10331,3676466170,270480918,127.106,50.0,residential,1,1
10332,3678367011,3699173896,121.584,50.0,tertiary,2,1
10333,3686260550,1107292343,89.044,50.0,tertiary,3,1
10334,3686260550,1107292343,214.82100000000003,50.0,unclassified,1,1
10335,3686883539,367608169,243.36700000000002,50.0,tertiary,1,1
10336,3686883539,3703608766,86.479,50.0,tertiary,2,0
10337,3690190562,1695279003,56.519999999999996,50.0,residential,1,0
10338,3690190562,3690190563,60.536,50.0,residential,1,1
10339,3690190563,1671579971,56.53,50.0,residential,1,0
10340,3690190563,1671579975,114.098,50.0,residential,1,1
10341,3690190563,1671579977,75.785,50.0,residential,1,0
10342,3690207089,3213945483,119.28100000000003,50.0,residential,1,0
10343,3690207089,6507870258,21.23,50.0,residential,1,1
10344,3693554179,4014513958,85.456,50.0,tertiary,3,1
10345,3693554179,4089921570,141.982,30.0,"['residential', 'living_street']",1,0
10346,3693554209,2088929409,46.428,50.0,tertiary,2,1
10347,3693554209,10127374867,12.443000000000001,50.0,tertiary,2,1
10348,3693586948,1671579963,141.144,30.0,residential,1,0
10349,3693586948,3693586952,71.67699999999999,30.0,residential,1,0
10350,3693586952,3693586948,71.67699999999999,30.0,residential,1,0
10351,3693586952,1671579965,97.254,30.0,residential,1,0
10352,3693586952,1999052225,141.41899999999998,30.0,residential,1,1
10353,3697053925,10793161022,7.306,50.0,residential,1,0
10354,3697053925,3727186429,20.314999999999998,50.0,residential,1,0
10355,3697053925,10793161020,26.982,50.0,residential,1,1
10356,3697053928,10793161020,52.802,50.0,residential,2,0
10357,3697053930,3697053925,19.558,50.0,residential,1,1
10358,3697053930,3727186429,30.16,50.0,residential,1,1
10359,3698767277,540426692,121.129,50.0,residential,1,1
10360,3698767279,2437718004,26.605,50.0,residential,1,1
10361,3698767279,3698767277,7.556,50.0,residential,1,1
10362,3699173847,289503541,96.672,50.0,residential,1,0
10363,3699173848,289503541,11.327,50.0,residential,1,0
10364,3699173862,2496365203,37.616,50.0,tertiary_link,1,1
10365,3699173862,289502961,25.186,50.0,residential,1,1
10366,3699173870,9381749994,37.462,50.0,residential,1,1
10367,3699173870,6041090849,92.24000000000001,50.0,residential,1,1
10368,3699173878,3914294053,46.09100000000001,50.0,tertiary_link,1,1
10369,3699173878,3699173893,40.464999999999996,50.0,tertiary,4,1
10370,3699173883,939855189,73.561,50.0,residential,1,1
10371,3699173883,1234762967,115.911,50.0,unclassified,1,0
10372,3699173886,1574582418,104.982,50.0,tertiary,3,1
10373,3699173886,1234762967,25.505,50.0,unclassified,1,1
10374,3699173893,1574582596,13.085,50.0,tertiary,1,1
10375,3699173893,3914294053,30.063000000000002,50.0,tertiary,1,1
10376,3699173896,3699173917,140.375,50.0,tertiary,2,1
10377,3699173911,282458178,83.091,30.0,living_street,1,0
10378,3699173912,2093421793,51.098,30.0,residential,1,0
10379,3699173917,4020571610,36.92,50.0,tertiary,2,1
10380,3699173917,8125165355,10.421999999999999,50.0,tertiary_link,1,1
10381,3699681066,3646652095,261.668,50.0,secondary,3,1
10382,3700677373,3408426285,28.426000000000002,50.0,residential,1,1
10383,3700677375,282458314,49.215999999999994,50.0,secondary_link,1,1
10384,3700677375,1329704,34.976,50.0,secondary,1,1
10385,3703608766,3724244938,85.216,50.0,tertiary,1,1
10386,3703608766,3686883539,86.479,50.0,tertiary,2,0
10387,3711110970,6479020099,18.32,50.0,tertiary,3,1
10388,3711110970,8264774089,114.164,50.0,primary,3,1
10389,3712693700,3593956982,33.967,50.0,residential,1,0
10390,3713791729,3644526483,41.953,50.0,unclassified,1,0
10391,3717712396,3675733112,35.777,50.0,tertiary,3,1
10392,3717712396,3697053928,128.69199999999998,50.0,residential,1,1
10393,3722074035,3722074036,9.97,50.0,residential,1,0
10394,3722074035,1696735393,61.142,50.0,residential,1,0
10395,3722074035,1695279038,63.869,50.0,tertiary,2,1
10396,3722074036,3722074035,9.97,50.0,residential,1,0
10397,3722074036,1695279021,78.79599999999999,50.0,tertiary,2,1
10398,3723792724,617747293,27.027,30.0,residential,1,1
10399,3723792724,2344624293,154.291,50.0,residential,1,0
10400,3724244937,9970960130,18.446,50.0,tertiary,2,1
10401,3724244937,4086326504,149.347,50.0,tertiary,1,1
10402,3724244938,283621168,58.471,50.0,tertiary,2,1
10403,3724708192,3762480071,33.462,50.0,unclassified,1,1
10404,3725504654,412398719,70.741,30.0,residential,1,1
10405,3725505594,3725505595,13.467,50.0,residential,1,1
10406,3725505594,13326884550,112.05,50.0,tertiary,3,1
10407,3725505595,1574692602,35.976,50.0,residential,1,0
10408,3725505595,1617025423,15.681000000000001,50.0,tertiary,2,1
10409,3726520764,540425637,57.139,30.0,residential,1,0
10410,3726520765,1566055935,52.065,30.0,residential,1,0
10411,3726520780,540425846,35.283,30.0,residential,1,0
10412,3727186429,3601426656,216.24999999999997,50.0,residential,1,0
10413,3727186429,3697053925,20.314999999999998,50.0,residential,1,0
10414,3736070220,4000823193,12.445,50.0,residential,1,0
10415,3736070220,10578420602,46.47,50.0,residential,1,1
10416,3737992936,343325366,53.251,30.0,residential,1,0
10417,3737992936,6404016155,24.962,50.0,residential,1,1
10418,3738151583,564005845,17.969,30.0,tertiary,1,1
10419,3738151607,1116194467,62.88,30.0,residential,1,0
10420,3738151607,3738151611,8.657,30.0,tertiary,1,1
10421,3738151608,1116195065,9.455,30.0,tertiary,1,1
10422,3738151609,940859925,121.585,30.0,tertiary,1,1
10423,3738151609,3738151610,12.602,30.0,tertiary,1,1
10424,3738151610,3738151607,8.651,30.0,tertiary,1,1
10425,3738151611,2481705172,183.56099999999998,30.0,tertiary,1,1
10426,3738151611,3738151608,11.535,30.0,tertiary,1,1
10427,3738160515,3738160521,56.214999999999996,50.0,tertiary_link,1,1
10428,3738160515,1678949726,40.193,50.0,tertiary,2,1
10429,3738160521,1678949693,392.21999999999997,50.0,tertiary,2,1
10430,3739773083,3739773085,41.087,50.0,unclassified,1,0
10431,3739773083,289503319,92.919,50.0,residential,1,1
10432,3739773085,3644526483,33.153,50.0,unclassified,1,0
10433,3739773085,3739773083,41.087,50.0,unclassified,1,0
10434,3739773085,1790662886,86.85300000000001,50.0,unclassified,1,0
10435,3739773085,12292683832,115.37799999999999,50.0,unclassified,1,0
10436,3745144186,1168935321,19.095,50.0,residential,1,0
10437,3762374460,1986140025,9.637,50.0,residential,1,0
10438,3762374460,5339182017,12.805,50.0,residential,1,0
10439,3762374460,10018819914,142.885,50.0,tertiary,2,1
10440,3762480071,384558892,12.369,50.0,unclassified,1,1
10441,3762480071,4000823192,85.69900000000001,50.0,secondary,3,1
10442,3771708550,2266143436,78.905,50.0,secondary,2,1
10443,3773336621,11021254283,88.134,50.0,residential,1,0
10444,3773336621,8423787813,15.279,50.0,residential,1,1
10445,3817373277,924516714,16.003999999999998,50.0,tertiary,1,1
10446,3817373277,540445201,124.485,30.0,residential,1,1
10447,3817373287,681262562,102.005,30.0,residential,1,0
10448,3817373294,566747876,4.281,30.0,tertiary,2,0
10449,3817373294,2263114434,117.426,30.0,residential,1,0
10450,3817373294,2263114434,67.279,30.0,tertiary,2,0
10451,3820683112,2381576084,59.474999999999994,50.0,tertiary_link,1,1
10452,3820683112,1678949818,34.805,50.0,tertiary,1,1
10453,3820786814,1107288392,127.67699999999999,50.0,secondary_link,2,1
10454,3820786814,10127315762,137.251,50.0,tertiary,3,1
10455,3867899642,1104534276,991.8009999999999,70.0,trunk,3,1
10456,3867899644,270425869,19.376,60.0,secondary,2,1
10457,3867899644,8557525209,29.597,70.0,trunk,3,1
10458,3868299946,3868299947,44.142,50.0,residential,1,0
10459,3868299947,3868299946,44.142,50.0,residential,1,0
10460,3868299947,384691747,71.655,30.0,residential,1,1
10461,3873177174,2229213521,60.31,50.0,tertiary_link,1,1
10462,3873177174,332204758,46.14,50.0,tertiary,1,1
10463,3909311113,2216956973,162.857,50.0,secondary,2,1
10464,3910502426,354027724,78.966,50.0,tertiary,1,1
10465,3910502426,2349733321,304.54600000000005,50.0,tertiary,2,0
10466,3910502440,3867899644,10.647,60.0,trunk,1,1
10467,3910502440,270425869,22.979,60.0,trunk_link,2,1
10468,3910502440,2309144530,25.910999999999998,50.0,trunk_link,1,1
10469,3910502869,3867899644,40.854,50.0,secondary,1,1
10470,3910502869,3867899642,67.70299999999999,50.0,trunk_link,1,1
10471,3912852015,3700677373,57.449,50.0,residential,1,1
10472,3912852015,3693554209,138.001,50.0,secondary,3,1
10473,3914275806,1563559694,29.606,50.0,tertiary,2,1
10474,3914275806,2381576084,49.203,50.0,tertiary_link,1,1
10475,3914275806,1678949808,48.822,50.0,tertiary_link,1,1
10476,3914294053,10304320415,40.032,50.0,tertiary,2,1
10477,3917184873,442893237,56.563,50.0,residential,1,0
10478,3917184873,5852226417,67.479,50.0,residential,1,1
10479,3930029983,354040266,185.936,70.0,tertiary,2,1
10480,3930029984,287081741,48.694,60.0,secondary,2,1
10481,3930029984,3930029983,61.62,50.0,secondary_link,1,1
10482,3948253112,3496915988,46.71,50.0,secondary_link,1,1
10483,3948253114,2079042306,207.62,50.0,unclassified,1,0
10484,3948253114,3948253115,36.429,50.0,unclassified,1,1
10485,3948253115,1551409214,703.6600000000001,50.0,secondary,3,1
10486,3948253117,3948253115,35.644,50.0,secondary,3,1
10487,3948253117,3948253114,37.903,50.0,unclassified,1,1
10488,3965819939,6416170150,79.838,50.0,secondary,2,1
10489,3965819939,13115711740,44.37,50.0,secondary_link,1,1
10490,3965819942,553058303,4.481,50.0,secondary,3,1
10491,3965819955,388514335,496.02000000000004,50.0,motorway_link,1,1
10492,3979130628,365767693,13.584999999999997,50.0,residential,1,1
10493,3980709597,10127374874,241.10600000000002,50.0,tertiary,2,1
10494,3985298557,357518611,53.347,50.0,residential,1,1
10495,3985298558,1383600416,29.213,50.0,residential,1,1
10496,3985298558,365768426,54.442,50.0,residential,1,1
10497,3985298558,2133476079,18.428,50.0,residential,1,1
10498,3985298559,2133470403,31.676,50.0,residential,1,0
10499,3985298559,412528707,66.946,50.0,residential,1,0
10500,3985298561,412528707,33.409,30.0,residential,1,1
10501,3985298561,3985298559,33.28,50.0,residential,1,1
10502,3985298562,412528770,35.436,30.0,residential,1,1
10503,3985298562,3985298561,27.946,50.0,residential,1,1
10504,3985298563,412528771,33.555,50.0,residential,1,0
10505,3985298563,412528770,45.646,50.0,residential,1,0
10506,3985298565,3985298563,35.84,50.0,residential,1,1
10507,3985298565,3985298562,46.216,50.0,residential,1,1
10508,3985298566,1628415510,66.839,50.0,residential,1,1
10509,3985298566,3985298565,41.666,50.0,residential,1,1
10510,3985298575,3985298582,8.147,50.0,residential,1,1
10511,3985298576,3621265272,51.436,50.0,residential,1,1
10512,3985298576,3985298575,26.07,50.0,residential,1,1
10513,3985298578,3985298576,13.488999999999999,50.0,residential,1,1
10514,3985298579,440059978,29.276,50.0,residential,1,1
10515,3985298579,3985298578,21.358999999999998,50.0,residential,1,1
10516,3985298582,7056968251,80.34,50.0,residential,2,1
10517,3985298582,3985298595,30.61,50.0,residential,1,1
10518,3985298592,384759545,26.079,50.0,residential,1,1
10519,3985298592,1724608656,36.168,50.0,secondary_link,1,1
10520,3985298595,3985298579,7.316000000000001,50.0,residential,1,1
10521,3985733417,4508998810,18.953,60.0,secondary,1,1
10522,3986030958,3525081283,106.889,50.0,residential,1,0
10523,3986557762,1757673390,61.604,50.0,trunk_link,1,1
10524,3986557762,334634466,43.632,50.0,tertiary,1,1
10525,3987152341,10578320574,8.221,50.0,residential,1,1
10526,3987152341,384732671,74.516,30.0,residential,1,1
10527,3987152342,3988271551,100.77,50.0,residential,1,1
10528,3987152342,3987152341,69.734,30.0,residential,1,1
10529,3988271548,3988271549,35.76499999999999,50.0,residential,1,1
10530,3988271548,289499143,521.8839999999999,50.0,residential,1,0
10531,3988271549,3988271548,29.503999999999998,50.0,residential,1,1
10532,3988271549,10976816535,128.057,50.0,residential,1,0
10533,3988271551,384679001,171.751,50.0,residential,1,1
10534,3988271551,5923748619,63.045,50.0,secondary,3,1
10535,3990123466,1695279025,54.837,50.0,tertiary,2,1
10536,3990123466,1695279038,9.986,50.0,residential,1,0
10537,3990123466,17703745,115.28099999999999,50.0,residential,1,0
10538,3990123467,3990123468,29.127,30.0,residential,1,0
10539,3990123468,3990123467,29.127,30.0,residential,1,0
10540,3990123468,1695279038,79.99699999999999,30.0,residential,1,1
10541,3990123475,1698173556,48.232,30.0,tertiary,1,1
10542,3991299385,417642197,68.344,30.0,residential,1,1
10543,3991299385,10579550535,5.556,30.0,residential,1,0
10544,3991299391,417643435,129.193,30.0,residential,1,0
10545,3991299393,417644329,141.355,30.0,living_street,1,0
10546,3992078710,978369739,37.428,30.0,residential,1,1
10547,3992078710,978358922,110.084,30.0,residential,1,1
10548,3992078740,6760419096,79.106,30.0,residential,1,0
10549,3992078740,3297098845,12.332,50.0,tertiary,2,0
10550,3992078740,365769816,109.264,50.0,tertiary,2,0
10551,3992078752,1198023631,10.489,50.0,residential,1,0
10552,3992078752,365766139,59.60100000000001,50.0,residential,1,1
10553,3992798245,34651077,84.91,50.0,tertiary,2,0
10554,3992798245,1121709435,101.799,50.0,tertiary,2,1
10555,3992803564,384609471,24.939,50.0,residential,1,0
10556,3992803564,3992803565,166.351,50.0,tertiary,1,1
10557,3992803565,311001062,176.73600000000002,50.0,tertiary,2,1
10558,3992803565,3992803567,23.215,50.0,tertiary,1,1
10559,3992803566,384613399,67.577,30.0,tertiary,1,1
10560,3992803566,384609471,221.64800000000002,50.0,residential,1,1
10561,3992803567,3992803566,50.119,30.0,tertiary,1,1
10562,3992803567,384609471,163.949,50.0,tertiary,2,1
10563,3992803577,2365353799,35.917,50.0,tertiary,3,0
10564,3992803577,2365353816,36.768,50.0,residential,1,1
10565,3992803577,2469958092,56.942,50.0,tertiary,3,0
10566,3997365733,290033968,285.98199999999997,50.0,secondary,3,1
10567,3997365735,2111407157,19.834,30.0,residential,1,1
10568,3997365735,3997365733,29.555999999999997,50.0,secondary_link,1,1
10569,3999780946,3999780947,69.208,30.0,living_street,1,0
10570,3999780947,3999780946,69.208,30.0,living_street,1,0
10571,3999780947,1234762968,14.058,50.0,secondary,2,1
10572,3999797591,563916843,27.949,30.0,residential,1,0
10573,3999875641,514357167,9.066,50.0,tertiary,1,1
10574,3999875641,2108063292,55.089,30.0,residential,1,1
10575,4000722256,4415217475,131.244,50.0,tertiary,1,1
10576,4000823192,3570389094,11.8,50.0,unclassified,1,0
10577,4000823192,1387191993,104.54,50.0,secondary,3,1
10578,4000823193,3736070220,12.445,50.0,residential,1,0
10579,4000823193,530185827,20.973,50.0,residential,1,0
10580,4000823194,4000823193,33.88,50.0,secondary_link,1,1
10581,4000823194,530185827,26.357999999999997,50.0,secondary,2,1
10582,4010257603,3612842299,19.477,50.0,residential,1,0
10583,4010257603,279713608,77.476,50.0,residential,2,0
10584,4010257615,279713616,70.891,50.0,residential,2,1
10585,4010257616,317214414,169.31,50.0,residential,1,1
10586,4010257616,4010257615,18.630000000000003,50.0,residential,1,1
10587,4010782672,339997764,293.775,60.0,secondary,3,1
10588,4010782672,6077474273,519.7070000000001,30.0,residential,1,1
10589,4013462837,1628415504,87.949,50.0,residential,1,0
10590,4013462837,357491441,58.49,50.0,residential,1,1
10591,4014448473,267815381,104.443,50.0,tertiary,1,1
10592,4014448473,332205774,105.592,50.0,residential,1,1
10593,4014513958,1731265585,208.53799999999998,50.0,residential,1,1
10594,4014513958,9970960129,102.773,50.0,tertiary,3,1
10595,4014929254,34650800,55.239,50.0,tertiary,2,1
10596,4017282098,1234762861,13.335,50.0,tertiary,3,1
10597,4017282098,1121649521,92.594,50.0,tertiary,2,1
10598,4017282099,4017282098,10.63,50.0,tertiary,2,1
10599,4017282099,1953636954,19.249000000000002,50.0,tertiary,2,1
10600,4017282120,1953637013,203.701,50.0,tertiary,2,1
10601,4017282123,289503541,9.411,50.0,residential,1,0
10602,4017282123,4017282124,20.935,50.0,residential,1,1
10603,4017282124,1272411980,52.093,50.0,tertiary,1,1
10604,4017282126,4017282124,29.67,50.0,tertiary,1,1
10605,4017282126,4017282123,26.83,50.0,residential,1,1
10606,4018510522,279713616,105.457,50.0,residential,2,1
10607,4018510533,4018510534,30.099,50.0,residential,3,0
10608,4018510533,4018510522,27.666999999999998,50.0,residential,1,1
10609,4018510534,4018510533,30.099,50.0,residential,3,0
10610,4018510534,12115376830,16.673,50.0,residential,1,1
10611,4018542415,384674962,29.852,50.0,residential,1,1
10612,4018542415,3659571733,56.343,50.0,residential,2,0
10613,4018542421,1628415506,19.115,50.0,residential,1,0
10614,4020571610,8125165329,68.647,50.0,tertiary,2,1
10615,4020571610,3667593236,10.837,50.0,tertiary,2,1
10616,4023817515,539628367,35.169,30.0,residential,1,1
10617,4023817515,384677768,30.301,30.0,residential,1,0
10618,4031900533,287237222,177.187,30.0,tertiary,1,1
10619,4031900544,2144241319,10.596,50.0,tertiary,1,1
10620,4031900544,2144241316,39.633,50.0,tertiary_link,1,1
10621,4031900547,339421078,35.112,30.0,residential,1,0
10622,4031900547,747780542,42.171,50.0,residential,1,1
10623,4033905181,410114835,27.245,50.0,residential,1,0
10624,4033905186,405124989,51.709,30.0,residential,1,0
10625,4033905186,404498395,55.926,30.0,residential,1,0
10626,4033905186,404498390,57.135,30.0,residential,1,0
10627,4057414386,6579560109,7.758,50.0,residential,1,0
10628,4057414386,6579560114,34.617999999999995,50.0,residential,1,1
10629,4057414388,4173072397,106.959,50.0,residential,1,0
10630,4057414388,849307639,44.272,50.0,residential,1,1
10631,4060733696,11018836787,67.225,50.0,residential,1,0
10632,4060733735,540447075,10.301,50.0,residential,1,0
10633,4060733735,1575611073,133.602,50.0,tertiary,2,1
10634,4064096503,1568022547,65.952,50.0,residential,1,0
10635,4064096503,4064096512,23.982999999999997,50.0,residential,1,1
10636,4064096512,1569154981,189.726,50.0,residential,1,0
10637,4064096512,4064096513,16.938000000000002,50.0,residential,1,1
10638,4064096513,4064096503,16.817,50.0,residential,1,1
10639,4064096513,1571656126,68.807,50.0,residential,1,0
10640,4064420014,2995641039,46.886,50.0,unclassified,1,0
10641,4064420023,4064420025,13.723,50.0,motorway_link,2,1
10642,4064420023,2213119641,25.7,50.0,primary,2,1
10643,4064420025,2213119647,70.41600000000001,50.0,motorway_link,2,1
10644,4064420025,1225576605,165.501,50.0,primary,2,1
10645,4064420031,346150382,43.153,50.0,residential,1,0
10646,4066061782,340121936,46.585,30.0,secondary,2,1
10647,4066073761,8400880071,18.754,50.0,secondary,3,1
10648,4066073761,591891458,37.765,50.0,motorway_link,3,1
10649,4067822527,9077150014,13.982,50.0,tertiary,1,1
10650,4067822530,1171608313,21.307000000000002,50.0,tertiary,1,1
10651,4071359743,534376059,372.7780000000001,30.0,"['residential', 'living_street']",1,0
10652,4079232701,4079232703,34.35,50.0,residential,1,1
10653,4079232701,617747293,311.473,30.0,residential,1,0
10654,4079232702,4079232701,35.798,50.0,residential,1,1
10655,4079232702,4079232703,37.650999999999996,60.0,secondary,4,1
10656,4079232703,270425997,362.112,60.0,secondary,4,1
10657,4082010253,339468118,6.826,50.0,residential,1,0
10658,4082010253,339475018,122.30499999999999,50.0,residential,1,1
10659,4082010253,2374499613,70.798,50.0,tertiary,2,1
10660,4082010268,4082010275,7.843,50.0,residential,1,0
10661,4082010268,440045043,102.201,50.0,residential,3,1
10662,4082010268,3700677373,170.70200000000003,50.0,residential,1,1
10663,4082010275,4082010268,7.843,50.0,residential,1,0
10664,4082010275,12953147551,58.301,50.0,residential,1,0
10665,4082010275,3697053930,104.617,50.0,residential,1,1
10666,4084752266,6420450332,14.003,50.0,tertiary,1,1
10667,4084752266,12292683837,14.392,50.0,secondary,2,1
10668,4085651845,1678949806,143.844,50.0,tertiary,3,1
10669,4086326499,4086326504,28.264,50.0,tertiary,1,1
10670,4086326499,11768516726,86.01,50.0,tertiary,1,1
10671,4086326504,9970960139,67.38900000000001,50.0,tertiary,2,1
10672,4088996516,2481674102,35.189,50.0,secondary,1,1
10673,4088996516,2481674094,31.705,50.0,secondary,1,1
10674,4088996516,2131481379,34.056,50.0,secondary,1,1
10675,4089921570,3693554179,141.98200000000003,30.0,"['residential', 'living_street']",1,0
10676,4095100618,17703736,178.997,50.0,primary,4,1
10677,4113619421,335853185,25.373,50.0,tertiary,1,1
10678,4113619442,415448066,69.619,30.0,residential,1,0
10679,4113619442,415447423,5.985,50.0,tertiary,1,1
10680,4131676722,1568022457,22.125,50.0,residential,1,0
10681,4131676722,1568022456,30.493,50.0,residential,1,0
10682,4131676722,4131676723,33.629,50.0,residential,1,0
10683,4131676723,4131676722,33.629,50.0,residential,1,0
10684,4131740918,1199953197,96.02199999999999,30.0,residential,1,1
10685,4131740918,580717677,13.617,50.0,residential,1,0
10686,4131740925,472591153,60.921,30.0,residential,1,1
10687,4134443792,1574692820,26.95,50.0,residential,1,0
10688,4134443792,4134443794,15.98,50.0,residential,1,1
10689,4134443793,4134443794,20.811,50.0,secondary,3,1
10690,4134443793,4134443792,16.712,50.0,residential,1,1
10691,4134443794,13444518040,42.889,50.0,secondary,3,1
10692,4134443819,1574692749,75.501,50.0,residential,1,1
10693,4134443819,1574692820,64.538,50.0,residential,1,1
10694,4134443842,1574692916,29.005,50.0,residential,1,0
10695,4135912116,4135912160,42.446,50.0,residential,1,0
10696,4135912116,849307633,51.915,50.0,residential,1,1
10697,4135912119,4135913599,7.043,50.0,residential,1,1
10698,4135912126,4135912160,40.978,50.0,residential,1,1
10699,4135912126,4173072390,17.683,50.0,residential,1,1
10700,4135912141,1128602941,23.859,50.0,residential,1,0
10701,4135912141,4135913597,40.399,50.0,residential,1,1
10702,4135912142,4135913643,8.466,50.0,residential,1,1
10703,4135912159,4173059487,11.9,50.0,residential,1,1
10704,4135912159,314957880,268.553,50.0,tertiary,1,1
10705,4135912160,4135912116,42.446,50.0,residential,1,0
10706,4135912160,4173072390,42.112,50.0,residential,1,1
10707,4135912167,4135912142,10.883,50.0,residential,1,1
10708,4135912167,4135912126,228.747,50.0,residential,1,1
10709,4135913589,4135913608,28.564999999999998,50.0,tertiary_link,1,1
10710,4135913589,4173059486,19.923,50.0,residential,1,1
10711,4135913597,1128602921,61.341,50.0,residential,1,0
10712,4135913597,4135913663,8.853,50.0,residential,1,0
10713,4135913597,4135912167,61.20100000000001,50.0,residential,1,1
10714,4135913599,4135912142,233.20399999999998,50.0,residential,1,1
10715,4135913599,4135912126,17.884999999999998,50.0,residential,1,1
10716,4135913608,989278076,187.50800000000004,50.0,tertiary,1,1
10717,4135913628,4135913655,14.752,50.0,residential,1,1
10718,4135913628,6579560111,7.238,50.0,residential,1,1
10719,4135913635,4135912119,69.083,50.0,tertiary_link,1,1
10720,4135913635,4173059487,63.724999999999994,50.0,tertiary,1,1
10721,4135913643,4173072393,10.904,50.0,residential,1,1
10722,4135913643,4173072393,188.00800000000004,50.0,residential,1,1
10723,4135913655,6579560111,18.305,50.0,residential,1,1
10724,4135913655,1128602912,12.97,50.0,residential,1,0
10725,4135913663,4135913597,8.853,50.0,residential,1,0
10726,4135913663,4135912141,39.414,50.0,residential,1,1
10727,4135913663,722421613,172.39499999999998,50.0,residential,1,0
10728,4139634013,4139634014,30.529,50.0,residential,1,0
10729,4139634014,4139634013,30.529,50.0,residential,1,0
10730,4139634014,1199953165,25.927,50.0,residential,1,0
10731,4139634014,1199953171,55.42100000000001,50.0,residential,1,0
10732,4139634015,1208799525,48.856,50.0,residential,1,0
10733,4139634023,496175385,33.892,50.0,residential,1,1
10734,4139634029,4139634023,16.262,30.0,residential,1,1
10735,4139634029,384674787,40.027,50.0,residential,1,1
10736,4139634056,4139634057,8.479,50.0,living_street,1,0
10737,4139634056,2446033616,12.435,50.0,living_street,1,0
10738,4139634056,580704870,92.487,50.0,living_street,1,0
10739,4139634057,4139634056,8.479,50.0,living_street,1,0
10740,4139634059,4139634060,12.513,50.0,living_street,1,0
10741,4139634059,580704870,60.736,50.0,living_street,1,0
10742,4139634059,1404447602,30.448,50.0,living_street,1,0
10743,4139634060,4139634059,12.513,50.0,living_street,1,0
10744,4141006990,2470061865,153.276,50.0,tertiary,3,0
10745,4141006990,13167218927,22.761000000000003,50.0,tertiary,1,1
10746,4162302818,886143319,36.601,50.0,residential,1,1
10747,4162302824,1143763370,36.14,50.0,residential,1,0
10748,4162302824,4162302818,69.599,50.0,residential,1,1
10749,4162302824,4162302826,19.114,50.0,residential,1,0
10750,4162302826,4162302824,19.114,50.0,residential,1,0
10751,4162302827,1931858763,23.752,50.0,residential,1,0
10752,4162302831,318412288,62.84,50.0,residential,1,0
10753,4162302831,549244215,117.713,50.0,residential,1,1
10754,4162302831,318752375,70.72300000000001,50.0,residential,1,0
10755,4162302833,1718632832,30.727,50.0,residential,1,0
10756,4162302833,4162302834,43.569,50.0,residential,1,0
10757,4162302833,935479472,54.553,50.0,residential,1,0
10758,4162302833,318181834,62.288000000000004,50.0,residential,1,0
10759,4162302834,4162302833,43.569,50.0,residential,1,0
10760,4162302836,935479472,54.429,50.0,residential,1,0
10761,4162302874,4162302880,38.291,50.0,residential,1,0
10762,4162302874,6133593966,75.134,50.0,residential,1,0
10763,4162302874,1951178807,61.155,50.0,residential,1,0
10764,4162302880,4162302874,38.291,50.0,residential,1,0
10765,4165518776,4165518783,16.299,50.0,tertiary,1,1
10766,4165518776,2657949196,479.98900000000003,50.0,secondary,3,1
10767,4165518777,1568022477,32.173,50.0,residential,1,0
10768,4165518778,1568022606,156.477,50.0,residential,1,0
10769,4165518778,4165518779,55.54,50.0,tertiary,1,0
10770,4165518778,1568022373,61.966,50.0,tertiary,1,0
10771,4165518779,1568022437,62.683,50.0,tertiary,1,0
10772,4165518779,4165518778,55.54,50.0,tertiary,1,0
10773,4165518779,1568022618,102.712,50.0,residential,1,1
10774,4165518779,1568022537,156.86,50.0,residential,1,0
10775,4165518782,1566056268,22.253,50.0,tertiary,1,1
10776,4165518782,1568022373,54.081,50.0,tertiary,1,0
10777,4165518783,1566056268,8.552,50.0,secondary,3,1
10778,4165518783,4165518782,22.987000000000002,50.0,tertiary,1,1
10779,4165519902,1568022550,68.213,50.0,residential,1,0
10780,4165519902,1568022401,53.515,50.0,residential,1,0
10781,4165519902,1568022537,52.077,50.0,residential,1,0
10782,4166597195,2473987503,13.063,50.0,tertiary,1,1
10783,4166597195,286546551,74.953,50.0,tertiary,1,1
10784,4166597202,1209000995,156.8,50.0,tertiary,1,1
10785,4166597202,2144017077,17.45,50.0,tertiary,2,1
10786,4170418930,540421320,83.393,50.0,residential,1,1
10787,4170418930,496176177,95.868,50.0,residential,1,1
10788,4170418930,514356775,43.199999999999996,50.0,residential,1,0
10789,4170418936,2108063278,145.667,50.0,residential,1,0
10790,4170418936,514350359,79.50999999999999,50.0,tertiary,1,1
10791,4173059486,4135912159,13.398,50.0,residential,1,1
10792,4173059486,4135913608,20.897000000000002,50.0,tertiary,1,1
10793,4173059487,4173059486,13.842,50.0,tertiary,1,1
10794,4173059487,4135912119,19.704,50.0,residential,1,1
10795,4173059488,989278076,13.87,30.0,residential,1,0
10796,4173059488,381554811,120.149,30.0,residential,1,0
10797,4173059488,4135912159,209.028,50.0,tertiary,1,1
10798,4173072390,4135913589,5.832,50.0,residential,1,1
10799,4173072392,417632982,38.313,50.0,residential,1,1
10800,4173072392,4173072396,51.923,50.0,residential,1,0
10801,4173072393,4135912167,8.297,50.0,residential,1,1
10802,4173072393,4135913663,62.178000000000004,50.0,residential,1,1
10803,4173072396,4173072397,5.888,50.0,residential,1,0
10804,4173072396,4173072392,51.923,50.0,residential,1,0
10805,4173072397,4057414388,106.959,50.0,residential,1,0
10806,4173072397,4173072396,5.888,50.0,residential,1,0
10807,4173072397,6579560105,101.88100000000001,50.0,residential,1,1
10808,4177163632,12996096279,59.302,30.0,residential,1,0
10809,4177163632,338523918,99.824,30.0,residential,1,1
10810,4177163633,13064730787,60.825,30.0,residential,1,0
10811,4177163633,4177163632,78.174,30.0,residential,1,1
10812,4178326221,2612606596,65.092,50.0,tertiary,2,1
10813,4178326221,4178326222,165.24200000000002,50.0,tertiary,2,0
10814,4178326222,4178326223,97.04700000000003,50.0,tertiary,2,1
10815,4178326222,4178326221,165.24200000000002,50.0,tertiary,2,0
10816,4178326223,4178326224,26.479,50.0,tertiary,2,0
10817,4178326223,4178326222,96.85600000000001,50.0,tertiary,2,1
10818,4178326224,4178326223,26.479,50.0,tertiary,2,0
10819,4178326224,560451828,52.37,50.0,tertiary,2,1
10820,4188285331,340001868,19.757,60.0,secondary,4,1
10821,4188285331,3564373599,40.544,50.0,unclassified,1,1
10822,4202176342,1157437088,236.04199999999997,50.0,residential,1,0
10823,4203241203,416626378,83.067,30.0,residential,1,0
10824,4203241203,479362204,100.097,30.0,residential,1,0
10825,4203241203,479364099,117.39000000000001,30.0,residential,1,0
10826,4204587168,3912852015,89.436,50.0,secondary,3,1
10827,4207109268,1566056552,9.485,30.0,residential,1,1
10828,4220237826,417632981,8.205,50.0,residential,1,1
10829,4220237826,417635284,43.239999999999995,30.0,residential,1,0
10830,4225213063,2079042288,43.032999999999994,50.0,unclassified,1,1
10831,4232510967,2079042306,23.465000000000003,50.0,unclassified,1,1
10832,4252486759,5502073963,464.73599999999993,50.0,residential,1,0
10833,4252486759,4095100618,56.196,50.0,residential,1,1
10834,4253794363,1571763771,65.82900000000001,50.0,residential,1,1
10835,4289060558,290033964,115.387,50.0,tertiary,2,1
10836,4289060558,4289060584,116.64500000000001,50.0,unclassified,2,0
10837,4289060584,4289060585,34.127,50.0,unclassified,1,0
10838,4289060584,4289061616,39.554,50.0,unclassified,1,0
10839,4289060584,4289060558,116.64500000000001,50.0,unclassified,2,0
10840,4289060585,4289060584,34.127,50.0,unclassified,1,0
10841,4289061616,4289060584,39.554,50.0,unclassified,1,0
10842,4413855649,1672351151,44.648,50.0,tertiary,2,1
10843,4413855650,384613775,84.795,50.0,residential,1,1
10844,4413855650,13628697811,96.90100000000001,50.0,tertiary,3,1
10845,4415217475,1107293669,14.744,50.0,tertiary,1,1
10846,4415217475,2144241320,379.07599999999996,50.0,tertiary,3,1
10847,4415217477,4415217475,10.146,50.0,tertiary,3,1
10848,4415217477,2698056298,40.429,50.0,tertiary,1,1
10849,4415217481,4415218497,30.895,50.0,residential,1,1
10850,4415217481,287237219,25.438,50.0,residential,1,1
10851,4415217486,6077474269,37.55,50.0,residential,1,0
10852,4415217486,291705524,71.606,50.0,residential,1,0
10853,4415217486,4415217481,236.20999999999998,50.0,residential,1,1
10854,4415218497,4415218499,123.921,50.0,tertiary,1,1
10855,4415218499,1122085761,10.813,50.0,tertiary,1,0
10856,4415218499,5909488104,317.02,50.0,tertiary,1,1
10857,4416355537,4416355538,39.979,50.0,motorway_link,1,1
10858,4416355537,366926629,35.262,50.0,motorway_link,2,1
10859,4416355538,1104837187,105.968,50.0,secondary,5,1
10860,4439377039,4439377040,34.453,50.0,residential,1,0
10861,4439377039,8560706148,140.711,50.0,residential,1,1
10862,4439377040,4439377039,34.453,50.0,residential,1,0
10863,4469983969,4494654594,10.976,50.0,tertiary,2,1
10864,4469983969,285954389,62.354,50.0,tertiary,2,0
10865,4469983969,339420780,81.591,50.0,secondary,1,1
10866,4475762404,4475762405,23.922,50.0,tertiary,3,1
10867,4475762405,282458173,65.746,50.0,residential,1,1
10868,4475762405,287572290,38.062,50.0,tertiary,3,1
10869,4484352857,412405070,78.765,30.0,residential,1,1
10870,4484352857,412404248,68.835,30.0,residential,1,1
10871,4494654594,267815053,5.104,50.0,secondary,1,1
10872,4494654594,332203929,123.17899999999999,50.0,tertiary,2,1
10873,4508998791,420270888,85.876,50.0,residential,1,0
10874,4508998810,471558810,15.64,60.0,secondary,1,1
10875,4508998810,471558814,47.61,50.0,residential,1,1
10876,4517981860,5163526814,47.016,50.0,residential,1,0
10877,4517981860,367608169,107.929,30.0,tertiary,1,1
10878,4520938052,1569154985,59.864,50.0,residential,1,0
10879,4520938052,1569154989,12.464,50.0,residential,1,0
10880,4520938052,4520938054,59.525,50.0,residential,1,0
10881,4520938054,4520938052,59.525,50.0,residential,1,0
10882,4520945911,1571656126,22.768,50.0,residential,1,1
10883,4520945911,4520945912,8.793,50.0,residential,1,1
10884,4520945912,4520945911,112.858,50.0,residential,1,1
10885,4523332810,415990088,84.431,50.0,tertiary,2,1
10886,4523476061,345753220,61.084,30.0,residential,1,1
10887,4523476061,340234058,67.899,30.0,residential,1,1
10888,4569105736,2987514840,17.037,50.0,residential,1,1
10889,4569105736,2987514997,26.241,50.0,residential,1,1
10890,4582891013,540431354,162.96,50.0,living_street,1,1
10891,4582891013,1628430716,59.836,50.0,residential,1,0
10892,4593945197,471556322,81.832,30.0,living_street,1,0
10893,4637004586,540433475,65.26,50.0,residential,2,1
10894,4637004586,540433477,186.667,50.0,residential,1,0
10895,4637515475,384731941,143.698,50.0,residential,1,0
10896,4649675001,342325220,209.833,30.0,residential,1,1
10897,4649675001,412872360,59.322,30.0,residential,1,0
10898,4664862036,284905902,71.68,30.0,residential,1,1
10899,4664862036,284903708,75.174,30.0,residential,1,0
10900,4664862036,285954389,234.42600000000002,50.0,tertiary,2,0
10901,4664862036,282407636,169.808,50.0,tertiary,2,0
10902,4664862039,5909488103,17.575,50.0,residential,1,1
10903,4664862039,444731202,89.595,50.0,tertiary,1,1
10904,4664862040,5832473407,219.152,30.0,living_street,1,1
10905,4664862040,5832473407,139.203,30.0,residential,1,1
10906,4665356128,416632613,152.8,30.0,residential,1,0
10907,4665356128,416633134,16.127,30.0,residential,1,0
10908,4704279199,1198031707,65.87199999999999,30.0,living_street,1,0
10909,4708890371,4708890372,136.671,50.0,secondary,4,1
10910,4708890371,3060912332,96.405,50.0,motorway_link,1,1
10911,4708890372,411815423,17.412,50.0,motorway_link,1,1
10912,4708890372,411816372,32.531,50.0,secondary,2,1
10913,4714893624,540430951,67.573,50.0,residential,2,0
10914,4714893624,2437717857,69.722,50.0,residential,1,1
10915,4715010762,2470035561,117.99199999999999,50.0,residential,1,1
10916,4715010764,1931841500,74.673,50.0,residential,1,0
10917,4715570339,4715570340,15.117,50.0,secondary,2,1
10918,4715570339,12368649407,191.513,50.0,secondary,1,1
10919,4715570340,1143770964,15.472,50.0,secondary,1,1
10920,4715570340,291319426,38.403,50.0,secondary,2,1
10921,4715570342,291319426,39.067,50.0,secondary_link,1,1
10922,4715570342,4715570340,38.427,50.0,secondary,3,1
10923,4716247508,4716247523,7.2620000000000005,50.0,tertiary,1,1
10924,4716247508,1198031707,67.994,50.0,residential,2,0
10925,4716247518,4716247508,29.506,50.0,tertiary,1,1
10926,4716247518,5928553628,111.964,30.0,tertiary,2,0
10927,4716247523,318758601,22.375,50.0,tertiary,1,1
10928,4716344838,1931861661,67.063,50.0,residential,1,0
10929,4716344841,978369629,26.192,50.0,residential,1,1
10930,4716344841,472591136,12.636,50.0,residential,1,1
10931,4716344842,978369629,32.601,30.0,residential,1,1
10932,4716344842,11012847678,28.9,50.0,residential,1,0
10933,4716344842,978369656,45.703,50.0,residential,1,1
10934,4755318751,1064391656,10.155,50.0,tertiary,1,1
10935,4755318751,1801631020,31.464999999999996,50.0,secondary_link,1,1
10936,4755318753,10008579051,59.053,50.0,tertiary,1,1
10937,4755318753,1064391618,6.3309999999999995,50.0,tertiary,1,1
10938,4755318765,1104543123,63.553000000000004,50.0,secondary_link,1,1
10939,4755318765,316022680,49.871,60.0,secondary,3,1
10940,4755318773,4903471073,35.378,60.0,secondary,4,1
10941,4755318773,428196558,27.147999999999996,50.0,secondary_link,1,1
10942,4831211731,412399295,25.876,30.0,residential,1,1
10943,4831211731,2469848162,101.69500000000001,50.0,tertiary,1,1
10944,4831211734,799400621,63.25600000000001,50.0,tertiary,1,1
10945,4831211734,12484028607,209.248,50.0,tertiary,1,0
10946,4833025980,286643432,41.805,30.0,residential,1,0
10947,4852121100,1692356596,8.488,50.0,residential,1,1
10948,4852121100,11610842369,19.264,50.0,tertiary,1,1
10949,4852121101,4852121100,7.069,50.0,tertiary,1,1
10950,4852121101,2987512660,223.15,50.0,residential,1,1
10951,4852355517,4135913635,177.785,50.0,tertiary,1,1
10952,4865879049,2203627202,92.78399999999999,50.0,tertiary,1,1
10953,4875389968,1187703963,106.337,50.0,residential,1,0
10954,4903471073,342293381,253.70900000000003,60.0,secondary,4,1
10955,4927800392,4927800393,104.813,30.0,residential,1,0
10956,4927800392,342329928,132.427,30.0,residential,1,1
10957,4927800393,4927800392,104.813,30.0,residential,1,0
10958,4963529977,1696746402,141.599,30.0,residential,1,0
10959,4963529977,4963529977,67.32900000000001,30.0,residential,1,1
10960,4967488032,580709623,38.991,50.0,residential,1,0
10961,4967488032,286542526,74.544,50.0,residential,1,1
10962,4970950150,1199953208,48.744,30.0,residential,1,1
10963,4970950150,1199956971,44.711999999999996,50.0,residential,1,1
10964,4970978701,414719542,12.563,50.0,tertiary,1,1
10965,4970978703,1163053962,29.301999999999996,50.0,tertiary,1,1
10966,4995069457,2343721438,21.222999999999995,30.0,tertiary,1,1
10967,4995069457,413898295,316.972,30.0,tertiary,1,1
10968,5010962692,5852226409,78.257,50.0,residential,1,0
10969,5029581494,1122432830,126.275,50.0,secondary,2,1
10970,5029581497,5029581494,106.38099999999999,50.0,unclassified,1,1
10971,5029581497,6139395800,170.733,50.0,unclassified,1,0
10972,5029581500,5029581494,21.877,50.0,secondary,2,1
10973,5029581500,5029581497,113.377,50.0,unclassified,1,1
10974,5104788482,1143763384,64.34400000000001,30.0,residential,1,1
10975,5163526814,5163526949,377.71700000000004,50.0,residential,1,0
10976,5163526814,5163526949,308.694,50.0,residential,1,0
10977,5163526814,4517981860,47.016,50.0,residential,1,0
10978,5163526949,5163526814,377.717,50.0,residential,1,0
10979,5163526949,5163526814,308.694,50.0,residential,1,0
10980,5163526949,7560875873,33.136,50.0,residential,1,0
10981,5194536394,983958273,72.801,50.0,residential,1,1
10982,5194536394,1574582425,165.535,50.0,residential,1,1
10983,5194536395,5194536394,3.704,50.0,residential,1,1
10984,5194536395,1574582460,167.497,50.0,residential,1,1
10985,5219478944,978358950,42.51,30.0,living_street,1,0
10986,5264234782,2485930974,49.964,30.0,tertiary,1,0
10987,5264234782,434304760,106.80099999999999,30.0,tertiary,1,0
10988,5264234782,434304762,168.139,30.0,residential,1,0
10989,5264242747,958076404,61.837,30.0,residential,1,0
10990,5264242747,958074236,144.70999999999998,30.0,residential,1,1
10991,5265711631,563982964,59.344,50.0,residential,1,0
10992,5265711631,6427604034,24.577,50.0,residential,1,1
10993,5270167232,9982045012,83.71,30.0,residential,1,1
10994,5270167234,2084996298,73.58,30.0,residential,1,1
10995,5270167234,5270167235,147.572,30.0,living_street,1,1
10996,5270167235,5270167232,39.189,30.0,living_street,1,1
10997,5270167235,9982045011,114.974,30.0,living_street,1,0
10998,5291292908,889984867,34.562,50.0,residential,1,0
10999,5318369258,2133110773,146.16299999999998,30.0,residential,1,0
11000,5339182017,10127317574,82.75,50.0,residential,1,1
11001,5339182017,3762374460,12.805,50.0,residential,1,0
11002,5339182018,10127317574,7.713,50.0,residential,1,1
11003,5339182018,5339182017,77.476,50.0,residential,1,1
11004,5339182019,5339182018,62.065,50.0,residential,1,1
11005,5339182019,5422323191,15.239,50.0,residential,1,1
11006,5346499550,534365214,49.235,50.0,primary,2,1
11007,5346499550,5346499553,57.316,50.0,primary_link,1,1
11008,5346499553,534365214,23.459,50.0,residential,1,0
11009,5346499554,5346499563,18.039,50.0,residential,1,1
11010,5346499554,563982081,124.7,50.0,residential,1,1
11011,5346499563,5265711631,24.995,50.0,residential,1,1
11012,5346499563,6427604034,12.738,50.0,residential,1,1
11013,5375825415,5853901002,44.995000000000005,50.0,residential,1,0
11014,5422323172,5339182018,12.663,50.0,residential,1,1
11015,5422323172,6438921841,20.125,50.0,residential,1,1
11016,5422323172,5422323191,66.078,50.0,residential,1,1
11017,5422323191,5339182019,30.522000000000002,50.0,residential,1,1
11018,5422323211,6438921841,33.852,50.0,residential,1,0
11019,5502073963,4252486759,464.73600000000005,50.0,residential,1,0
11020,5502073963,5422323172,184.279,50.0,residential,1,1
11021,5594769620,1936278302,4.818,30.0,residential,1,1
11022,5594769620,1528640620,82.537,30.0,residential,1,0
11023,5594905580,1512098472,49.236,30.0,living_street,1,0
11024,5594905580,1512098472,82.668,30.0,living_street,1,0
11025,5596652341,1571656623,78.793,50.0,tertiary,2,1
11026,5596652341,2493584617,8.91,50.0,tertiary,2,1
11027,5604911212,340377004,75.15400000000001,50.0,tertiary,1,1
11028,5604911212,12974302797,18.113,50.0,tertiary,1,1
11029,5617978967,5617979005,66.654,50.0,residential,1,0
11030,5617979005,5617978967,66.654,50.0,residential,1,0
11031,5617979005,410210117,140.05100000000002,50.0,residential,2,0
11032,5617979005,410210105,130.024,50.0,residential,2,0
11033,5617979332,410210105,83.313,50.0,residential,1,0
11034,5723720351,518158039,14.539,50.0,tertiary,1,1
11035,5723720351,404498395,120.843,50.0,tertiary,1,1
11036,5832473407,291705706,50.962,30.0,residential,1,1
11037,5838110301,2139243366,47.814,50.0,residential,1,0
11038,5852226393,442893237,146.082,50.0,residential,1,0
11039,5852226393,442893209,124.17699999999999,50.0,tertiary,1,1
11040,5852226402,1695278998,31.917,30.0,residential,1,0
11041,5852226409,1695278977,42.742,50.0,residential,1,0
11042,5852226409,1695278978,64.203,50.0,residential,1,0
11043,5852226409,5010962692,78.257,50.0,residential,1,0
11044,5852226416,1695278958,34.101,30.0,residential,1,0
11045,5852226417,5010962692,45.608,50.0,residential,1,1
11046,5852226417,5852226420,154.56500000000003,50.0,residential,3,0
11047,5852226420,5852226417,154.56499999999997,50.0,residential,3,0
11048,5852226420,6100854621,12.015,50.0,residential,1,1
11049,5852226420,5852226393,129.68200000000002,50.0,tertiary,1,1
11050,5853896368,1288293164,121.563,50.0,residential,1,0
11051,5853896369,563987463,303.823,30.0,residential,1,0
11052,5853900999,8024232184,5.975,50.0,primary,2,1
11053,5853901000,5853900999,26.109,50.0,primary,2,1
11054,5853901000,5853901002,22.758000000000003,50.0,residential,1,1
11055,5853901002,5375825415,44.995000000000005,50.0,residential,1,0
11056,5853901002,5853900999,16.407,50.0,residential,1,1
11057,5854741474,5854741476,49.933,50.0,residential,1,1
11058,5854741476,365767997,61.035,50.0,tertiary,1,1
11059,5854741478,580713243,49.293,50.0,residential,1,0
11060,5854741478,5854741474,31.346,50.0,residential,1,1
11061,5854741478,1208799516,146.212,50.0,residential,1,1
11062,5858082977,286369057,22.269,30.0,tertiary,1,1
11063,5858082977,1623602566,22.786,50.0,residential,1,1
11064,5861656575,412272584,36.273,50.0,residential,1,0
11065,5861656576,412272583,16.152,30.0,residential,1,0
11066,5861656576,343325366,160.168,30.0,residential,1,1
11067,5861656577,343326608,35.085,30.0,residential,1,0
11068,5861656577,5861656576,58.414,30.0,residential,1,1
11069,5862276273,375523753,62.095,30.0,residential,1,0
11070,5894576017,3540731264,17.916,50.0,residential,1,1
11071,5909488103,4664862040,65.47200000000001,30.0,residential,1,1
11072,5909488104,4664862039,25.510999999999996,50.0,tertiary,1,1
11073,5909488104,5909488103,30.122,50.0,tertiary_link,1,1
11074,5913155755,352936412,81.741,50.0,tertiary,1,0
11075,5913155755,1627531,240.35999999999996,50.0,tertiary,1,0
11076,5913155761,5913155755,83.717,30.0,residential,1,1
11077,5913155762,5913155761,56.838,30.0,residential,1,1
11078,5913155762,6060497159,78.63199999999999,30.0,residential,1,1
11079,5913217112,343325590,49.451,30.0,residential,1,0
11080,5913217112,343325524,68.482,30.0,residential,1,1
11081,5913217112,343325522,65.616,30.0,residential,1,0
11082,5913461266,4494654594,156.53300000000002,50.0,secondary,1,1
11083,5913461268,340378003,54.33200000000001,50.0,residential,1,0
11084,5913461268,5913461266,33.194,50.0,secondary_link,1,1
11085,5913461268,340007158,26.858,50.0,residential,1,0
11086,5914178738,416618882,111.738,50.0,primary,1,1
11087,5914178740,418860662,44.824,30.0,tertiary,1,0
11088,5914178740,369339274,18.993000000000002,30.0,tertiary,1,0
11089,5914178740,5914178738,30.873,50.0,primary_link,1,1
11090,5914178741,271878423,19.214,50.0,primary,1,1
11091,5914178741,5914178744,28.391999999999996,50.0,primary_link,1,1
11092,5914178744,369338839,47.524,30.0,tertiary,1,0
11093,5914178744,271878423,21.294,30.0,tertiary,1,0
11094,5914441596,5914441599,46.08,50.0,residential,1,0
11095,5914441599,350311049,47.577,50.0,residential,1,1
11096,5914441599,5914441596,46.080000000000005,50.0,residential,1,0
11097,5923748619,357504498,93.513,30.0,secondary,2,1
11098,5923748619,2469958048,102.66900000000001,50.0,residential,1,1
11099,5928155222,1208799508,51.324,30.0,residential,1,0
11100,5928553621,5928553622,15.998,50.0,residential,2,0
11101,5928553621,5928553628,33.566,30.0,tertiary,2,0
11102,5928553621,5928553657,26.676,50.0,tertiary,1,1
11103,5928553621,5928553629,23.265,50.0,tertiary,2,0
11104,5928553622,5928553621,15.998,50.0,residential,2,0
11105,5928553622,8718926517,80.237,50.0,residential,2,0
11106,5928553622,5928553657,21.052,50.0,residential,1,1
11107,5928553624,357520749,147.02599999999998,30.0,residential,1,1
11108,5928553624,8718926517,40.465,50.0,residential,1,1
11109,5928553628,5928553621,33.566,30.0,tertiary,2,0
11110,5928553628,5928553629,32.839999999999996,50.0,tertiary_link,1,1
11111,5928553628,4716247518,111.964,30.0,tertiary,2,0
11112,5928553629,5928553621,23.265,50.0,tertiary,2,0
11113,5928553629,1208924144,167.142,50.0,tertiary,2,0
11114,5928553650,1199373010,28.984,50.0,residential,1,1
11115,5928553657,472591158,45.02,50.0,tertiary,1,1
11116,5948023594,331408674,67.096,30.0,residential,1,0
11117,5948023594,358866427,161.832,30.0,residential,1,1
11118,5957905806,2268450648,45.968,50.0,residential,1,0
11119,5957905807,384726502,20.892,50.0,residential,1,0
11120,5957905808,2268450648,23.109,50.0,residential,1,0
11121,5957905816,579601793,16.282,50.0,residential,1,0
11122,5958785286,1199953176,54.545,30.0,residential,1,1
11123,5958785290,1199956977,30.488,50.0,residential,1,1
11124,5958785290,4970950150,66.426,50.0,residential,1,1
11125,5958934395,514357167,129.943,30.0,residential,1,0
11126,5959043985,384678214,77.192,50.0,residential,1,1
11127,5959043985,384677576,138.32999999999998,30.0,residential,1,1
11128,5959244491,412514559,120.927,30.0,residential,1,1
11129,5959244491,412516881,122.49300000000001,30.0,residential,1,1
11130,5988364211,1365179184,79.042,30.0,residential,1,0
11131,5988364211,351227764,90.604,30.0,residential,1,0
11132,5988364211,5988364212,11.743,30.0,residential,1,0
11133,5988364212,1365179182,69.546,30.0,residential,1,0
11134,5988364212,5988364211,11.743,30.0,residential,1,0
11135,5988364212,1688194329,193.39,30.0,residential,1,0
11136,6017519909,1995922116,38.212,50.0,living_street,1,0
11137,6017594665,6017594666,44.711,50.0,tertiary,1,1
11138,6017594665,6454785174,23.749000000000002,50.0,tertiary,1,1
11139,6017594666,6454785174,33.836,50.0,tertiary,1,1
11140,6017594666,540442988,265.19,50.0,tertiary,1,0
11141,6017594673,540442029,168.243,50.0,residential,1,0
11142,6017594673,540440777,112.432,50.0,residential,1,0
11143,6017594673,540442056,102.93299999999999,50.0,residential,1,0
11144,6017594674,540442056,24.866999999999997,50.0,residential,1,0
11145,6017594675,540440776,72.48,50.0,residential,1,0
11146,6017732743,13123373642,104.96499999999999,30.0,"['residential', 'living_street']",1,0
11147,6017732745,1474027257,32.132,50.0,residential,1,0
11148,6017732745,2099662194,79.352,30.0,living_street,1,0
11149,6017732745,799423919,64.309,50.0,residential,1,0
11150,6017732748,6017732764,13.749,30.0,residential,1,0
11151,6017732748,799423906,20.886000000000003,50.0,residential,1,1
11152,6017732764,540448630,74.554,30.0,residential,1,0
11153,6017732764,6017732748,13.748999999999999,30.0,residential,1,0
11154,6017732764,13120785866,196.319,50.0,residential,1,1
11155,6019222305,1143763276,25.353,50.0,residential,1,0
11156,6019222305,318186699,45.361,50.0,residential,1,0
11157,6019222305,6019222307,61.006,50.0,residential,1,0
11158,6019222307,6019222305,61.006,50.0,residential,1,0
11159,6030300138,1199953182,31.767,30.0,residential,1,0
11160,6030300138,580742984,46.09,30.0,residential,1,1
11161,6030392594,549247167,37.705,50.0,residential,1,1
11162,6035020757,2133466502,24.327,50.0,residential,1,0
11163,6035020757,540433472,18.421999999999997,50.0,residential,1,0
11164,6035020757,6035020759,33.879,50.0,residential,1,1
11165,6035020759,540435510,141.307,50.0,residential,1,0
11166,6035020759,540433472,26.435,50.0,residential,1,0
11167,6041090849,289503064,62.468,50.0,residential,1,0
11168,6052821191,563985775,8.686,30.0,residential,1,0
11169,6052821191,6052821192,39.357,50.0,residential,1,0
11170,6052821191,1288287958,79.851,30.0,residential,1,0
11171,6052821192,6052821191,39.357,50.0,residential,1,0
11172,6054969201,1936282482,10.954,50.0,residential,1,0
11173,6060497148,284641794,71.838,50.0,tertiary,2,1
11174,6060497153,6060497157,40.858999999999995,50.0,tertiary,1,1
11175,6060497153,352936411,89.589,50.0,tertiary,2,1
11176,6060497157,6060497173,95.925,50.0,tertiary,1,1
11177,6060497159,352936411,7.929,30.0,residential,1,1
11178,6060497159,6060497157,82.46900000000001,50.0,tertiary,2,1
11179,6060497173,35288627,87.058,50.0,tertiary,1,1
11180,6060497173,476363631,81.229,30.0,residential,1,0
11181,6063048202,6063048205,80.039,50.0,tertiary,1,1
11182,6063048205,6063048210,7.263,30.0,residential,1,0
11183,6063048205,9272060065,63.397999999999996,50.0,tertiary,1,1
11184,6063048210,6063048205,7.263,30.0,residential,1,0
11185,6063048210,6063048211,80.131,50.0,tertiary,1,1
11186,6063048210,12041973939,22.877,30.0,residential,1,0
11187,6063048211,6063048202,8.09,30.0,residential,1,1
11188,6063048211,375523753,192.15300000000002,30.0,residential,1,0
11189,6063048211,352936412,148.49400000000003,50.0,tertiary,1,1
11190,6065966319,334710148,86.964,30.0,residential,1,0
11191,6065966319,334709788,62.611000000000004,30.0,residential,1,1
11192,6077474269,343444163,161.90200000000002,50.0,residential,1,0
11193,6077474269,4415217486,37.55,50.0,residential,1,0
11194,6077474273,6077474269,31.156,50.0,residential,1,1
11195,6077474273,4415217486,37.286,50.0,residential,1,1
11196,6095670906,34651077,34.559,50.0,residential,1,1
11197,6095670906,6095670907,39.093999999999994,50.0,tertiary_link,1,1
11198,6095670907,34651077,20.821,50.0,tertiary,2,0
11199,6095670907,983958272,278.69800000000004,50.0,tertiary,2,0
11200,6100854619,5852226393,17.533,50.0,residential,1,1
11201,6100854619,6100854621,149.579,50.0,tertiary,2,1
11202,6100854621,563899298,125.842,50.0,tertiary,1,1
11203,6133432973,6133432974,36.702,50.0,residential,1,0
11204,6133432974,8660335861,44.049,50.0,residential,1,0
11205,6133432974,318181239,26.667,50.0,residential,1,0
11206,6133432974,6133432973,36.702,50.0,residential,1,0
11207,6133447677,13203696477,64.779,50.0,residential,1,0
11208,6133475752,549246934,84.166,50.0,residential,1,1
11209,6133475752,6133475754,51.393,50.0,residential,1,0
11210,6133475754,6133475752,51.393,50.0,residential,1,0
11211,6133515873,1731460260,18.825,50.0,unclassified,1,0
11212,6133515873,1731460264,43.374,50.0,residential,1,0
11213,6133515873,1934234271,272.681,50.0,residential,1,0
11214,6133593966,318751914,153.906,50.0,tertiary,2,1
11215,6133593966,4162302874,75.134,50.0,residential,1,0
11216,6133593984,1718502743,283.99300000000005,30.0,residential,1,0
11217,6137358182,5596652341,145.408,50.0,tertiary,2,1
11218,6137358688,1574582479,74.343,50.0,residential,1,0
11219,6137993452,580707524,17.103,50.0,residential,1,1
11220,6137993452,365767997,77.51,50.0,secondary,1,1
11221,6139395796,1234762903,23.963,50.0,secondary,1,1
11222,6139395796,6139395800,96.077,50.0,unclassified,1,1
11223,6139395800,5029581497,170.733,50.0,unclassified,1,0
11224,6140624186,290034653,91.622,50.0,residential,1,0
11225,6144664091,342334554,236.942,30.0,residential,1,0
11226,6144664091,6144664093,43.366,30.0,residential,1,1
11227,6144664092,6144664093,183.789,30.0,residential,1,0
11228,6144664092,13076020513,67.652,50.0,residential,1,0
11229,6144664092,7230522246,224.44,50.0,residential,1,0
11230,6144664093,6144664092,183.789,30.0,residential,1,0
11231,6144664093,6144664091,20.358,30.0,residential,1,1
11232,6145368549,412814406,66.532,50.0,residential,1,0
11233,6145368549,12292683837,34.436,50.0,residential,1,0
11234,6145368549,6420450332,34.376000000000005,50.0,residential,1,1
11235,6153833372,2004091141,18.909,50.0,residential,1,0
11236,6153833372,1931855370,27.433,50.0,residential,1,0
11237,6153833372,2004091142,138.725,50.0,residential,1,0
11238,6153833377,2004137808,24.22,50.0,residential,1,0
11239,6153833379,2004137835,21.88,50.0,residential,1,0
11240,6153833380,2004137818,25.262,50.0,residential,1,0
11241,6154187420,1200021267,36.806,50.0,residential,1,0
11242,6154187427,1200021239,129.661,50.0,secondary,2,0
11243,6154187427,6502043984,68.66799999999999,50.0,secondary,2,0
11244,6154187427,1199976572,70.93,50.0,residential,1,0
11245,6154187436,6154187438,67.762,50.0,residential,1,0
11246,6154187438,1200021267,32.639,50.0,residential,2,0
11247,6154187438,1953545085,72.244,50.0,residential,2,0
11248,6154187438,6154187436,67.762,50.0,residential,1,0
11249,6154187445,6989513267,244.88400000000001,70.0,secondary,2,1
11250,6154187458,1931855326,36.229,50.0,residential,1,0
11251,6154187461,1931855326,48.439,50.0,residential,1,0
11252,6154187466,2105338184,24.436,30.0,living_street,1,0
11253,6154187466,1931855342,22.414,30.0,residential,1,0
11254,6154187466,2105338185,31.525,50.0,residential,1,0
11255,6154187466,549243986,34.674,30.0,residential,1,0
11256,6154187468,1589498340,111.58699999999999,30.0,residential,1,0
11257,6154187484,2004137852,75.073,50.0,residential,1,0
11258,6154204088,1931855341,55.759,50.0,residential,1,1
11259,6154204088,6154204089,44.885,30.0,living_street,1,0
11260,6154204089,1931855285,83.474,50.0,residential,1,0
11261,6154204089,1474030766,48.899,50.0,residential,1,0
11262,6154204089,6154204088,44.885,30.0,living_street,1,0
11263,6164276607,1931841490,44.495,50.0,residential,1,0
11264,6165291686,1695279037,17.305,50.0,residential,1,0
11265,6174571920,471556965,168.71300000000002,30.0,residential,1,0
11266,6174571920,6174571927,12.608999999999998,50.0,residential,1,1
11267,6174571927,1164290873,78.346,30.0,residential,1,0
11268,6174571927,6174571928,14.022000000000002,50.0,residential,1,1
11269,6174571928,6174571931,15.23,50.0,residential,1,1
11270,6174571928,471557022,119.39699999999999,30.0,residential,1,0
11271,6174571931,6174571920,14.498,50.0,residential,1,1
11272,6174571931,417653251,135.27999999999997,30.0,residential,1,0
11273,6269788099,902736436,77.841,50.0,residential,1,1
11274,6269788101,1319999663,55.882,50.0,residential,1,0
11275,6269826300,410212890,80.92599999999999,50.0,residential,1,0
11276,6269826300,3724244937,130.58499999999998,50.0,tertiary,1,1
11277,6269826302,6276269922,19.299,50.0,tertiary,1,1
11278,6269826302,339472688,35.368,50.0,residential,1,1
11279,6271076529,446167471,10.839,30.0,residential,1,1
11280,6271076529,1366372698,82.73400000000001,50.0,tertiary,3,1
11281,6276269922,4082010253,105.867,50.0,tertiary,1,1
11282,6276721019,1200016186,182.038,50.0,secondary,3,1
11283,6276721019,6276721020,64.243,50.0,living_street,1,0
11284,6276721020,1716548401,10.387,50.0,living_street,1,0
11285,6276721020,6276721019,64.243,50.0,living_street,1,0
11286,6276721020,10720644667,99.85,50.0,living_street,1,0
11287,6277973442,476362229,45.263,50.0,residential,1,0
11288,6278484730,2958525652,43.49,50.0,residential,1,0
11289,6287116913,139713,250.36,50.0,residential,1,1
11290,6287116917,139718,87.817,30.0,residential,1,0
11291,6287116917,139709,16.845,30.0,residential,1,0
11292,6287116917,6287116913,16.337999999999997,50.0,residential,1,1
11293,6289017261,9709113975,24.837,50.0,secondary,1,1
11294,6289017261,3525081283,71.102,50.0,residential,1,1
11295,6301371521,29944871,106.892,50.0,tertiary,1,1
11296,6301371523,1224771130,18.92,50.0,secondary,2,1
11297,6301371523,6301371521,27.939,50.0,secondary_link,1,1
11298,6333312433,2093415486,117.019,30.0,residential,1,0
11299,6337907149,6337907150,11.52,30.0,residential,1,1
11300,6337907149,354041770,109.06,30.0,residential,1,0
11301,6337907150,354041899,22.494,30.0,residential,1,1
11302,6337907150,354053803,29.032000000000004,50.0,tertiary_link,1,1
11303,6337907151,354041899,8.61,70.0,tertiary,2,1
11304,6337907151,6337907149,33.746,30.0,residential,1,1
11305,6337907153,985870034,21.939,70.0,tertiary,3,1
11306,6337907153,6337907151,15.369,30.0,residential,1,1
11307,6351946426,381457105,275.369,50.0,residential,1,0
11308,6351946426,2987514849,347.242,50.0,residential,1,1
11309,6362689601,540448708,104.512,50.0,tertiary,1,0
11310,6362689601,6362689605,41.327,50.0,tertiary,1,1
11311,6362689605,2216127673,48.098,50.0,tertiary,1,1
11312,6362689605,388561082,441.36199999999997,50.0,tertiary,1,1
11313,6380227172,6380227174,23.471,50.0,residential,1,0
11314,6380227173,6380227174,36.908,50.0,residential,1,0
11315,6380227174,6380227173,36.908,50.0,residential,1,0
11316,6380227174,6380227172,23.471,50.0,residential,1,0
11317,6380227174,6380227177,58.935,50.0,residential,1,0
11318,6380227175,1589498356,106.695,30.0,living_street,1,1
11319,6380227175,6380227177,68.488,50.0,residential,1,0
11320,6380227176,6380227177,38.459,50.0,residential,1,0
11321,6380227177,6380227174,58.935,50.0,residential,1,0
11322,6380227177,6380227176,38.459,50.0,residential,1,0
11323,6380227177,6380227175,68.488,50.0,residential,1,0
11324,6404016155,412272507,192.208,50.0,tertiary,1,1
11325,6404016155,2203627198,10.706,30.0,residential,1,1
11326,6404016156,6404016155,16.527,50.0,tertiary,1,1
11327,6404016156,3737992936,24.668,50.0,residential,1,1
11328,6416170150,1439598793,145.337,50.0,secondary,4,1
11329,6420376496,6420450333,9.986,50.0,residential,1,1
11330,6420376496,11768516726,128.667,50.0,tertiary,2,1
11331,6420376496,2093444674,85.291,50.0,residential,1,0
11332,6420450332,6420376496,223.73,50.0,tertiary,1,1
11333,6420450332,10742383295,159.46099999999998,30.0,tertiary,3,1
11334,6420450333,4084752266,209.235,50.0,tertiary,1,1
11335,6422847033,440062849,85.164,50.0,residential,1,1
11336,6427348001,340311101,30.729,30.0,residential,1,0
11337,6427502027,6427502028,37.969,50.0,residential,1,0
11338,6427502028,384675741,33.796,50.0,residential,1,1
11339,6427502028,6427502027,37.969,50.0,residential,1,0
11340,6427604008,1116170435,156.42000000000002,30.0,residential,1,0
11341,6427604008,1116119355,24.064,30.0,residential,1,1
11342,6427604009,2669862666,65.977,30.0,residential,2,1
11343,6427604009,6427604011,186.168,50.0,residential,1,0
11344,6427604011,6427604014,14.067,50.0,residential,1,1
11345,6427604011,6427604009,186.16799999999998,50.0,residential,1,0
11346,6427604012,6427604014,17.153,50.0,primary,2,1
11347,6427604012,6427604011,16.246,50.0,residential,1,1
11348,6427604013,1116119355,24.965,50.0,primary,2,1
11349,6427604013,6427604008,21.675,30.0,residential,1,1
11350,6427604014,2669862627,124.963,50.0,primary,2,1
11351,6427604034,563981534,33.233000000000004,50.0,residential,1,1
11352,6432694165,340005875,44.508,50.0,tertiary,1,1
11353,6433801096,334449379,72.836,30.0,residential,1,1
11354,6438921841,5422323211,33.852,50.0,residential,1,0
11355,6438921841,5339182018,19.02,50.0,residential,1,1
11356,6454376352,6454376359,26.201,50.0,tertiary,2,1
11357,6454376359,1199976572,211.59199999999998,50.0,residential,1,1
11358,6454376359,9307558594,37.355,50.0,tertiary,2,0
11359,6454784752,1953545087,168.201,50.0,tertiary,2,1
11360,6454785121,580742562,39.955,50.0,residential,1,1
11361,6454785174,540442213,29.018,50.0,tertiary,1,1
11362,6454785174,1200005672,267.828,50.0,tertiary,1,1
11363,6472964370,521990778,193.633,50.0,residential,1,0
11364,6472964370,672924228,37.652,50.0,residential,1,1
11365,6479020099,211483838,14.245,50.0,primary,3,1
11366,6479020099,2225885617,199.86899999999997,50.0,tertiary,3,1
11367,6479020103,7565311146,50.603,50.0,tertiary,3,1
11368,6479020103,1627549,68.57000000000001,50.0,tertiary_link,1,1
11369,6479020109,3711110970,14.542,50.0,primary,5,1
11370,6479020109,7616640595,37.819,50.0,tertiary,3,1
11371,6483807579,11806001152,40.658,50.0,tertiary,1,1
11372,6483807580,11806001131,15.513,50.0,secondary,2,1
11373,6483807580,6483807579,24.191000000000003,50.0,secondary_link,1,1
11374,6483808527,597659059,23.97,50.0,residential,1,1
11375,6483808527,6483808528,35.28,50.0,residential,1,1
11376,6483808528,597659059,21.283,50.0,residential,1,0
11377,6483808528,598696135,304.907,50.0,residential,1,0
11378,6485448245,340310904,45.667,30.0,residential,1,0
11379,6485448245,340311101,46.348,30.0,residential,1,1
11380,6485448248,362647436,39.949,30.0,residential,1,0
11381,6485448248,362648349,139.793,30.0,residential,1,1
11382,6485685135,536542767,39.339,30.0,residential,1,1
11383,6485685135,340121937,457.42,50.0,secondary,2,1
11384,6487725628,1671579967,172.981,50.0,residential,1,0
11385,6488204572,11036710226,26.184,50.0,tertiary,2,0
11386,6488204572,357531366,44.553,50.0,tertiary,2,0
11387,6495095705,6495095708,67.53399999999999,50.0,residential,1,0
11388,6495095708,6495095705,67.534,50.0,residential,1,0
11389,6495095708,1208924144,41.849999999999994,50.0,tertiary,2,0
11390,6495095708,3297098845,102.382,50.0,tertiary,2,0
11391,6495095710,1208924051,177.774,30.0,residential,1,0
11392,6495095710,1208924144,51.099000000000004,30.0,residential,1,0
11393,6495095710,2105338177,63.073,30.0,residential,1,0
11394,6495095746,1931855326,16.966,50.0,residential,1,0
11395,6495095749,1474030757,11.681,50.0,residential,1,1
11396,6495095749,1474030762,88.804,50.0,residential,1,0
11397,6496211525,978369709,97.97799999999998,30.0,living_street,1,0
11398,6502043971,6502045907,9.536999999999999,50.0,secondary,1,1
11399,6502043984,6154187427,68.66799999999999,50.0,secondary,2,0
11400,6502043984,924450733,25.114,50.0,secondary,1,1
11401,6502045903,3146936635,91.575,50.0,residential,1,1
11402,6502045903,365766891,20.619,50.0,secondary,1,1
11403,6502045904,286542729,16.388,50.0,secondary,2,0
11404,6502045904,6502043971,25.612000000000002,50.0,secondary,1,1
11405,6502045907,924450764,7.359999999999999,50.0,secondary,1,1
11406,6507870258,4204587168,190.98600000000002,60.0,secondary,1,1
11407,6538159016,287081614,98.05,30.0,residential,1,0
11408,6538159016,522487275,16.336000000000002,50.0,residential,1,1
11409,6538159018,3250144590,12.892,30.0,residential,1,0
11410,6538159018,522487416,179.941,30.0,residential,1,1
11411,6539109865,414719366,200.541,30.0,tertiary,1,1
11412,6539109865,1141171918,163.726,50.0,residential,1,0
11413,6566105107,440062859,19.09,50.0,secondary,1,1
11414,6566105107,357556865,179.408,50.0,secondary,3,1
11415,6579560105,6579560110,23.48,50.0,residential,1,1
11416,6579560105,6579560106,6.572,50.0,residential,1,0
11417,6579560106,6579560105,6.572,50.0,residential,1,0
11418,6579560106,4173072396,107.76300000000002,50.0,residential,1,1
11419,6579560106,722421609,166.193,50.0,residential,1,0
11420,6579560108,6579560114,7.735,50.0,residential,1,0
11421,6579560108,6579560109,34.748999999999995,50.0,residential,1,1
11422,6579560109,4057414386,7.758,50.0,residential,1,0
11423,6579560110,4135913628,8.335,50.0,residential,1,1
11424,6579560110,6579560108,63.198,50.0,residential,1,1
11425,6579560111,6579560106,27.732,50.0,residential,1,1
11426,6579560111,6579560110,7.186,50.0,residential,1,1
11427,6579560114,6579560108,7.735,50.0,residential,1,0
11428,6579560114,4135913628,63.247,50.0,residential,1,1
11429,6579560114,1128633109,58.31,50.0,residential,1,0
11430,6579560130,471561561,51.916,30.0,residential,1,1
11431,6579560133,417635284,97.277,30.0,residential,1,0
11432,6579560133,471561561,219.9,30.0,residential,1,0
11433,6579560133,417635895,162.55800000000002,30.0,residential,1,0
11434,6754914546,6754914547,22.621000000000002,30.0,tertiary_link,1,1
11435,6754914546,566747876,21.008,30.0,tertiary,2,0
11436,6754914546,681262590,439.767,30.0,tertiary,2,0
11437,6754914547,681262564,182.253,30.0,tertiary,1,0
11438,6754914547,566747876,17.822,30.0,tertiary,1,0
11439,6760419096,6760419099,23.779,30.0,residential,1,0
11440,6760419096,13123372758,35.137,50.0,residential,1,0
11441,6760419096,3992078740,79.106,30.0,residential,1,0
11442,6760419096,13123372757,32.265,50.0,residential,1,0
11443,6760419098,6760419099,33.268,50.0,residential,1,0
11444,6760419099,6760419096,23.779,30.0,residential,1,0
11445,6760419099,1931844465,26.866,30.0,"['residential', 'living_street']",1,0
11446,6760419099,6760419098,33.268,50.0,residential,1,0
11447,6760419102,514536537,16.275,30.0,residential,1,0
11448,6760419103,1931844465,50.317,30.0,living_street,1,0
11449,6814585213,2108063239,23.579,50.0,residential,1,0
11450,6822274807,2868373867,18.450000000000003,50.0,residential,1,1
11451,6822274808,2868373867,9.394,50.0,residential,1,0
11452,6822274808,2868373857,75.651,50.0,residential,1,1
11453,6824876056,540447885,111.747,30.0,residential,1,0
11454,6824876058,6824876061,174.027,30.0,residential,1,0
11455,6824876061,6824876058,174.027,30.0,residential,1,0
11456,6824876061,540447885,143.44600000000003,30.0,residential,1,0
11457,6824876061,8586797455,450.968,20.0,residential,1,0
11458,6861829277,1716729920,34.979,50.0,tertiary,1,1
11459,6861849403,2004137804,28.59,50.0,residential,1,0
11460,6879485112,849307676,24.613999999999997,50.0,residential,1,1
11461,6879485112,2987514997,259.999,50.0,residential,1,0
11462,6952780428,566747881,68.891,50.0,tertiary,1,0
11463,6952780428,6952780430,20.654,50.0,tertiary,1,1
11464,6952780430,6952780432,21.312,50.0,tertiary,1,1
11465,6952780430,681262590,50.949,30.0,tertiary,2,0
11466,6952780432,6952780428,35.339,50.0,tertiary,1,1
11467,6952780432,566747878,70.602,50.0,tertiary,1,0
11468,6989513263,540439101,50.051,50.0,residential,1,1
11469,6989513263,3771708550,125.05199999999999,50.0,secondary,2,1
11470,6989513267,1931836970,277.804,50.0,residential,1,0
11471,6989513267,318867661,72.965,70.0,secondary,2,1
11472,6989513269,1931836997,60.077,50.0,residential,1,0
11473,6989513269,318867661,70.41499999999999,50.0,residential,1,1
11474,6989554194,6989554199,182.06,30.0,residential,1,0
11475,6989554194,9314660536,76.402,30.0,residential,1,0
11476,6989554199,12509865167,37.809,30.0,residential,1,0
11477,6989554199,549255983,161.034,30.0,residential,1,0
11478,6989554199,6989554194,182.06,30.0,residential,1,0
11479,7006119053,2139449353,90.491,50.0,residential,1,0
11480,7006119054,354033153,533.054,50.0,secondary,3,1
11481,7006119058,1850573657,39.901,50.0,residential,1,1
11482,7006119060,7006119070,14.114,50.0,residential,1,1
11483,7006119064,7006119073,22.699,30.0,residential,1,1
11484,7006119064,354036387,268.884,30.0,residential,1,0
11485,7006119070,1850573620,23.912,50.0,residential,1,1
11486,7006119070,7006119074,54.091,30.0,residential,1,1
11487,7006119073,1033189321,5.879,30.0,residential,1,0
11488,7006119073,7006119075,35.596000000000004,30.0,residential,1,1
11489,7006119074,7006119075,8.239,50.0,residential,1,1
11490,7006119074,1033189321,35.81,30.0,residential,1,1
11491,7006119075,1850573620,54.098,30.0,residential,1,1
11492,7037014411,270425885,77.60199999999999,50.0,secondary_link,2,1
11493,7037014411,968515555,59.76599999999999,50.0,tertiary,2,1
11494,7052661053,2139244073,41.466,50.0,residential,1,0
11495,7056968251,3985298592,76.23400000000001,50.0,residential,1,1
11496,7058610554,1208799516,13.117,50.0,residential,1,0
11497,7067508722,1931844466,36.568000000000005,30.0,residential,1,1
11498,7142847118,1671579979,149.107,50.0,residential,1,0
11499,7160499215,3738151583,179.924,30.0,tertiary,1,1
11500,7160499215,564006449,8.423,50.0,tertiary,2,1
11501,7230522246,9289008440,13.965,50.0,residential,1,1
11502,7230522246,6144664092,224.44,50.0,residential,1,0
11503,7276228507,8423778829,26.805000000000003,50.0,tertiary,2,1
11504,7276228507,2470035532,8.385,50.0,tertiary,1,1
11505,7284338856,2344604154,7.622,50.0,tertiary,2,1
11506,7284338856,11155512364,57.921,50.0,tertiary,1,1
11507,7534151841,384669178,32.644,50.0,residential,1,0
11508,7560875873,5163526949,33.136,50.0,residential,1,0
11509,7560875873,9683452910,26.363000000000003,50.0,residential,1,1
11510,7565311146,341348975,11.476,50.0,tertiary,3,1
11511,7565311146,1627549,40.69500000000001,50.0,tertiary,1,1
11512,7616640592,6479020109,122.24199999999999,50.0,primary,4,1
11513,7616640592,7616640595,143.59,50.0,primary_link,1,1
11514,7616640595,6479020103,32.136,50.0,tertiary,3,1
11515,7704552120,1143770908,40.044000000000004,50.0,secondary_link,1,1
11516,7704552120,1143770950,34.326,50.0,secondary,3,1
11517,7768335018,496175245,167.984,50.0,residential,1,1
11518,7768335018,3992803565,73.043,30.0,residential,1,1
11519,7769911996,287570531,43.666,30.0,residential,1,1
11520,7891472525,362648954,85.572,30.0,living_street,1,0
11521,7985445003,318179503,67.562,50.0,residential,1,0
11522,7985445003,318179414,64.048,50.0,residential,1,1
11523,7996757599,352940305,214.124,50.0,secondary,2,1
11524,8024094090,8024094091,9.511,50.0,residential,1,0
11525,8024094090,8024158215,172.523,50.0,tertiary,1,1
11526,8024094090,563987286,190.654,50.0,residential,1,0
11527,8024094091,8024094090,9.511,50.0,residential,1,0
11528,8024094091,8024094098,137.395,50.0,residential,1,0
11529,8024094098,8024158227,190.66899999999998,50.0,residential,1,0
11530,8024094098,3224077990,331.409,50.0,residential,1,0
11531,8024094098,8024094091,137.395,50.0,residential,1,0
11532,8024094218,8024094426,271.949,50.0,tertiary,1,1
11533,8024094426,8024094429,10.911,50.0,tertiary,1,1
11534,8024094426,8024094438,86.47200000000001,50.0,residential,1,1
11535,8024094429,8024158215,10.581,50.0,residential,1,1
11536,8024094429,8024094091,169.811,50.0,tertiary,1,1
11537,8024094438,8024158227,163.23399999999998,50.0,residential,1,0
11538,8024094438,8024094429,84.934,50.0,residential,1,1
11539,8024158215,8024094426,10.573,50.0,residential,1,1
11540,8024158215,8024245166,300.905,50.0,tertiary,1,1
11541,8024158227,8024094098,190.669,50.0,residential,1,0
11542,8024158227,8024094438,163.23399999999998,50.0,residential,1,0
11543,8024158227,1288275593,119.96,50.0,residential,1,0
11544,8024232184,8024094218,35.461999999999996,50.0,primary_link,1,1
11545,8024232184,3551724563,25.142,50.0,primary,2,1
11546,8024245166,290034365,11.931,50.0,tertiary,1,1
11547,8024245166,563990498,108.158,50.0,primary,2,1
11548,8107538553,4715010762,59.031000000000006,50.0,residential,1,1
11549,8107538553,8107538554,69.01,50.0,residential,1,0
11550,8107538554,8107538553,69.01,50.0,residential,1,0
11551,8124946026,10018819914,12.067,60.0,secondary,5,1
11552,8124946026,1986140025,144.989,50.0,tertiary,1,1
11553,8125165329,8125165330,53.443999999999996,50.0,tertiary,2,1
11554,8125165330,4014929254,122.735,50.0,residential,1,1
11555,8125165330,8125165332,61.013000000000005,50.0,tertiary,2,1
11556,8125165332,317214418,229.52600000000004,50.0,tertiary,2,1
11557,8125165332,384651116,143.37,50.0,residential,1,1
11558,8125165352,540454491,104.791,50.0,residential,2,1
11559,8125165352,8125165355,22.349,50.0,tertiary,2,1
11560,8125165355,1234762937,133.345,50.0,tertiary,2,1
11561,8129282766,563996180,9.926,30.0,residential,1,1
11562,8129282766,2781908889,70.601,50.0,residential,1,0
11563,8129329732,7704552120,42.45,50.0,secondary,3,1
11564,8264774089,4095100618,47.916,50.0,primary,3,1
11565,8264774089,4252486759,43.19800000000001,50.0,residential,1,1
11566,8312934743,1234762938,14.072,50.0,secondary,3,1
11567,8312934743,286763487,18.624000000000002,50.0,secondary_link,1,1
11568,8312934747,8312934743,34.816,50.0,secondary_link,1,1
11569,8312934747,1234762938,28.066000000000003,50.0,tertiary,2,1
11570,8312938434,1688194246,11.429,50.0,secondary,5,1
11571,8312938434,10577115211,14.82,50.0,motorway_link,1,1
11572,8312938435,10577103124,90.349,50.0,secondary,6,1
11573,8319637684,286643575,25.993,50.0,secondary,4,1
11574,8319637684,2989922193,34.206,50.0,motorway_link,2,1
11575,8348076925,2374499621,150.424,50.0,residential,1,1
11576,8348076925,8661339696,24.380000000000003,50.0,tertiary,1,1
11577,8400880069,8400880071,16.921,50.0,motorway_link,3,1
11578,8400880069,4066073761,11.388,50.0,motorway_link,3,1
11579,8400880071,8312938434,88.033,50.0,secondary,5,1
11580,8400880094,8400880101,30.146,50.0,motorway_link,2,1
11581,8400880094,2989922185,33.403999999999996,50.0,secondary,4,1
11582,8400880101,8400880105,11.543,50.0,motorway_link,3,1
11583,8400880101,286643575,7.231,50.0,motorway_link,2,1
11584,8400880105,8400884824,82.827,50.0,secondary,5,1
11585,8400884824,366926629,42.144,50.0,secondary,5,1
11586,8400884824,366925712,44.103,50.0,motorway_link,2,1
11587,8401791011,471557861,55.843,30.0,residential,1,0
11588,8401791011,471557870,47.681999999999995,30.0,residential,1,0
11589,8423778826,2470035520,32.075,50.0,tertiary,1,1
11590,8423778826,1571656217,44.917,50.0,tertiary,1,0
11591,8423778829,2470035532,19.91,50.0,tertiary,1,1
11592,8423778829,1571656217,29.651,50.0,tertiary,1,0
11593,8423778839,1574692681,215.714,50.0,living_street,1,0
11594,8423787813,6502045903,14.205,50.0,secondary,1,1
11595,8446382542,357533792,8.373,50.0,secondary,2,1
11596,8446382542,1435925458,50.565,50.0,residential,1,1
11597,8476326721,4064420023,161.694,50.0,primary,4,1
11598,8476326813,8476340122,25.542,30.0,tertiary,1,1
11599,8476326813,9162767121,5.529,50.0,secondary_link,1,1
11600,8476340122,286692486,18.075,30.0,tertiary,1,1
11601,8476340122,2657949204,22.688000000000002,50.0,secondary,3,1
11602,8476549335,1387191993,16.07,50.0,unclassified,1,0
11603,8476549335,384558892,190.138,50.0,secondary,3,1
11604,8489857363,2129877242,112.18199999999999,50.0,primary,2,1
11605,8557525209,3867899642,16.989,70.0,trunk,3,1
11606,8560706148,11042689312,31.634,50.0,tertiary,2,0
11607,8560706148,514532018,92.062,50.0,tertiary,3,0
11608,8561185788,1688194303,164.881,50.0,secondary,1,0
11609,8561185788,8561185789,130.83599999999998,50.0,secondary,1,1
11610,8561185789,1688194293,153.971,50.0,secondary,1,0
11611,8561185789,1528640614,114.92000000000002,50.0,secondary,1,1
11612,8569097451,5928553650,15.018,50.0,residential,1,1
11613,8569097451,8569097452,14.032,50.0,residential,1,1
11614,8569097452,1199373061,51.14399999999999,50.0,residential,1,0
11615,8569097452,5928553650,11.118,50.0,residential,1,1
11616,8576871918,1219532891,19.565,50.0,residential,1,0
11617,8582199736,2203627185,98.981,50.0,tertiary,1,1
11618,8586797455,6824876061,450.96799999999996,20.0,residential,1,0
11619,8586797455,1575611314,258.921,50.0,tertiary,1,1
11620,8589321856,318181243,31.625999999999998,50.0,residential,2,1
11621,8589321856,1718632814,40.301,50.0,tertiary_link,1,1
11622,8589321882,8589321892,16.055000000000003,50.0,residential,1,1
11623,8589321882,1718502728,180.40800000000002,50.0,residential,1,0
11624,8589321891,318180507,79.91499999999999,50.0,residential,1,0
11625,8589321891,8589321882,25.700000000000003,50.0,residential,1,1
11626,8589321892,1731460264,103.934,50.0,residential,1,0
11627,8589321892,8589321891,17.491,50.0,residential,1,1
11628,8596013133,617747277,137.977,30.0,residential,1,1
11629,8596013133,1252167861,49.424,50.0,tertiary,1,1
11630,8596013136,1252167833,292.89300000000003,90.0,motorway_link,1,1
11631,8610968868,2992968902,288.607,50.0,motorway_link,1,1
11632,8610968868,2309144518,56.458,50.0,secondary_link,1,1
11633,8629130908,2088929409,50.9,50.0,residential,1,0
11634,8629864196,286643424,16.626,50.0,tertiary,3,1
11635,8629864196,8629864199,19.577,50.0,tertiary_link,1,1
11636,8629864199,286643492,33.804,50.0,residential,1,1
11637,8647535227,412691495,152.919,30.0,residential,1,0
11638,8660335848,2004137782,24.837,50.0,residential,1,0
11639,8660335848,1931855286,34.78,50.0,residential,1,0
11640,8660335848,13203655964,56.772,50.0,residential,1,0
11641,8660335849,1931855352,16.361,50.0,living_street,1,0
11642,8660335849,1931855353,36.118,50.0,residential,1,0
11643,8660335849,1931855345,46.811,50.0,living_street,1,0
11644,8660335850,2105338180,24.544,50.0,residential,1,0
11645,8660335851,3303406280,24.016,50.0,residential,1,0
11646,8660335861,6133432974,44.049,50.0,residential,1,0
11647,8660335861,8660335862,47.158,50.0,road,1,0
11648,8660335861,540449627,48.005,50.0,residential,1,0
11649,8660335862,1931858785,51.87,50.0,residential,1,1
11650,8660335862,8660335861,47.158,50.0,road,1,0
11651,8661339696,343332322,55.256,50.0,tertiary,2,1
11652,8717879036,268217771,30.216,50.0,secondary,4,1
11653,8717879036,10567705312,47.693000000000005,50.0,secondary_link,1,1
11654,8717879047,540440017,97.947,50.0,residential,1,1
11655,8717879047,3909311113,23.84,50.0,residential,1,1
11656,8717879067,799420454,70.792,50.0,secondary,3,1
11657,8718926517,5928553622,80.237,50.0,residential,2,0
11658,8718926517,5928553624,44.038,30.0,residential,1,1
11659,8719703147,2534433980,102.539,50.0,tertiary,2,1
11660,8719703147,1696757318,17.414,30.0,residential,1,1
11661,8875028160,1200005640,201.83599999999998,50.0,secondary,2,1
11662,8875028160,318183199,72.084,50.0,secondary,1,1
11663,8875450555,410065569,220.414,50.0,tertiary,3,1
11664,8887759663,8887759664,42.67,50.0,unclassified,1,0
11665,8887759664,8887759663,42.67,50.0,unclassified,1,0
11666,8887759664,410210103,21.951999999999998,50.0,unclassified,1,0
11667,8911780977,343611510,59.807,50.0,secondary,2,1
11668,8914420748,1329709,211.88299999999998,50.0,residential,2,1
11669,8914420748,8914420749,141.05599999999998,50.0,residential,2,0
11670,8914420749,8914420748,141.05599999999998,50.0,residential,2,0
11671,8914420749,8914420754,26.027,50.0,residential,1,1
11672,8914420752,8914420754,7.970000000000001,50.0,tertiary,1,1
11673,8914420752,8914420749,25.775,50.0,residential,1,1
11674,8914420754,2473987367,189.537,50.0,tertiary,1,1
11675,8914420761,442898682,115.58500000000001,50.0,tertiary,2,1
11676,8914420761,8914420752,9.223,50.0,residential,1,1
11677,9037779449,1571656429,27.784,50.0,tertiary,1,1
11678,9077150014,9077150016,10.617,50.0,tertiary,1,1
11679,9077150014,10579564628,183.48499999999999,50.0,tertiary,1,0
11680,9077150016,4067822530,41.553,50.0,tertiary_link,1,1
11681,9077150016,9077162218,34.169,50.0,tertiary,1,1
11682,9077162218,381597505,13.036,50.0,tertiary,1,1
11683,9077162218,4067822530,27.644000000000002,50.0,tertiary,1,1
11684,9091773207,315468517,7.857,50.0,secondary,3,1
11685,9091773207,440062846,12.673,50.0,residential,1,1
11686,9162767121,10126191176,221.334,50.0,living_street,1,0
11687,9162767121,2657949204,32.219,50.0,secondary_link,1,1
11688,9229524825,9890403375,13.277,50.0,residential,1,0
11689,9229524825,917228434,81.041,30.0,residential,1,1
11690,9229524825,12768324054,407.626,50.0,residential,1,0
11691,9235430519,2326837683,42.44,50.0,primary_link,1,1
11692,9235430519,211483838,33.517999999999994,50.0,tertiary,1,1
11693,9256522635,985870134,250.13,50.0,residential,1,0
11694,9256522635,985870397,23.310000000000002,50.0,residential,1,1
11695,9256522643,985870397,16.217,50.0,residential,1,1
11696,9256522643,9256522635,26.265,50.0,residential,1,1
11697,9256522651,985870142,92.564,50.0,residential,1,0
11698,9256522651,985870134,78.63000000000001,50.0,residential,1,1
11699,9256522679,9256522680,103.587,50.0,residential,1,0
11700,9256522679,985870461,23.134999999999998,50.0,residential,1,1
11701,9256522680,9256522679,103.587,50.0,residential,1,0
11702,9256522680,9256522690,23.733,50.0,residential,1,1
11703,9256522684,985870461,16.200000000000003,50.0,residential,1,1
11704,9256522684,9256522679,23.194000000000003,50.0,residential,1,1
11705,9256522690,985870096,11.235,50.0,residential,1,1
11706,9256522709,985870469,6.0969999999999995,50.0,residential,1,1
11707,9258097268,9258097269,8.108,50.0,residential,1,1
11708,9258097268,2515962027,25.646,50.0,tertiary,1,1
11709,9258097269,2558916051,7.021,50.0,tertiary,1,1
11710,9258097269,3668921343,64.239,50.0,residential,1,1
11711,9272060065,7996757599,75.777,50.0,tertiary,1,1
11712,9272060066,12041973941,79.162,50.0,tertiary,1,1
11713,9272060067,9272060066,37.317,50.0,tertiary_link,1,1
11714,9272060067,2304907593,24.276,50.0,secondary,1,1
11715,9288598690,2993052356,140.694,90.0,motorway_link,2,1
11716,9289008436,9289008441,63.82300000000001,50.0,secondary_link,1,1
11717,9289008436,9289008439,49.782,50.0,secondary,4,1
11718,9289008439,9289008441,26.457,50.0,residential,1,1
11719,9289008439,9289008444,13.833000000000002,50.0,secondary,4,1
11720,9289008440,9289008449,58.11699999999999,50.0,secondary_link,1,1
11721,9289008440,9289008444,38.251000000000005,50.0,residential,1,1
11722,9289008441,7230522246,26.858,50.0,residential,1,1
11723,9289008444,270426018,17.023,50.0,tertiary,1,1
11724,9289008444,9289008449,37.899,50.0,secondary,3,1
11725,9289008449,2432701011,214.97199999999998,50.0,secondary,3,1
11726,9295247778,9295247780,19.26,50.0,residential,1,1
11727,9295247778,1271251234,110.16300000000001,50.0,residential,1,1
11728,9295247780,1271251244,7.077,50.0,residential,1,1
11729,9307558594,2470061873,20.578,50.0,tertiary,3,0
11730,9307558594,6566105107,257.103,50.0,tertiary,1,1
11731,9307558594,6454376359,37.355000000000004,50.0,tertiary,2,0
11732,9314660536,6989554194,76.402,30.0,residential,1,0
11733,9330607030,3667593236,339.331,50.0,tertiary,1,1
11734,9381749994,3699173862,13.526,50.0,residential,1,1
11735,9381749994,3699173847,88.138,50.0,residential,1,1
11736,9399427381,412405072,80.114,50.0,tertiary,1,1
11737,9399427381,2541845407,126.55799999999999,50.0,tertiary,1,1
11738,9400490651,412405029,31.335,30.0,residential,1,0
11739,9400490651,9405659116,10.697,30.0,residential,1,1
11740,9405659116,412404986,124.215,30.0,residential,1,1
11741,9405659116,412405070,66.742,30.0,residential,1,1
11742,9409993672,3686883539,257.15299999999996,50.0,tertiary,1,1
11743,9409993672,6269826300,82.425,50.0,tertiary,1,1
11744,9410757380,3703608766,66.657,50.0,tertiary,1,1
11745,9410757380,1678949779,173.312,50.0,tertiary,1,1
11746,9488926152,565445731,68.027,30.0,residential,1,0
11747,9489974544,11364418224,217.13400000000001,30.0,residential,1,0
11748,9540544798,939855205,71.266,50.0,residential,1,1
11749,9590059284,342316230,595.3919999999999,50.0,residential,1,0
11750,9604148233,2763587032,2.717,30.0,residential,1,0
11751,9604148233,346202826,15.018,30.0,residential,1,0
11752,9624492242,1574692660,50.862,50.0,tertiary_link,1,1
11753,9624492242,282458212,33.033,50.0,residential,1,1
11754,9683452903,3724244937,20.852,50.0,tertiary,1,1
11755,9683452903,6269826302,136.542,50.0,tertiary,1,1
11756,9683452910,1473050781,73.792,50.0,tertiary,3,1
11757,9683503123,9683452903,7.693,50.0,tertiary,2,1
11758,9683503123,4517981860,97.182,30.0,tertiary,1,1
11759,9709113975,1683214076,12.026,50.0,residential,2,1
11760,9709113975,2143649655,125.113,50.0,secondary,2,1
11761,9709113999,9709114002,11.796000000000001,50.0,residential,1,1
11762,9709113999,9709161832,42.681000000000004,50.0,residential,1,1
11763,9709114002,889984867,7.800000000000001,50.0,residential,1,1
11764,9709161820,469954005,88.403,50.0,residential,2,0
11765,9709161820,9709114002,104.59299999999999,50.0,residential,1,1
11766,9709161832,9709161820,59.176,50.0,residential,1,1
11767,9709161832,9709161820,60.037,50.0,residential,1,1
11768,9709161880,289501484,136.07899999999998,50.0,residential,1,1
11769,9709161880,10976816535,22.541000000000004,50.0,residential,1,1
11770,9723706782,580714987,50.303,50.0,secondary,1,1
11771,9759325538,563987681,42.952,50.0,residential,1,0
11772,9759325538,534409259,111.20500000000001,50.0,residential,1,0
11773,9759325538,12118976855,68.46799999999999,50.0,residential,1,0
11774,9780236984,681578494,195.146,50.0,residential,1,0
11775,9829309823,540442994,101.388,50.0,residential,1,0
11776,9875349279,412398897,52.638,30.0,residential,1,0
11777,9890403375,9229524825,13.277,50.0,residential,1,0
11778,9890403392,9890403397,18.404,50.0,tertiary,1,1
11779,9890403397,1801631001,18.573,50.0,tertiary,1,1
11780,9890403397,1064391672,193.38699999999997,50.0,tertiary,1,1
11781,9901230628,1836381515,68.971,50.0,tertiary_link,1,1
11782,9901230628,1836381515,60.80199999999999,50.0,tertiary,1,1
11783,9917964182,1252167870,37.246,50.0,tertiary,3,1
11784,9917964182,2990821001,59.49799999999999,50.0,tertiary_link,1,1
11785,9931532351,2868373851,296.193,50.0,residential,1,0
11786,9931532351,11267490897,202.14999999999998,50.0,residential,1,0
11787,9931532351,12120460109,357.322,50.0,residential,1,0
11788,9953907647,8124946026,15.722999999999999,50.0,tertiary,1,1
11789,9953907647,4188285331,91.296,60.0,secondary,4,1
11790,9970549279,318761485,10.297,50.0,tertiary,1,1
11791,9970549279,4715570342,169.764,50.0,secondary,1,1
11792,9970960129,9683503123,11.886,50.0,tertiary,2,1
11793,9970960129,1678949779,13.946000000000002,50.0,tertiary,2,1
11794,9970960130,4086326499,137.689,50.0,tertiary,1,1
11795,9970960130,3724244938,202.122,50.0,tertiary,1,1
11796,9970960139,11768516725,23.19,50.0,tertiary,1,1
11797,9970960139,10301886577,6.098,50.0,tertiary,2,1
11798,9971016122,318180661,156.786,50.0,secondary,2,1
11799,9975639453,1931836997,74.498,50.0,residential,1,0
11800,9975639454,9975639453,20.300000000000004,50.0,residential,1,1
11801,9975639454,318758396,427.883,50.0,secondary,3,1
11802,9982045002,2084996298,232.08100000000002,30.0,residential,1,0
11803,9982045008,9982045009,29.016,50.0,residential,1,0
11804,9982045009,9982045008,29.016,50.0,residential,1,0
11805,9982045009,563933121,40.186,30.0,residential,1,1
11806,9982045011,5270167234,30.812,30.0,residential,1,1
11807,9982045011,5270167235,114.974,30.0,living_street,1,0
11808,9982045012,563932920,31.933,30.0,residential,1,0
11809,10008579041,343746116,19.103,30.0,residential,1,1
11810,10008579041,1801631018,15.672999999999998,50.0,tertiary,1,1
11811,10008579051,10985378740,15.209,30.0,residential,1,1
11812,10008579051,1064391683,164.594,50.0,tertiary,1,1
11813,10018819914,1107293658,185.445,60.0,secondary,4,1
11814,10050429395,1574692788,38.866,50.0,residential,1,0
11815,10050458133,34650800,44.059,50.0,residential,1,0
11816,10050458133,8125165329,60.80900000000001,50.0,residential,1,1
11817,10126191176,9162767121,221.33400000000003,50.0,living_street,1,0
11818,10127170956,409730459,31.392,30.0,residential,2,0
11819,10127170956,10127170957,52.057,30.0,residential,1,1
11820,10127170957,1157432871,11.083,30.0,residential,1,1
11821,10127170957,1758359999,211.029,70.0,tertiary,3,1
11822,10127170959,10127170957,10.536,70.0,tertiary,3,1
11823,10127170959,10127170956,51.72,30.0,residential,1,1
11824,10127315762,1107293658,18.664,50.0,tertiary,3,1
11825,10127315762,1107288392,35.514,60.0,secondary,3,1
11826,10127317574,5422323172,8.518,50.0,residential,1,1
11827,10127317574,5502073963,190.47,50.0,residential,1,1
11828,10127374867,3699681066,17.814999999999998,50.0,tertiary,3,1
11829,10127374867,10761852042,34.751999999999995,50.0,tertiary,2,1
11830,10127374874,384581741,32.68,50.0,tertiary,2,1
11831,10127374874,10733523520,38.879,50.0,residential,1,1
11832,10166105029,12120455200,10.232,50.0,tertiary,1,1
11833,10166105029,12120460101,12.751000000000001,50.0,residential,1,1
11834,10238228716,440077889,93.665,50.0,tertiary,1,1
11835,10247433612,1458945605,92.90599999999999,50.0,residential,1,1
11836,10249498060,681665116,45.271,50.0,residential,1,1
11837,10249498060,357533356,17.613,50.0,residential,1,0
11838,10279762507,10279762507,87.526,30.0,residential,1,0
11839,10279762507,10279762507,87.52600000000001,30.0,residential,1,0
11840,10279762507,1562944328,12.835999999999999,30.0,residential,1,0
11841,10301886577,2079033919,66.515,50.0,tertiary,3,1
11842,10304320415,340235519,36.462,50.0,tertiary,3,1
11843,10304320415,10304320419,66.82300000000001,50.0,tertiary,4,0
11844,10304320419,412816227,115.75699999999999,50.0,residential,1,0
11845,10304320419,10304320415,66.82300000000001,50.0,tertiary,4,0
11846,10405482952,9289008436,210.481,50.0,secondary,4,1
11847,10567705312,540436609,225.39499999999998,50.0,tertiary,2,1
11848,10568511022,2006016774,179.367,50.0,secondary,3,0
11849,10568511022,347035948,27.307,50.0,secondary,2,1
11850,10568511033,12573584521,11.263,50.0,secondary,1,1
11851,10568511033,290034700,12.594,50.0,residential,1,1
11852,10577103074,534409544,11.197,50.0,tertiary,1,1
11853,10577103074,1286565964,110.988,50.0,primary,2,1
11854,10577103089,1286581437,33.059,30.0,residential,1,1
11855,10577103089,10577103107,150.731,50.0,tertiary,1,1
11856,10577103107,1290058636,12.944,50.0,tertiary,1,1
11857,10577103107,290034022,62.471,50.0,tertiary,2,1
11858,10577103115,1290054495,5.338,50.0,tertiary,1,1
11859,10577103115,563942150,45.678,50.0,tertiary,1,1
11860,10577103124,1272411995,13.263,50.0,secondary,2,1
11861,10577103124,8400880069,14.564000000000002,50.0,motorway_link,3,1
11862,10577115211,8312938435,13.756,50.0,motorway_link,1,1
11863,10577115211,1234762944,10.884999999999998,50.0,motorway_link,1,1
11864,10578320574,9091773207,419.728,50.0,secondary,3,1
11865,10578420600,387494738,84.282,50.0,residential,1,0
11866,10578420600,338524359,21.766,50.0,residential,1,1
11867,10578420602,338524359,8.11,50.0,residential,2,0
11868,10578420602,10578420600,21.923000000000002,50.0,residential,1,1
11869,10578420614,2144242207,200.74599999999998,50.0,tertiary,1,1
11870,10578420614,288134139,27.678,50.0,tertiary,1,0
11871,10578430746,384658095,39.535,50.0,tertiary,1,1
11872,10578527867,340005675,21.567999999999998,50.0,tertiary,1,1
11873,10578527867,370499903,64.334,50.0,tertiary,1,1
11874,10579294317,1836381515,12.633,30.0,residential,1,1
11875,10579294317,1692356598,367.48400000000004,50.0,tertiary,1,1
11876,10579294329,314957880,10.951,50.0,residential,1,1
11877,10579294329,4852355517,23.108,50.0,tertiary,1,1
11878,10579294334,4852355517,38.533,50.0,tertiary_link,1,1
11879,10579294334,10579294329,27.037,50.0,residential,1,1
11880,10579297244,381540455,57.191,30.0,residential,1,0
11881,10579297244,10579294317,26.943000000000005,30.0,residential,1,1
11882,10579349744,1692356598,13.542,50.0,residential,1,1
11883,10579349744,9901230628,312.39500000000004,50.0,tertiary,1,1
11884,10579550535,3991299385,5.556,30.0,residential,1,0
11885,10579550535,417643420,74.646,30.0,residential,1,0
11886,10579550535,10579550539,130.648,30.0,tertiary,2,1
11887,10579550539,381609648,122.27,50.0,tertiary,1,1
11888,10579550539,417131196,13.957,30.0,tertiary,2,1
11889,10579564565,417643292,68.5,30.0,residential,1,0
11890,10579564565,10579550535,59.092,30.0,tertiary,2,1
11891,10579564566,416638912,184.626,50.0,tertiary,1,0
11892,10579564566,381609606,37.308,50.0,tertiary,1,1
11893,10579564570,381609606,8.435,50.0,tertiary,1,1
11894,10579564570,10579564566,35.358,50.0,tertiary,1,1
11895,10579564601,416617725,175.748,50.0,tertiary,1,0
11896,10579564601,381478349,18.1,50.0,tertiary,1,1
11897,10579564628,9077150014,183.48499999999999,50.0,tertiary,1,0
11898,10579564628,416617725,27.635,50.0,tertiary,1,1
11899,10586906453,10814329461,20.193,50.0,tertiary,1,1
11900,10586906453,11267492514,38.303,50.0,tertiary,2,1
11901,10589022187,10926320334,166.694,50.0,tertiary,1,1
11902,10589022189,10926320338,23.386,50.0,tertiary,1,1
11903,10589022189,10589022187,35.826,50.0,tertiary,1,1
11904,10720644667,6276721020,99.85,50.0,living_street,1,0
11905,10733523520,7560875873,6.788,50.0,residential,1,1
11906,10735927041,2481674083,292.514,50.0,tertiary,4,1
11907,10735927041,11662200178,134.993,50.0,residential,1,0
11908,10742383295,412814471,93.41300000000001,50.0,residential,1,0
11909,10742383295,283621168,77.22200000000001,50.0,tertiary,3,1
11910,10743646022,3699681066,197.38200000000003,50.0,tertiary,3,1
11911,10743646022,1671579965,72.72,30.0,residential,1,0
11912,10761678350,2365353799,79.449,50.0,tertiary,3,0
11913,10761678350,2365353763,24.41,50.0,tertiary,1,1
11914,10761852042,3693554179,260.891,50.0,tertiary,3,1
11915,10771925362,11267492526,193.83199999999997,50.0,residential,1,1
11916,10778529220,1566056124,90.06,30.0,residential,1,0
11917,10778529222,1566056503,16.868,30.0,residential,1,0
11918,10790642147,10790656316,20.541,30.0,tertiary,1,1
11919,10790642147,287237222,194.024,30.0,tertiary,1,0
11920,10790642168,4000722256,78.03900000000002,50.0,tertiary_link,1,1
11921,10790642168,10790642178,68.51100000000001,30.0,tertiary,1,1
11922,10790642178,10790656344,140.33,30.0,tertiary,1,1
11923,10790642178,10790642191,23.398000000000003,30.0,tertiary,1,1
11924,10790642178,10790642196,20.119,50.0,tertiary,1,1
11925,10790642191,4415218497,13.558,50.0,tertiary,1,1
11926,10790642194,10790642178,9.998,50.0,tertiary,1,1
11927,10790642194,10790642196,15.849,50.0,residential,1,1
11928,10790642196,4000722256,6.214,50.0,tertiary,1,1
11929,10790656316,10790642168,92.042,30.0,tertiary,1,1
11930,10790656316,10790656350,10.177999999999999,30.0,tertiary,1,1
11931,10790656319,3599592480,10.993,30.0,residential,1,1
11932,10790656322,10790642147,20.858,30.0,tertiary,1,1
11933,10790656344,10790656350,13.812999999999999,30.0,tertiary,1,1
11934,10790656344,10790656319,11.828,30.0,residential,1,1
11935,10790656350,10790656322,8.225,30.0,tertiary,1,1
11936,10790656350,10790656319,7.606,30.0,tertiary,1,1
11937,10793161020,3697053928,52.802,50.0,residential,2,0
11938,10793161020,10793161022,26.97,50.0,residential,1,1
11939,10793161022,3697053925,7.306,50.0,residential,1,0
11940,10793161022,4082010268,123.922,50.0,residential,1,1
11941,10814034526,10586906453,20.702,50.0,tertiary,2,1
11942,10814034526,1141926339,226.36,50.0,tertiary,1,1
11943,10814034527,409472694,157.398,50.0,residential,1,0
11944,10814034527,10814034526,102.504,50.0,residential,1,1
11945,10814329461,10814034526,18.818,50.0,tertiary,2,1
11946,10814329461,10814034527,97.159,50.0,residential,1,1
11947,10814434067,343444088,4.38,50.0,residential,1,0
11948,10814434068,343444088,4.933,50.0,residential,1,0
11949,10822444313,11267492433,32.614000000000004,50.0,residential,1,1
11950,10822444313,11433131999,540.179,50.0,tertiary,1,1
11951,10829002281,10829002286,103.989,50.0,residential,1,0
11952,10829002286,10829002290,19.361,50.0,residential,1,0
11953,10829002286,10829002281,103.989,50.0,residential,1,0
11954,10829002286,412838545,153.651,30.0,residential,1,0
11955,10829002290,415442595,164.177,50.0,secondary,1,1
11956,10829002290,10829002286,19.361,50.0,residential,1,0
11957,10829033609,1001172655,160.32100000000003,30.0,tertiary,1,0
11958,10829033609,1001172772,165.883,30.0,tertiary,1,0
11959,10829033610,10829033609,51.793,50.0,residential,1,1
11960,10829033610,1001172699,55.348,30.0,residential,1,0
11961,10829428945,10829428954,61.216,50.0,residential,1,0
11962,10829428945,10829428954,107.643,50.0,residential,1,0
11963,10829428945,1750275770,43.68899999999999,50.0,residential,1,0
11964,10829428954,409473614,11.605,50.0,residential,1,0
11965,10829428954,10829428945,61.216,50.0,residential,1,0
11966,10829428954,10829428945,107.643,50.0,residential,1,0
11967,10901313411,11043484150,14.597,50.0,tertiary,1,1
11968,10901313411,11267492307,91.494,50.0,residential,1,1
11969,10901313418,10901313411,19.827,50.0,residential,1,1
11970,10901313418,10926320341,363.11799999999994,50.0,tertiary,1,1
11971,10901313426,374352685,106.118,50.0,residential,1,0
11972,10901313426,10926320336,110.416,50.0,residential,1,1
11973,10901313465,1750275775,11.151,50.0,residential,1,1
11974,10901313465,2373857201,41.024,50.0,residential,1,1
11975,10903431395,2004137796,10.091,50.0,residential,1,0
11976,10903431396,1931855296,20.298,50.0,residential,1,0
11977,10903431398,1931855296,41.01,50.0,residential,1,0
11978,10907653669,11267492245,14.612,50.0,residential,1,1
11979,10907653669,11267492246,127.59899999999999,50.0,residential,1,0
11980,10921435231,540444452,104.196,30.0,residential,1,0
11981,10921435232,540444456,153.55599999999998,30.0,residential,1,0
11982,10926320334,10166105029,18.478,50.0,residential,1,1
11983,10926320334,3986557762,188.233,50.0,tertiary,1,1
11984,10926320336,10589022189,18.398,50.0,tertiary,1,1
11985,10926320336,10901313411,403.39500000000004,50.0,tertiary,1,1
11986,10926320337,10926320336,23.443,50.0,tertiary,1,1
11987,10926320337,10901313426,112.058,50.0,residential,1,1
11988,10926320338,10926320337,18.525,50.0,tertiary,1,1
11989,10926320338,2868373851,235.218,50.0,residential,1,1
11990,10926320341,10589022187,54.025000000000006,50.0,tertiary_link,1,1
11991,10926320341,10589022189,37.708,50.0,tertiary,1,1
11992,10927151080,1931855333,56.725,50.0,living_street,1,0
11993,10942754473,1141932984,221.973,50.0,residential,1,0
11994,10942754473,806982470,36.76499999999999,50.0,residential,1,1
11995,10942994767,10968410651,150.014,30.0,residential,1,0
11996,10942994767,2136693098,27.705,30.0,residential,1,1
11997,10966434666,469954005,79.60499999999999,50.0,residential,1,0
11998,10968410534,409727055,5.391,30.0,residential,1,0
11999,10968410581,806982538,20.469,30.0,residential,1,1
12000,10968410651,409722039,3.022,30.0,residential,1,1
12001,10968410651,10942994767,150.014,30.0,residential,1,0
12002,10976816535,440340648,5.846,50.0,residential,1,0
12003,10976816535,3988271549,128.05700000000002,50.0,residential,1,0
12004,10977776669,289498191,75.795,50.0,residential,1,0
12005,10981805276,289496747,62.650000000000006,50.0,residential,1,1
12006,10981805276,2451939174,558.7909999999999,50.0,living_street,1,0
12007,10983773590,10983773591,2.16,30.0,residential,1,1
12008,10983773591,10968410581,15.050999999999998,30.0,residential,1,1
12009,10983773591,2136693104,89.83999999999999,30.0,residential,1,1
12010,10985355495,139707,190.22699999999998,50.0,residential,1,0
12011,10985355495,10985355496,58.935,50.0,residential,1,1
12012,10985355496,401546169,116.606,50.0,residential,1,0
12013,10985355496,10985355495,58.166,50.0,residential,1,1
12014,10985355501,401546169,21.439,50.0,residential,1,1
12015,10985378458,10985378749,55.525999999999996,50.0,residential,1,1
12016,10985378458,280004122,63.286,50.0,residential,1,0
12017,10985378477,440076131,3.657,50.0,tertiary,1,1
12018,10985378480,10985378556,12.068000000000001,50.0,residential,1,1
12019,10985378480,10985378489,6.099,50.0,residential,1,1
12020,10985378489,10985378556,11.908999999999999,50.0,residential,1,1
12021,10985378489,10985378665,12.619,50.0,residential,1,1
12022,10985378495,1064391683,14.507,50.0,tertiary,1,1
12023,10985378495,404498670,42.557,50.0,tertiary,1,1
12024,10985378556,10985378477,282.77399999999994,50.0,residential,1,1
12025,10985378574,10985355501,26.282000000000004,50.0,residential,1,1
12026,10985378574,10985378749,17.333,50.0,residential,1,1
12027,10985378579,10985378458,45.551,50.0,residential,1,1
12028,10985378665,280004122,303.978,50.0,residential,1,1
12029,10985378689,342298586,5.992,50.0,residential,1,1
12030,10985378689,10985378740,7.045,50.0,tertiary,1,1
12031,10985378727,1801631001,163.227,50.0,tertiary,1,1
12032,10985378740,342298586,1.789,30.0,residential,1,1
12033,10985378740,1064391618,73.547,50.0,tertiary,1,1
12034,10985378749,10985378579,11.945,50.0,residential,1,1
12035,10985378749,10985355501,18.57,50.0,residential,1,1
12036,11002129702,342338553,106.12099999999998,50.0,living_street,1,0
12037,11008394312,1103801184,130.539,50.0,tertiary_link,1,1
12038,11012847678,4716344842,28.9,50.0,residential,1,0
12039,11018836787,2216964347,187.629,50.0,tertiary,1,1
12040,11018836787,4060733696,67.225,50.0,residential,1,0
12041,11018837124,549254120,20.495,50.0,tertiary,2,1
12042,11018837124,11018836787,16.0,50.0,tertiary_link,1,1
12043,11018894720,1563756546,18.815,30.0,residential,1,0
12044,11018894720,11018894720,76.408,30.0,residential,1,0
12045,11018894720,11018894720,76.40799999999999,30.0,residential,1,0
12046,11018894722,11018894723,39.613,30.0,residential,1,0
12047,11018894722,11018894723,50.796,30.0,residential,1,0
12048,11018894722,11018909846,38.482,30.0,residential,1,0
12049,11018894723,1562944467,14.659,30.0,residential,1,0
12050,11018894723,11018894722,39.613,30.0,residential,1,0
12051,11018894723,11018894722,50.796,30.0,residential,1,0
12052,11018909846,6989554194,156.10900000000004,30.0,residential,1,1
12053,11018909846,11018894722,38.482,30.0,residential,1,0
12054,11021254283,580726702,50.138,30.0,living_street,1,0
12055,11021254283,3773336621,88.134,50.0,residential,1,0
12056,11028046634,566747878,55.472,50.0,tertiary,1,0
12057,11028046634,11028046640,29.459,50.0,tertiary,2,1
12058,11028046635,1931865399,7.067,50.0,residential,1,0
12059,11028046635,318180570,57.221,50.0,residential,2,1
12060,11028046640,11028046645,23.252,50.0,tertiary,2,1
12061,11028046640,1200016197,341.94,50.0,secondary,1,1
12062,11028046645,318180570,6.497,50.0,secondary,1,1
12063,11028046645,11028046635,57.040000000000006,50.0,residential,1,1
12064,11028054579,357533360,60.69,50.0,residential,1,0
12065,11036710226,6488204572,26.184,50.0,tertiary,2,0
12066,11036710226,357529280,12.895,50.0,tertiary,2,0
12067,11042689310,1199373034,110.015,50.0,tertiary,2,0
12068,11042689310,9258097268,29.742,50.0,tertiary,1,1
12069,11042689312,2515962059,82.021,50.0,tertiary,3,0
12070,11042689312,8560706148,31.634,50.0,tertiary,2,0
12071,11043484150,11267492314,19.434,50.0,residential,1,1
12072,11043484150,11433132001,829.0509999999999,50.0,tertiary,1,1
12073,11051699781,580742984,70.765,30.0,residential,1,1
12074,11051699781,2470035561,242.33599999999996,50.0,secondary,1,1
12075,11059382591,1953545098,168.723,50.0,secondary,2,1
12076,11059382591,2509747192,68.441,50.0,secondary,3,0
12077,11059415041,11059415043,15.92,50.0,secondary_link,1,1
12078,11059415041,540431326,14.389,30.0,residential,1,1
12079,11059415043,2567910218,68.075,50.0,secondary,3,1
12080,11107954570,384687032,344.494,30.0,residential,1,1
12081,11107954570,384677768,73.889,50.0,residential,1,1
12082,11111183722,2111226371,365.64099999999996,50.0,tertiary,1,1
12083,11155512363,11155512364,80.572,50.0,tertiary,2,0
12084,11155512363,2473987382,34.043,50.0,tertiary,1,1
12085,11155512364,11155512363,80.572,50.0,tertiary,2,0
12086,11155512364,2344604154,57.909,50.0,tertiary,1,1
12087,11155512365,1696731860,158.618,50.0,tertiary,2,0
12088,11155512365,386012533,33.564,50.0,tertiary,2,1
12089,11206316727,1261466810,62.18600000000001,30.0,residential,1,0
12090,11267490897,9931532351,202.15,50.0,residential,1,0
12091,11267490897,11267490910,22.19,50.0,residential,1,1
12092,11267490906,11267490897,29.165,50.0,residential,1,1
12093,11267490906,11267490910,17.964999999999996,50.0,residential,1,1
12094,11267490910,11267490914,41.43,50.0,residential,1,1
12095,11267490914,11267490925,35.005,50.0,residential,1,1
12096,11267490914,11267490956,18.094,50.0,residential,1,1
12097,11267490925,2868373857,60.181,50.0,residential,1,0
12098,11267490925,11267490956,29.810999999999996,50.0,residential,1,1
12099,11267490956,12120460120,66.751,50.0,residential,1,1
12100,11267492233,1131244786,269.33000000000004,50.0,residential,1,0
12101,11267492233,374352685,38.348,50.0,residential,1,1
12102,11267492245,409473188,95.14599999999999,50.0,residential,1,0
12103,11267492245,10907653669,46.29599999999999,50.0,residential,1,1
12104,11267492246,10907653669,127.59899999999999,50.0,residential,1,0
12105,11267492246,10901313418,110.783,50.0,residential,1,1
12106,11267492254,11267492271,112.579,50.0,residential,1,0
12107,11267492254,10901313465,30.054000000000002,50.0,residential,1,1
12108,11267492256,11267492307,42.959,50.0,residential,1,0
12109,11267492256,12215833806,53.201,50.0,residential,1,1
12110,11267492271,11379560409,126.658,50.0,residential,1,0
12111,11267492271,11267492254,112.579,50.0,residential,1,0
12112,11267492271,409474204,170.41699999999997,50.0,residential,1,1
12113,11267492307,11267492256,42.959,50.0,residential,1,0
12114,11267492307,11043484150,89.867,50.0,residential,1,1
12115,11267492314,10901313418,14.533,50.0,tertiary,1,1
12116,11267492314,11267492246,110.229,50.0,residential,1,1
12117,11267492433,11267492526,35.684,50.0,tertiary,1,1
12118,11267492433,10771925373,167.579,50.0,residential,1,1
12119,11267492448,10586906453,35.617999999999995,50.0,tertiary,1,1
12120,11267492448,11267492514,51.13999999999999,50.0,tertiary_link,1,1
12121,11267492514,10822444313,399.837,50.0,tertiary,2,1
12122,11267492526,10814329461,430.388,50.0,tertiary,2,1
12123,11364418224,9489974544,217.13400000000001,30.0,residential,1,0
12124,11364418224,3495343373,11.895999999999999,30.0,residential,1,1
12125,11379560409,11267492271,126.658,50.0,residential,1,0
12126,11425629863,340375374,97.885,50.0,secondary_link,1,1
12127,11425629863,11425743093,48.747,60.0,secondary,3,1
12128,11425743093,2373960339,6.442,60.0,secondary,1,1
12129,11425743093,340375374,68.227,50.0,residential,2,1
12130,11425767901,12041973939,4.331,30.0,residential,1,0
12131,11433131999,11433132001,19.783,50.0,residential,1,0
12132,11433131999,11267492314,830.1099999999999,50.0,tertiary,1,1
12133,11433131999,409473182,885.368,50.0,residential,1,0
12134,11433132001,11433131999,19.783,50.0,residential,1,0
12135,11433132001,11267492433,517.625,50.0,tertiary,1,1
12136,11473316970,384651121,174.06799999999998,50.0,tertiary,2,1
12137,11489094007,414720681,26.537,30.0,residential,1,0
12138,11493079633,1104534249,291.688,30.0,residential,1,0
12139,11493079633,798471965,27.241999999999997,30.0,residential,1,1
12140,11493079647,1104591195,97.644,30.0,residential,1,0
12141,11493079647,798471980,41.87,30.0,residential,1,1
12142,11493079647,798471949,37.189,30.0,residential,1,1
12143,11498267668,1104591195,33.84,30.0,residential,1,1
12144,11498267668,11498283472,14.556999999999999,30.0,tertiary,1,1
12145,11498283472,11498283514,1.827,30.0,tertiary,1,1
12146,11498283475,11498283485,16.253999999999998,30.0,tertiary,1,1
12147,11498283475,11498283530,144.775,30.0,tertiary,1,1
12148,11498283483,11498283475,13.774,30.0,tertiary,1,1
12149,11498283485,11498267668,6.4990000000000006,30.0,tertiary,1,1
12150,11498283514,1135283070,161.028,30.0,tertiary,1,1
12151,11498283514,11498283483,12.748999999999999,30.0,tertiary,1,1
12152,11498283527,11498283529,15.788,30.0,tertiary,1,1
12153,11498283527,603554354,168.099,50.0,tertiary,1,1
12154,11498283529,11498283530,9.289,50.0,tertiary,1,1
12155,11498283529,3496915991,20.863,30.0,tertiary,1,1
12156,11498283530,11498283527,15.879,30.0,tertiary,1,1
12157,11498283530,11501428175,341.54900000000004,50.0,tertiary,1,1
12158,11501428173,11501428174,13.628,50.0,tertiary,1,1
12159,11501428173,2103512155,504.647,50.0,secondary,2,1
12160,11501428174,11501428175,12.733,50.0,secondary,1,1
12161,11501428174,3496916410,27.799,50.0,tertiary,1,1
12162,11501428175,11501428173,13.351,50.0,tertiary,1,1
12163,11501428175,597659083,289.306,50.0,secondary,1,1
12164,11513717736,522487451,34.15,30.0,residential,1,0
12165,11515711958,563991159,101.682,30.0,residential,1,1
12166,11610634568,4852121100,20.006999999999998,50.0,residential,1,1
12167,11610634568,11610842369,29.419,50.0,tertiary_link,1,1
12168,11610842369,381453814,214.97799999999998,50.0,tertiary,1,1
12169,11645556334,354043907,200.356,50.0,residential,1,0
12170,11662200178,10735927041,134.993,50.0,residential,1,0
12171,11747359689,1001172772,63.834,30.0,residential,1,0
12172,11768516725,6420450333,134.32,50.0,tertiary,1,1
12173,11768516726,11768516725,10.197,50.0,tertiary,1,1
12174,11768516726,9970960139,22.609,50.0,tertiary,1,1
12175,11806001129,11806001130,10.199,50.0,tertiary,1,1
12176,11806001129,1127659147,25.883,50.0,secondary,2,1
12177,11806001130,11806001131,10.175,50.0,tertiary,1,1
12178,11806001130,3609905725,364.89,50.0,secondary,1,1
12179,11806001131,11806001129,6.966,50.0,secondary,2,1
12180,11806001131,6483807579,18.063000000000002,50.0,tertiary,1,1
12181,11806001152,1140776403,8.123,50.0,tertiary,1,1
12182,11806001152,1140776587,44.902,50.0,residential,1,1
12183,11808919720,1801631024,10.027,50.0,tertiary,1,1
12184,11808919720,1801631043,19.102,50.0,secondary_link,1,1
12185,11816615028,11816615030,58.858,50.0,residential,1,0
12186,11816615028,672188165,391.529,30.0,residential,1,1
12187,11816615030,11816615028,58.858,50.0,residential,1,0
12188,11825336031,6137358182,132.888,50.0,tertiary,1,1
12189,11825336031,3992798245,124.69800000000001,50.0,tertiary,1,1
12190,11846590955,2993052349,9.343,50.0,unclassified,1,1
12191,11846590956,412818316,12.6,50.0,unclassified,1,1
12192,11964303011,681262526,129.302,30.0,residential,1,0
12193,11964303020,681262526,55.959,30.0,residential,1,0
12194,11964303020,681262541,44.092999999999996,30.0,residential,1,0
12195,11964303020,11964303026,73.398,30.0,unclassified,1,0
12196,11964303026,11964303020,73.398,30.0,unclassified,1,0
12197,12041973939,11425767901,4.331,30.0,residential,1,0
12198,12041973939,6063048210,22.877,30.0,residential,1,0
12199,12041973941,12041973939,38.331,50.0,tertiary_link,1,1
12200,12041973941,6063048210,29.604,50.0,tertiary,1,1
12201,12045211636,12397670092,82.486,30.0,living_street,1,1
12202,12045211636,340369699,229.151,30.0,residential,1,1
12203,12084734255,387494738,60.489000000000004,50.0,residential,1,0
12204,12098262024,339420506,108.75200000000001,30.0,tertiary,1,1
12205,12110076470,2133470403,65.17099999999999,50.0,residential,1,0
12206,12114425942,1628430692,62.406,50.0,residential,1,1
12207,12114425942,2133478740,35.334,50.0,residential,1,0
12208,12115376828,279713588,26.054,50.0,residential,2,1
12209,12115376829,3612842299,24.639,50.0,residential,1,0
12210,12115376829,12115376828,1.646,50.0,residential,1,1
12211,12115376830,12115376828,4.6530000000000005,50.0,residential,1,1
12212,12115376830,12115376829,4.578,50.0,residential,1,1
12213,12118976855,563982976,45.383,50.0,residential,1,0
12214,12118976855,346150953,42.245,50.0,residential,1,0
12215,12118976855,1288278993,134.43,50.0,residential,1,1
12216,12118976855,9759325538,68.468,50.0,residential,1,0
12217,12120455200,12120460120,7.362,50.0,tertiary,1,1
12218,12120455200,10926320334,16.541,50.0,residential,1,1
12219,12120460101,12120460109,121.93800000000002,50.0,residential,1,1
12220,12120460101,11267490906,84.074,50.0,residential,1,1
12221,12120460109,12120455200,146.222,50.0,residential,1,1
12222,12120460109,9931532351,357.322,50.0,residential,1,0
12223,12120460120,10926320334,18.827,50.0,residential,1,1
12224,12120460120,10926320338,193.93699999999998,50.0,tertiary,1,1
12225,12215833806,10901313465,12.036,50.0,residential,1,1
12226,12215833806,11267492254,36.757,50.0,residential,1,1
12227,12287814424,544561044,1158.0299999999997,90.0,motorway,3,1
12228,12287814424,2213119636,656.7250000000001,50.0,motorway_link,1,1
12229,12292683830,289503067,85.76,50.0,secondary,4,0
12230,12292683830,13084845729,58.29,50.0,secondary,2,1
12231,12292683832,3739773085,115.37799999999999,50.0,unclassified,1,0
12232,12292683837,289502966,101.43799999999999,50.0,secondary,4,0
12233,12292683837,6145368549,34.436,50.0,residential,1,0
12234,12292683837,6420450332,16.938,50.0,secondary,2,1
12235,12361383714,2108063253,90.53699999999999,50.0,living_street,1,0
12236,12361652364,286542525,73.301,50.0,residential,1,0
12237,12361652381,286643494,86.453,50.0,tertiary,1,1
12238,12368649407,2493918001,44.769999999999996,50.0,secondary_link,1,1
12239,12368649407,318761485,25.346,50.0,secondary,1,1
12240,12397670092,340369726,221.52800000000002,30.0,residential,1,1
12241,12397670092,13521616457,136.27599999999998,50.0,"['unclassified', 'living_street']",1,1
12242,12404428905,289069622,35.837,80.0,trunk,4,1
12243,12404428905,12404428906,53.408,50.0,trunk_link,1,1
12244,12404428906,1475412131,178.057,50.0,tertiary,4,1
12245,12484028607,4831211734,209.248,50.0,tertiary,1,0
12246,12498491437,17703736,68.75200000000001,50.0,secondary,3,1
12247,12498491437,6479020099,395.0880000000001,50.0,primary,3,1
12248,12509865167,6989554199,37.809,30.0,residential,1,0
12249,12509865170,12509865185,107.34,30.0,residential,1,0
12250,12509865170,540425639,11.997,30.0,residential,1,0
12251,12509865185,540425904,5.566,30.0,residential,1,0
12252,12509865185,12509865170,107.34000000000002,30.0,residential,1,0
12253,12509865185,12509865193,51.156,50.0,residential,1,1
12254,12509865193,1566056345,82.774,30.0,residential,1,0
12255,12509865193,12509865170,62.88799999999999,50.0,residential,1,1
12256,12509865194,13109261737,54.911,30.0,living_street,1,0
12257,12514343253,282458259,134.051,50.0,residential,1,0
12258,12514343259,334719605,104.727,50.0,residential,1,0
12259,12554118140,3358619,15.701,50.0,tertiary,2,1
12260,12554118140,4079232702,129.346,60.0,secondary,4,1
12261,12573584520,345403957,127.34,50.0,unclassified,1,0
12262,12573584520,2131481365,14.238,50.0,unclassified,1,1
12263,12573584521,2131481365,13.738,50.0,secondary,1,1
12264,12573584521,12573584520,15.063,50.0,unclassified,1,1
12265,12573637089,12573637090,19.219,30.0,residential,1,1
12266,12573637089,1262551628,49.144999999999996,30.0,residential,1,0
12267,12573637090,12573637097,15.309999999999999,50.0,residential,1,1
12268,12573637091,12573637089,19.563,30.0,residential,1,1
12269,12573637091,12573637090,7.191,50.0,residential,1,1
12270,12573637093,12573637091,32.205,50.0,residential,1,1
12271,12573637094,2133110716,88.61999999999999,30.0,residential,1,1
12272,12573637094,12573637093,14.103000000000002,50.0,residential,1,1
12273,12573637095,12573637094,9.055,50.0,residential,1,1
12274,12573637097,2133110682,10.382,30.0,residential,1,1
12275,12573637097,12573637095,7.994,50.0,residential,1,1
12276,12760486279,1104333892,112.01599999999999,50.0,tertiary,4,1
12277,12768324054,12768324059,41.015,50.0,residential,1,1
12278,12768324054,9229524825,407.62600000000003,50.0,residential,1,0
12279,12768324059,2136690477,317.39099999999996,50.0,residential,1,0
12280,12768324059,12768324054,29.528999999999996,50.0,residential,1,1
12281,12771027382,13521616450,266.932,50.0,tertiary,1,1
12282,12782509475,12782509476,53.418,50.0,residential,1,0
12283,12782509476,1569154972,66.001,50.0,residential,1,0
12284,12782509476,12782509475,53.418,50.0,residential,1,0
12285,12782509476,1569154977,89.101,50.0,residential,1,0
12286,12783448856,412813618,59.167,50.0,residential,1,0
12287,12783448856,289502966,35.306,50.0,residential,1,1
12288,12790141878,3220033352,340.56999999999994,50.0,residential,1,0
12289,12865038485,1168934923,73.789,50.0,living_street,1,0
12290,12869409422,352938437,59.927,30.0,residential,1,1
12291,12869409422,12869409424,58.409,50.0,residential,1,0
12292,12869409424,12869409422,58.409,50.0,residential,1,0
12293,12869409443,352938163,109.514,30.0,residential,1,0
12294,12887078698,12887108502,5.183,30.0,residential,1,0
12295,12887078698,12887078699,23.624,30.0,tertiary,1,1
12296,12887078699,958441017,154.222,30.0,tertiary,1,0
12297,12887078699,12887108502,26.645000000000003,30.0,tertiary,1,1
12298,12887108501,958076404,21.686,50.0,tertiary,1,0
12299,12887108501,12887078698,35.757000000000005,50.0,tertiary,1,1
12300,12887108502,12887078698,5.183,30.0,residential,1,0
12301,12887108502,958441421,63.979,30.0,residential,1,0
12302,12887108502,12887108501,40.429,50.0,tertiary,1,1
12303,12897960675,290034969,204.972,50.0,tertiary,1,1
12304,12897960675,340373545,59.259,50.0,tertiary,3,1
12305,12897960675,340008586,56.016000000000005,50.0,tertiary,2,0
12306,12953147551,4082010275,58.301,50.0,residential,1,0
12307,12953147551,2915980262,130.351,50.0,residential,1,0
12308,12953147551,2916015762,114.997,50.0,residential,1,0
12309,12959281701,412525198,33.854,50.0,residential,1,0
12310,12961423143,1574582479,99.69800000000001,50.0,residential,1,0
12311,12961423144,1671579972,46.034,30.0,residential,1,0
12312,12974302797,12974351410,19.641,50.0,tertiary,1,1
12313,12974302798,5604911212,9.065,50.0,tertiary,1,1
12314,12974351410,340376906,224.124,50.0,tertiary,1,1
12315,12974351410,3609241996,14.729,50.0,tertiary,1,1
12316,12982676305,12982676309,108.56,50.0,tertiary,1,1
12317,12982676305,2216956972,48.842999999999996,50.0,tertiary,1,1
12318,12982676309,2216956978,12.721,50.0,tertiary,1,1
12319,12982676309,318762050,184.78700000000003,50.0,tertiary,2,1
12320,12996096279,4177163632,59.302,30.0,residential,1,0
12321,13009272049,316022676,49.741,70.0,secondary_link,3,1
12322,13009272049,1104543102,65.198,50.0,trunk_link,1,1
12323,13039592420,340007462,56.773,30.0,residential,1,0
12324,13049605337,3644526483,118.214,50.0,unclassified,1,0
12325,13064730787,4177163633,60.825,30.0,residential,1,0
12326,13075574794,340233619,63.343,30.0,residential,1,1
12327,13076020513,342330661,137.559,50.0,residential,1,0
12328,13076020513,342319877,296.995,50.0,residential,1,0
12329,13076020513,6144664092,67.652,50.0,residential,1,0
12330,13084845729,1790662878,34.637,50.0,secondary,5,0
12331,13084845729,1790662883,24.098,50.0,secondary,3,1
12332,13109261718,1566055893,27.954,50.0,residential,1,0
12333,13109261721,1563756432,12.12,30.0,residential,1,0
12334,13109261721,13109261721,73.476,30.0,residential,1,1
12335,13109261737,1566056312,61.005,30.0,living_street,1,0
12336,13109261737,12509865194,54.911,30.0,living_street,1,0
12337,13109261737,1566055935,93.85000000000001,30.0,residential,1,0
12338,13115711738,6416170150,20.143,50.0,secondary_link,1,1
12339,13115711738,13115711742,109.154,50.0,secondary_link,1,1
12340,13115711740,1575611198,36.837999999999994,50.0,secondary_link,1,1
12341,13115711740,13115711738,27.183,50.0,secondary_link,1,1
12342,13115711742,3965819942,49.89,50.0,secondary_link,2,1
12343,13115711742,3965819955,57.84100000000001,50.0,secondary_link,1,1
12344,13120785866,540448630,114.935,50.0,residential,1,0
12345,13120785866,540448524,83.662,50.0,residential,1,0
12346,13120785894,1931848021,19.727,50.0,tertiary,1,0
12347,13120785894,13120785895,31.919,50.0,residential,1,0
12348,13120785894,540448524,32.97,50.0,tertiary,1,0
12349,13120785895,13120785894,31.919,50.0,residential,1,0
12350,13123372757,6760419096,32.265,50.0,residential,1,0
12351,13123372758,6760419096,35.137,50.0,residential,1,0
12352,13123372779,1931844422,12.355,30.0,tertiary,1,0
12353,13123372779,365769873,42.409,30.0,tertiary,1,0
12354,13123372779,13123372783,26.978,50.0,residential,1,0
12355,13123372782,472591118,21.144,50.0,residential,1,0
12356,13123372782,13123372783,45.8,30.0,residential,1,1
12357,13123372783,13123372782,48.616,30.0,residential,1,1
12358,13123372783,13123372779,26.978,50.0,residential,1,0
12359,13123372788,13123372790,33.201,50.0,residential,1,0
12360,13123372790,12982676305,115.26599999999999,50.0,tertiary,2,1
12361,13123372790,13123372788,33.201,50.0,residential,1,0
12362,13123373642,13123373649,22.449,50.0,living_street,1,0
12363,13123373642,1931844416,46.321000000000005,30.0,residential,1,1
12364,13123373642,6017732743,104.965,30.0,"['residential', 'living_street']",1,0
12365,13123373649,13123373642,22.449,50.0,living_street,1,0
12366,13123373650,1931844434,10.012,50.0,living_street,1,0
12367,13146941277,3586725566,209.01,50.0,residential,1,0
12368,13146941277,1695279012,42.894999999999996,50.0,secondary,3,1
12369,13151716937,1688171038,11.34,50.0,residential,1,1
12370,13151716937,847958580,213.329,50.0,residential,1,1
12371,13151716960,13151716937,79.47600000000001,50.0,residential,1,1
12372,13151716960,13151716963,161.424,50.0,residential,1,0
12373,13151716963,1688194369,17.689,50.0,residential,1,0
12374,13151716963,1688194231,167.115,50.0,residential,1,0
12375,13151716963,13151716960,161.424,50.0,residential,1,0
12376,13167218927,580706963,90.56800000000001,50.0,secondary,1,1
12377,13167218933,4141006990,21.634,50.0,tertiary,2,1
12378,13167218933,1208799525,52.196999999999996,50.0,residential,1,1
12379,13167241725,1199953171,86.513,50.0,secondary,2,0
12380,13167241725,11051699781,34.285000000000004,50.0,secondary,2,1
12381,13203655952,13203655953,43.045,50.0,residential,1,0
12382,13203655952,13203655970,42.232,50.0,residential,1,1
12383,13203655953,1143763231,28.841,50.0,residential,1,1
12384,13203655953,13203655952,43.045,50.0,residential,1,0
12385,13203655964,13203655965,16.811,50.0,residential,1,0
12386,13203655964,13203655969,12.484,50.0,residential,1,0
12387,13203655964,8660335848,56.772,50.0,residential,1,0
12388,13203655965,13203655964,16.811,50.0,residential,1,0
12389,13203655966,1931855320,34.284,50.0,residential,1,0
12390,13203655966,1931855291,19.979,50.0,residential,1,0
12391,13203655966,13203655967,41.507999999999996,50.0,residential,1,0
12392,13203655967,1931855357,50.869,50.0,residential,1,0
12393,13203655967,1931855323,37.66,50.0,residential,1,0
12394,13203655967,13203655966,41.507999999999996,50.0,residential,1,0
12395,13203655969,13203655970,31.402,50.0,residential,1,0
12396,13203655969,1931855321,28.493000000000002,50.0,residential,1,0
12397,13203655969,13203655964,12.484,50.0,residential,1,0
12398,13203655970,13203655969,31.402,50.0,residential,1,0
12399,13203655970,1931855304,31.3,50.0,residential,1,1
12400,13203655971,1589498355,22.138,50.0,residential,1,0
12401,13203655971,1474030762,45.95,50.0,residential,1,0
12402,13203655971,13203655972,56.153999999999996,50.0,residential,1,0
12403,13203655972,13203655971,56.153999999999996,50.0,residential,1,0
12404,13203655986,13203696409,41.588,50.0,residential,1,1
12405,13203655986,1589498342,125.161,30.0,living_street,1,1
12406,13203655989,1474029222,12.003,50.0,tertiary,2,0
12407,13203655989,1474029219,35.504999999999995,50.0,tertiary,1,1
12408,13203655989,13203655991,11.717,50.0,tertiary,2,0
12409,13203655991,1931855370,45.091,50.0,tertiary,2,0
12410,13203655991,318186706,170.572,50.0,residential,1,1
12411,13203655991,13203655989,11.717,50.0,tertiary,2,0
12412,13203696409,13203696413,12.793,50.0,residential,1,1
12413,13203696409,13203696414,31.394,50.0,residential,1,0
12414,13203696411,13203696414,6.1,50.0,residential,1,0
12415,13203696413,1589498340,15.852,50.0,residential,1,1
12416,13203696413,13203696415,32.255,50.0,residential,1,0
12417,13203696414,13203696411,6.1,50.0,residential,1,0
12418,13203696414,13203696409,31.394,50.0,residential,1,0
12419,13203696414,13203696415,18.27,50.0,residential,1,0
12420,13203696415,13203696413,32.255,50.0,residential,1,0
12421,13203696415,13203696416,2.878,50.0,residential,1,0
12422,13203696415,13203696414,18.27,50.0,residential,1,0
12423,13203696416,13203696415,2.878,50.0,residential,1,0
12424,13203696437,1931855287,24.831,50.0,residential,1,0
12425,13203696441,1931855346,42.656,50.0,residential,1,0
12426,13203696459,2105338186,79.817,50.0,residential,1,0
12427,13203696459,13203696493,70.227,50.0,residential,1,1
12428,13203696463,1931855385,28.702,50.0,residential,1,0
12429,13203696477,6133447677,64.779,50.0,residential,1,0
12430,13203696477,1931855358,63.295,50.0,residential,1,1
12431,13203696493,2134802043,36.166,50.0,residential,1,0
12432,13203696493,13203696513,69.571,50.0,residential,1,1
12433,13203696493,2134824776,32.101,50.0,residential,1,0
12434,13203696512,1931855360,51.45400000000001,50.0,residential,1,0
12435,13203696513,1931855351,80.182,50.0,residential,1,1
12436,13240433160,4755318765,261.582,60.0,secondary,3,1
12437,13326884550,13326884556,21.488,50.0,tertiary,3,1
12438,13326884550,13326884553,16.949,50.0,tertiary_link,1,1
12439,13326884553,540426372,32.057,50.0,residential,1,0
12440,13326884553,13326884556,15.104000000000001,50.0,tertiary_link,1,1
12441,13326884556,268217769,73.613,50.0,tertiary,3,1
12442,13347702985,318753800,38.93,50.0,unclassified,1,0
12443,13373517502,2133458880,28.813000000000002,50.0,residential,1,0
12444,13373517503,2133458881,12.249,50.0,residential,1,0
12445,13415811873,2006016807,35.933,30.0,residential,1,0
12446,13415811873,2006016715,39.913,30.0,residential,1,0
12447,13415811873,13415811874,51.76,50.0,residential,1,0
12448,13415811874,13415811873,51.76,50.0,residential,1,0
12449,13444518040,1574692724,7.063,50.0,secondary,3,1
12450,13444518040,13444518044,9.977,50.0,secondary_link,1,1
12451,13444518044,3725505595,200.23399999999998,50.0,tertiary,2,1
12452,13476359211,6507870258,33.472,60.0,secondary,2,1
12453,13476359211,3690207089,20.989,50.0,residential,1,1
12454,13512500267,384648220,6.961,50.0,residential,1,1
12455,13512500267,11473316970,8.902999999999999,50.0,residential,1,1
12456,13521616450,1226818,7.24,50.0,tertiary,1,1
12457,13521616450,412398841,71.592,50.0,tertiary,1,1
12458,13521616451,1226818,7.471,30.0,residential,1,1
12459,13521616457,412514505,83.16000000000001,50.0,tertiary,1,1
12460,13628697811,13628697813,77.797,30.0,residential,1,0
12461,13628697811,1683209667,135.74200000000002,50.0,tertiary,3,1
12462,13628697813,13628697814,78.415,30.0,residential,1,0
12463,13628697813,339476005,116.136,30.0,residential,1,1
12464,13628697813,13628697811,77.79699999999998,30.0,residential,1,0
12465,13628697814,13628697813,78.415,30.0,residential,1,0
12466,13628697814,339474931,43.073,50.0,residential,1,0
12467,13703576764,1563756422,38.707,30.0,residential,1,0
12468,13703576764,13703576764,101.584,30.0,residential,1,0
12469,13703576764,13703576764,101.584,30.0,residential,1,0
