node_id,lat,lon
139693,32.0938395,34.790572
139698,32.0938691,34.7912309
139707,32.0953536,34.7785001
139708,32.0950516,34.778329
139709,32.0945267,34.7788423
139712,32.0947565,34.7821942
139713,32.0946801,34.7816642
139714,32.0942069,34.7822513
139715,32.0941146,34.7817829
139716,32.0939146,34.7807336
139717,32.0931816,34.7805786
139718,32.0938446,34.7796079
139719,32.0927726,34.7814959
139723,32.0939672,34.7923929
1226802,32.0799132,34.7682237
1226807,32.0822308,34.7685633
1226818,32.0873819,34.7732365
1226869,32.0786427,34.796604
1226885,32.0731605,34.7922196
1227191,32.0474646,34.7889422
1227320,32.0735985,34.7817537
1227328,32.0794975,34.7812282
1227332,32.0797611,34.7730408
1228098,32.0718952,34.796244
1228100,32.0716362,34.7970797
1228104,32.0708982,34.7995111
1228134,32.0612839,34.8050327
1228338,32.0451757,34.809235
1228344,32.0469103,34.7994201
1228349,32.0476136,34.7947684
1329372,32.0735129,34.7847678
1329703,32.0704174,34.7938378
1329704,32.0724063,34.7945639
1329709,32.07178,34.7970507
1329714,32.0708253,34.800103
1329719,32.070227,34.8018852
1627528,32.0815271,34.7800379
1627531,32.0845097,34.7857291
1627549,32.0820683,34.796494
1627550,32.0823779,34.7968355
1627574,32.0780598,34.7675742
1627580,32.0762354,34.7768779
1627584,32.0757056,34.7842762
1627585,32.0755392,34.7815907
1627587,32.0826876,34.7688497
1627588,32.0842646,34.7695302
1627607,32.0567161,34.7850871
1627609,32.0522816,34.784161
1627615,32.0493076,34.785039
3358619,32.0858027,34.7951408
3358884,32.0898606,34.772268
3359271,32.0877504,34.7709647
17703736,32.079521,34.7937737
17703741,32.0710523,34.7999946
17703745,32.0733906,34.7986298
29944865,32.08228,34.7710877
29944869,32.0776242,34.768447
29944870,32.0895582,34.7738518
29944871,32.0924621,34.77468
29944872,32.094286,34.7752909
29944880,32.0881333,34.7822678
29944883,32.0918024,34.7829203
33388439,32.0797282,34.773839
33388440,32.0761911,34.7747785
33388443,32.0798832,34.767231
33388446,32.0737273,34.765002
33617427,32.0680732,34.7630167
33956079,32.055584,34.7825514
33956080,32.0547316,34.7823626
33956085,32.0542105,34.7863624
33961317,32.0364891,34.7691322
34132755,32.0714067,34.7808185
34132757,32.0720307,34.779401
34132762,32.0805686,34.7723556
34132764,32.0820311,34.7724882
34132766,32.0817933,34.7738076
34132812,32.0940772,34.8018358
34132842,32.1023027,34.8050412
34650800,32.0640203,34.7750397
34650802,32.0653718,34.7769018
34651077,32.0583194,34.7792095
34651078,32.0544417,34.7832859
34653719,32.0387726,34.7780787
35288611,32.086984,34.7749221
35288613,32.0892936,34.7754904
35288615,32.0923346,34.7762566
35288616,32.0924898,34.7762924
35288618,32.0916012,34.7828736
35288620,32.0940492,34.7834149
35288627,32.0856388,34.7894181
35288640,32.0837218,34.7892418
35288642,32.0922011,34.790664
35288643,32.090968,34.7906458
57046702,32.0614245,34.7618013
57046703,32.0617485,34.7620401
57046720,32.0658414,34.7628688
57046723,32.0660282,34.7629348
57046734,32.0656253,34.7692611
57046735,32.0652436,34.7697426
197465978,32.1239644,34.8240856
197469603,32.1071049,34.8273769
197470097,32.1183326,34.8183396
200661227,32.0506622,34.7837376
211483838,32.0808898,34.7970997
267815053,32.0815004,34.7812752
267815381,32.0794971,34.7800369
267816148,32.0779824,34.7782217
267817909,32.0797926,34.7722779
267818057,32.0773845,34.7689092
267819097,32.0792012,34.7679799
267819605,32.0819215,34.7731316
268217756,32.0498717,34.7556579
268217765,32.0469715,34.7834724
268217769,32.0507522,34.7714806
268217771,32.0489552,34.7635289
270425869,32.1028838,34.7926104
270425874,32.1031357,34.7908855
270425885,32.0830011,34.7947642
270425900,32.098561,34.7832807
270425921,32.0987232,34.7831813
270425997,32.0904982,34.7954783
270426018,32.0906276,34.7983662
270480918,32.0762534,34.7814567
270490795,32.0757361,34.7801254
271326030,32.1227997,34.7945674
271878245,32.1168644,34.8216586
271878258,32.1158725,34.8254387
271878268,32.1154661,34.8332257
271878283,32.1153689,34.8321761
271878297,32.1144322,34.832939
271878300,32.1149259,34.8330767
271878405,32.110008,34.8322
271878423,32.1220403,34.8249945
271878426,32.1236853,34.8244285
279713588,32.0648626,34.7688469
279713608,32.0635359,34.7690864
279713616,32.0636281,34.7698276
280004122,32.095627,34.7839413
282404352,32.0781764,34.7885006
282407636,32.0838321,34.7853293
282407637,32.082998,34.7882245
282458041,32.0695406,34.7829049
282458047,32.0651645,34.77794
282458079,32.0658755,34.7774188
282458089,32.0661771,34.7764129
282458093,32.0656407,34.775941
282458158,32.0668692,34.7767174
282458166,32.0674283,34.7805639
282458173,32.0662137,34.7797446
282458178,32.0658334,34.7804332
282458212,32.0607445,34.7769884
282458259,32.0612339,34.7755585
282458294,32.0642902,34.7923384
282458314,32.0721314,34.794456
282458426,32.1028837,34.7919841
282458435,32.1024123,34.792708
282458464,32.099906,34.7932936
283612318,32.0657261,34.7785089
283621168,32.0653331,34.7863547
284641794,32.0874639,34.7861948
284880414,32.0803254,34.7813198
284886812,32.0804784,34.7879512
284891705,32.082557,34.7872771
284893128,32.0823714,34.7881399
284899643,32.0835366,34.7859294
284900755,32.0818298,34.7872058
284903708,32.0823762,34.7846382
284905902,32.0832444,34.7834701
284911361,32.0827054,34.7827863
284911366,32.0840264,34.7844107
284915964,32.0800326,34.7851774
284915969,32.0821153,34.7853931
285953225,32.0814822,34.7835186
285953228,32.0809369,34.7821201
285954389,32.0815592,34.7820308
285955351,32.0844586,34.7816867
286363134,32.0917899,34.7813164
286363135,32.0897431,34.7808963
286363730,32.0903245,34.7757445
286366857,32.0858221,34.7793049
286367279,32.0796343,34.7770666
286369057,32.0843627,34.7863868
286542230,32.0514059,34.7701343
286542239,32.058119,34.7708631
286542525,32.0547353,34.7708529
286542526,32.0549023,34.7667329
286542661,32.0549296,34.775307
286542729,32.0552913,34.7569851
286544166,32.0471027,34.7841113
286544728,32.0496027,34.7733891
286546551,32.0738413,34.7806373
286546719,32.0716878,34.7799974
286643379,32.0499015,34.7838631
286643406,32.0471294,34.7835198
286643420,32.061513,34.7702887
286643424,32.0533054,34.7721688
286643432,32.0598833,34.7680363
286643440,32.0589019,34.7712548
286643444,32.0606402,34.7709973
286643451,32.0580247,34.7699899
286643458,32.0587653,34.7698838
286643460,32.0588484,34.7707568
286643465,32.0560091,34.772668
286643475,32.0581427,34.7720355
286643492,32.0534139,34.7716659
286643494,32.0537752,34.7708267
286643575,32.0727301,34.7940054
286692486,32.0473532,34.7808326
286741983,32.0547693,34.7720994
286754329,32.0605436,34.7704922
286763487,32.0593656,34.7843639
287081614,32.1209891,34.8049748
287081618,32.1232133,34.7916825
287081741,32.1028826,34.7890749
287237219,32.078378,34.7884879
287237222,32.0774107,34.7845803
287237424,32.0790972,34.7866979
287237690,32.0792907,34.7841075
287237691,32.078444,34.7840504
287237779,32.0799083,34.7867881
287570531,32.0673038,34.7727929
287570954,32.0679509,34.7730381
287571173,32.0692552,34.7732747
287572290,32.0662472,34.7789719
288134139,32.073509,34.7836544
288134274,32.0801668,34.7834557
288134276,32.0756622,34.7833936
288134277,32.0743256,34.7835628
289069621,32.1127147,34.7926259
289069622,32.112712,34.7924443
289069626,32.1031364,34.7945527
289069630,32.1049236,34.7946318
289069644,32.1108573,34.7982057
289087257,32.1182387,34.8015431
289087265,32.1215305,34.8023212
289089571,32.0884911,34.7803683
289089572,32.0919521,34.781341
289089573,32.0811094,34.7775122
289089574,32.0793579,34.7832744
289496747,32.0941247,34.7725777
289496750,32.0932738,34.7734937
289496956,32.0956154,34.7743408
289498191,32.0962399,34.7745102
289499143,32.1008232,34.7750717
289501484,32.0957174,34.7737802
289501488,32.0939886,34.7731732
289502961,32.0620797,34.7806122
289502966,32.0623889,34.7849258
289503064,32.0619444,34.7825148
289503065,32.0618074,34.7837629
289503067,32.0616825,34.7847428
289503068,32.0628178,34.7814558
289503319,32.0626592,34.7827578
289503541,32.0611415,34.7820963
289503947,32.060356,34.7832662
290033964,32.0642929,34.7992183
290033968,32.0633098,34.8035227
290034022,32.0539348,34.7915859
290034058,32.0533647,34.800224
290034365,32.0469642,34.7991157
290034653,32.0570226,34.8052077
290034661,32.0446115,34.8132462
290034699,32.0574967,34.8045947
290034700,32.0565986,34.806362
290034963,32.0888457,34.7783407
290034964,32.0863047,34.7778004
290034965,32.0855706,34.7776202
290034969,32.0814804,34.775644
290035378,32.0898292,34.7801332
290507602,32.1093994,34.7950751
290507618,32.1097113,34.7965255
290612973,32.0927712,34.7733032
290613957,32.0974161,34.7764034
290614029,32.0941577,34.7766619
290614131,32.0947557,34.7754539
290614226,32.0889502,34.7776364
290614227,32.0921175,34.7782463
290614228,32.0922775,34.7782864
291319426,32.0530176,34.7649725
291705524,32.0779239,34.7914351
291705706,32.0821469,34.7918878
291706037,32.0854282,34.7952347
293336243,32.0735033,34.7906273
301910593,32.1190131,34.8119228
303888356,32.1147765,34.8111266
306558978,32.0830773,34.7855477
311001030,32.0720324,34.779107
311001040,32.0654291,34.7766695
311001044,32.0659273,34.7771958
311001058,32.0705524,34.7786441
311001060,32.0666183,34.7776521
311001062,32.0666655,34.7774456
312283100,32.0911517,34.7953667
312283187,32.0912924,34.7953385
312283990,32.0827075,34.7945358
312825364,32.0670337,34.7929287
312827671,32.0710654,34.7989097
312834939,32.0671144,34.7978891
312837622,32.0659115,34.7998143
312838114,32.0670591,34.7997311
312840645,32.0661642,34.7997625
312840674,32.0670652,34.7993221
314749766,32.1071292,34.8275777
314957880,32.1122975,34.8391968
314957906,32.106952,34.8302505
314957927,32.1072916,34.8275316
315034711,32.0925531,34.8007258
315034811,32.0961488,34.8023379
315036366,32.0996738,34.8030504
315048449,32.0707764,34.7998847
315048480,32.0708911,34.7999274
315060363,32.0926492,34.7747959
315060364,32.0900946,34.777844
315468517,32.0688238,34.7632124
315468518,32.0681803,34.7652124
315468519,32.0701034,34.7665286
315468520,32.0729571,34.7678506
316022675,32.100597,34.7963382
316022676,32.0999491,34.7934715
316022678,32.0991951,34.7907454
316022679,32.0997201,34.7933296
316022680,32.0997636,34.7935108
316022681,32.100262,34.7956036
317214414,32.0630455,34.7717775
317214418,32.0617378,34.7722954
317214577,32.0621646,34.7701501
317214579,32.0617518,34.7669509
318177898,32.029796,34.7491617
318177899,32.0300528,34.7487073
318177901,32.0309547,34.7471974
318177903,32.0316973,34.7458148
318178334,32.0324322,34.7463985
318178411,32.0315338,34.7492486
318178412,32.0310396,34.7501765
318178468,32.0305876,34.7490892
318178469,32.0313399,34.7496126
318178556,32.0313086,34.7478739
318178557,32.0302517,34.749654
318178782,32.0324467,34.7474971
318178904,32.0338988,34.7482211
318179069,32.0331889,34.745832
318179104,32.0339383,34.7465926
318179108,32.0346441,34.7479434
318179135,32.0329539,34.7455179
318179197,32.0347046,34.7469867
318179198,32.0336926,34.7453427
318179261,32.0328779,34.7440843
318179413,32.0340947,34.7433315
318179414,32.0337972,34.7440578
318179416,32.0334296,34.7448511
318179484,32.0334,34.7430172
318179487,32.0333484,34.7436915
318179503,32.0345568,34.743712
318180507,32.0344739,34.7501844
318180570,32.0340452,34.7516685
318180661,32.0294316,34.7497962
318181239,32.0394397,34.7509523
318181242,32.0375005,34.7499303
318181243,32.0374132,34.749875
318181797,32.0381323,34.7467762
318181834,32.0380756,34.7467598
318181838,32.0373656,34.7503269
318182101,32.0379764,34.7553781
318182341,32.0381292,34.7554318
318182416,32.0369735,34.7595542
318182418,32.0359257,34.7592207
318182646,32.0386529,34.7620801
318182648,32.0386308,34.7612727
318182649,32.0386063,34.7610659
318183193,32.036318,34.7586555
318183199,32.0362668,34.7556562
318183200,32.0367958,34.7548788
318184471,32.035068,34.7690423
318184473,32.0361691,34.7659351
318185906,32.0421142,34.7549437
318185913,32.0419927,34.7550762
318186699,32.0419498,34.7544676
318186706,32.0421814,34.7536829
318412288,32.0389035,34.7469388
318420958,32.0356016,34.7456411
318751914,32.0355055,34.7479768
318752375,32.0400965,34.7467741
318753098,32.0382977,34.765694
318753800,32.0356855,34.7691912
318757198,32.0469488,34.7845298
318758391,32.0489088,34.7631673
318758392,32.0487797,34.763438
318758396,32.0457454,34.7674332
318758601,32.050326,34.7514583
318759300,32.0498285,34.7599553
318759301,32.0499582,34.7602719
318761485,32.0547463,34.7650972
318762050,32.0442279,34.7624188
318762264,32.0429994,34.7661248
318867560,32.0441974,34.7625885
318867646,32.0487029,34.7636024
318867658,32.0488825,34.7637118
318867661,32.0474616,34.7631069
318868147,32.0351161,34.7692925
318868182,32.0350317,34.7693199
320115303,32.0856003,34.7994842
331408674,32.0843615,34.7823749
331421759,32.080532,34.7870495
331994292,32.0941321,34.7826574
331994305,32.0918645,34.7821631
332203929,32.0816015,34.7799744
332203930,32.0826518,34.7780296
332203931,32.0835902,34.7763093
332204071,32.0875843,34.7713178
332204758,32.0815281,34.7799201
332204765,32.080694,34.7799096
332205122,32.0788722,34.7786983
332205125,32.0786636,34.7789185
332205587,32.0763387,34.7833131
332205712,32.0776855,34.780107
332205713,32.0775612,34.7812532
332205774,32.0785275,34.7812012
332206685,32.0740479,34.7754061
332212528,32.1228258,34.794371
332212898,32.1124514,34.7896227
332282995,32.0910663,34.7811691
332283087,32.0883009,34.7815088
332446062,32.0915955,34.7781219
333241143,32.0995336,34.7918859
333241291,32.100059,34.7942417
334449379,32.0847766,34.7770691
334632164,32.0918449,34.776137
334632200,32.0903585,34.7740779
334633446,32.0902012,34.7749397
334634466,32.1409305,34.8011425
334705884,32.0913659,34.780423
334709788,32.0712162,34.7725396
334710148,32.0718314,34.771131
334710405,32.0739334,34.7727716
334710408,32.074999,34.7735318
334711446,32.0728116,34.77158
334711448,32.0723038,34.7727739
334712025,32.0758949,34.771762
334712285,32.0744716,34.7702518
334719605,32.0623871,34.7720472
334738489,32.0547455,34.7715745
334739043,32.063832,34.7714657
334739161,32.0632169,34.7717092
334740172,32.0655518,34.7707483
335851693,32.1181049,34.8023913
335851698,32.1193939,34.8064282
335851703,32.1173193,34.8070776
335851740,32.1203095,34.8028909
335852681,32.1129484,34.7958079
335852980,32.1171879,34.7965318
335853130,32.1177715,34.7976364
335853131,32.1177033,34.7974286
335853185,32.1183356,34.7998529
335853222,32.1182232,34.799987
335853504,32.1175723,34.7974747
336077734,32.0983616,34.7833627
336079092,32.0920163,34.7807388
336079180,32.0937918,34.7796789
336079644,32.0935436,34.778527
336079649,32.0933365,34.7791778
336080802,32.0923558,34.7775511
336081282,32.0944301,34.7779484
336081749,32.0948631,34.7785219
336099012,32.12293,34.82468
336099013,32.1228336,34.8245788
336102511,32.1223133,34.8180092
336102840,32.123314,34.8179844
336295207,32.0631102,34.7876963
338523129,32.0912865,34.7812122
338523441,32.0919794,34.7795169
338523444,32.0899313,34.779211
338523491,32.0905196,34.779312
338523534,32.0907074,34.7779359
338523544,32.0915319,34.7787911
338523574,32.0906082,34.7786611
338523658,32.0883462,34.7812551
338523681,32.0896468,34.7815437
338523767,32.0899972,34.7826062
338523773,32.0900765,34.7820442
338523848,32.0909205,34.7821886
338523851,32.0903744,34.7820959
338523855,32.0905212,34.7810611
338523913,32.086886,34.777937
338523914,32.0864797,34.7795907
338523918,32.087696,34.781379
338523938,32.0878156,34.7807333
338523939,32.0879215,34.780162
338523995,32.0862871,34.7803531
338524359,32.0726884,34.7835377
338524363,32.0725568,34.7841699
338653818,32.0705309,34.8006682
338658900,32.0548179,34.7754514
338659016,32.0495439,34.773511
338660371,32.0606952,34.7768901
339417557,32.0985732,34.7834609
339417992,32.0940641,34.7835402
339418177,32.0981346,34.7835991
339418259,32.0985969,34.7839236
339420506,32.0853193,34.7818997
339420780,32.0822281,34.781389
339420952,32.0803236,34.7813674
339421078,32.0763092,34.7815706
339421079,32.0755879,34.7817197
339422118,32.0710864,34.7819669
339427555,32.1018118,34.7819236
339428052,32.1027297,34.7890983
339429278,32.0987343,34.783399
339468118,32.0671181,34.781224
339472687,32.0672707,34.782379
339472688,32.0669623,34.7824418
339472702,32.0673628,34.7828712
339473381,32.0692523,34.7823123
339474687,32.0684023,34.7826333
339474931,32.0683368,34.7822017
339475018,32.0677323,34.7822689
339476005,32.069691,34.7819302
339482136,32.0770392,34.769574
339482152,32.0763842,34.7669562
339997764,32.0794928,34.7935987
340001282,32.0734836,34.7902279
340001348,32.0733078,34.7905503
340001868,32.0756508,34.7912897
340005675,32.084301,34.7742428
340005723,32.0834622,34.7762251
340005844,32.0824914,34.7779696
340005875,32.0794975,34.7799007
340005987,32.0837551,34.7757094
340005998,32.0832211,34.7754368
340006005,32.0837135,34.7741208
340006024,32.0816785,34.7744919
340006053,32.0834792,34.7748056
340006106,32.0822635,34.7745869
340006743,32.0813666,34.7762357
340006835,32.0831065,34.7768271
340007158,32.0831943,34.7813105
340007159,32.0832157,34.7814424
340007231,32.0824151,34.7783914
340007281,32.082615,34.7784343
340007374,32.083041,34.7739793
340007412,32.0832865,34.7724065
340007462,32.0826973,34.7721345
340008586,32.0796736,34.7757167
340121936,32.0754978,34.7666416
340121937,32.0754136,34.7657441
340123979,32.0944229,34.7885731
340125176,32.1012823,34.7894305
340232434,32.085048,34.7832388
340232952,32.0852318,34.7790631
340233156,32.0845338,34.781571
340233619,32.084914,34.7803577
340233710,32.0827137,34.778866
340234058,32.0835914,34.7791684
340234482,32.0829256,34.7798875
340235293,32.0620203,34.7687581
340235519,32.0633831,34.7795845
340309684,32.0932923,34.7784793
340309691,32.0933914,34.7778347
340309913,32.0934014,34.7776552
340310904,32.0909016,34.7793679
340311101,32.0908074,34.7803383
340311507,32.0901715,34.7771713
340311634,32.0921982,34.7775324
340311952,32.0906799,34.7772472
340312181,32.0908836,34.7772836
340312251,32.0907912,34.7779538
340312591,32.0922507,34.777009
340312726,32.0915129,34.7768157
340312773,32.0916995,34.7761021
340313009,32.0894209,34.7746975
340314059,32.0902425,34.7765071
340314062,32.089467,34.776351
340314438,32.089619,34.7763773
340314441,32.0890557,34.7769542
340315144,32.0815818,34.7785367
340315146,32.0819097,34.7788761
340318789,32.0931983,34.7764513
340318978,32.0929109,34.7776978
340368898,32.0949336,34.7773763
340369249,32.087152,34.775752
340369250,32.0886165,34.7761266
340369251,32.0891539,34.7762769
340369252,32.088016,34.7759632
340369342,32.088227,34.7752296
340369699,32.088382,34.777513
340369726,32.0885055,34.7767644
340370050,32.0847926,34.7751923
340370051,32.0845618,34.7757036
340370052,32.0843391,34.7761711
340370079,32.0856896,34.7753993
340370102,32.0858615,34.7746379
340372898,32.0856649,34.7760879
340372903,32.0854929,34.7771518
340373544,32.081655,34.774631
340373545,32.0797091,34.7744939
340375374,32.102523,34.7815127
340376906,32.1066621,34.8045243
340376915,32.1068302,34.8045044
340376918,32.1066989,34.8048396
340377004,32.1061938,34.8011988
340377181,32.1069173,34.8052383
340377994,32.0847648,34.7809654
340378003,32.0830408,34.7804683
340424076,32.0953753,34.7742559
340459478,32.0836697,34.7776312
340983520,32.0890471,34.7985421
341348975,32.0819255,34.7960735
342271522,32.1090192,34.8079133
342280719,32.1078677,34.8148518
342280843,32.1077594,34.8149474
342281592,32.1183773,34.8182169
342281871,32.1208215,34.8201165
342292262,32.1072592,34.8273286
342293381,32.0944995,34.7944263
342293399,32.0945492,34.7945729
342298586,32.096344,34.7920779
342316230,32.0988644,34.8012674
342319877,32.0960529,34.8010197
342323642,32.0960566,34.8005862
342324201,32.097344,34.8006087
342325220,32.0976356,34.7986538
342325221,32.0969452,34.7989619
342325223,32.0960747,34.7993374
342326535,32.0973909,34.801172
342328066,32.095971,34.798407
342329113,32.097209,34.7979812
342329117,32.0979255,34.7975546
342329928,32.0944532,34.7986218
342330260,32.0934846,34.7984851
342330661,32.0935823,34.7986997
342330805,32.0953552,34.7985255
342334554,32.0952594,34.797136
342335545,32.0975896,34.7969085
342338421,32.0948325,34.7952937
342338553,32.0922495,34.7959736
342341269,32.0967331,34.7936918
342343497,32.0923186,34.7939425
342343883,32.0965778,34.7930132
342346349,32.091737,34.7941775
342347419,32.0923756,34.7943636
342347626,32.0924757,34.7947495
342348469,32.0922197,34.7912865
342349454,32.0922339,34.7926599
342350935,32.0925468,34.789569
342351584,32.0932763,34.7895258
342351587,32.0914503,34.7896069
342354796,32.0925316,34.7887367
342355075,32.0938239,34.7885685
342356536,32.0925181,34.7879885
342357599,32.0938173,34.7880108
342357610,32.0908637,34.7880146
342358423,32.0925163,34.7871535
342359327,32.0908522,34.7871304
342359328,32.0938121,34.7871931
342360998,32.0929578,34.7871665
342361000,32.0933589,34.7860499
342361008,32.0933964,34.7871795
342361739,32.0933635,34.785774
342361863,32.0938134,34.7857309
342362300,32.0938404,34.783489
342365165,32.0954333,34.7844604
342365166,32.0939842,34.7842411
342365168,32.0908518,34.783693
342367820,32.0915944,34.7837572
342371873,32.0948352,34.7844079
342371984,32.094868,34.7872524
342372934,32.0949791,34.7880078
342373861,32.0950653,34.788586
342374078,32.0948423,34.7857058
342374880,32.0943355,34.7857367
342375422,32.0944013,34.7843229
342376103,32.0908466,34.7851217
342376767,32.0919542,34.7854505
342376769,32.0916249,34.7852213
342378333,32.0936573,34.7847723
342380419,32.0922928,34.785953
342380436,32.0908514,34.786583
342382517,32.0930866,34.7840629
343211372,32.095495,34.7766292
343211541,32.0954273,34.7762615
343212324,32.0965879,34.7760303
343212330,32.0969255,34.7749881
343324101,32.0839564,34.7882125
343324262,32.0883913,34.7886214
343324430,32.0886724,34.7901991
343324836,32.0863073,34.7925702
343324964,32.0875462,34.7928158
343325168,32.0831745,34.791806
343325366,32.0855265,34.7924379
343325522,32.0844834,34.7893893
343325524,32.0841351,34.790752
343325590,32.0847372,34.7902137
343326608,32.084699,34.7912682
343327555,32.0850411,34.7870742
343327760,32.0880883,34.7888325
343327806,32.0894409,34.7864744
343327896,32.089406,34.787236
343328485,32.0888034,34.7872335
343328549,32.08878,34.7875747
343328906,32.0903462,34.7890724
343329081,32.0903171,34.7893728
343329084,32.088674,34.7893799
343329526,32.0860772,34.783506
343330142,32.0881358,34.7734493
343330420,32.0877953,34.7751062
343330692,32.0880175,34.7740248
343330693,32.0894622,34.7744382
343330709,32.0893781,34.7749468
343330830,32.0879103,34.7745465
343331182,32.0927289,34.7740474
343331654,32.0925706,34.775534
343332322,32.0965451,34.7760364
343388987,32.0938897,34.7849971
343400785,32.0810862,34.7930728
343415872,32.0838516,34.7919879
343415874,32.0864708,34.7912354
343415880,32.0857103,34.7951194
343415883,32.0781562,34.781211
343415896,32.078222,34.7805932
343415899,32.0769059,34.7801153
343444081,32.0819551,34.7933024
343444088,32.0815216,34.7931983
343444093,32.0820349,34.7933219
343444097,32.0818644,34.7932777
343444113,32.0812009,34.7930983
343444116,32.0809663,34.7930415
343444123,32.0812835,34.7916894
343444128,32.0808011,34.7916041
343444137,32.0805946,34.7929257
343444152,32.0806663,34.7929362
343444157,32.0804697,34.7929178
343444163,32.0803099,34.7915182
343444168,32.0801475,34.7926244
343611352,32.0911478,34.7951736
343611360,32.0912869,34.7951469
343611361,32.0911136,34.7906516
343611510,32.0909919,34.7880138
343611511,32.0909803,34.7871291
343611512,32.0909748,34.7865815
343611513,32.0909516,34.7851262
343611514,32.0909463,34.7837062
343611515,32.090988,34.7829007
343746116,32.0968658,34.7948433
344068026,32.0756655,34.8006124
344068053,32.0758483,34.7999803
344462019,32.0785307,34.7813272
345342110,32.0806803,34.7684543
345395870,32.1108971,34.8165338
345395901,32.1105876,34.8172784
345399922,32.0974327,34.8018888
345401039,32.1024355,34.8049207
345401922,32.1016984,34.802258
345403957,32.0579237,34.8068454
345413509,32.0459085,34.8046515
345753220,32.083259,34.78048
346147376,32.0541698,34.8037899
346147630,32.0540734,34.8056351
346147659,32.0536545,34.8049273
346147978,32.0496023,34.8051434
346148180,32.0489762,34.8079125
346148262,32.0492476,34.8044661
346148263,32.0495615,34.8138357
346149510,32.0474622,34.7920229
346149553,32.0444351,34.7911235
346149554,32.0443053,34.7923084
346149555,32.0442424,34.7935497
346149556,32.0444272,34.7914909
346149706,32.0441435,34.7902599
346149915,32.0443252,34.7902007
346150382,32.0474693,34.7895805
346150403,32.0460161,34.7909408
346150405,32.045765,34.7909337
346150663,32.0460326,34.7896701
346150709,32.0457638,34.7896619
346150916,32.0455436,34.7934792
346150953,32.0459798,34.7949119
346202826,32.1159202,34.8255761
346202827,32.1187876,34.8254463
346202963,32.1188866,34.8254417
347035948,32.0593233,34.7895534
347036390,32.0586076,34.7895404
347038454,32.0586572,34.7872532
347038457,32.0585451,34.7919458
350311049,32.0699848,34.791316
351227764,32.0632336,34.7978918
352905165,32.0581904,34.7810637
352905167,32.0574649,34.7812536
352934158,32.0746447,34.7767001
352934199,32.0753978,34.7779092
352934309,32.0752271,34.7770237
352934310,32.0748189,34.7791075
352934365,32.0758528,34.7792153
352934500,32.073281,34.7787502
352934665,32.0734661,34.7780292
352934666,32.0741129,34.7768491
352934669,32.0746929,34.7764356
352935966,32.0795575,34.779142
352936063,32.080836,34.7790881
352936084,32.0806321,34.7773553
352936093,32.0802882,34.7791045
352936411,32.0872149,34.7875955
352936412,32.087377,34.786187
352937792,32.0861258,34.7934609
352937806,32.0867735,34.7936467
352937807,32.0874146,34.793786
352937814,32.0865052,34.7951413
352938032,32.0872231,34.7952888
352938161,32.0910527,34.7917504
352938163,32.0889817,34.7919295
352938164,32.0885411,34.791743
352938209,32.0880863,34.7914669
352938432,32.0898755,34.7919654
352938434,32.0897638,34.7937887
352938436,32.0891225,34.7940354
352938437,32.0873907,34.7940066
352938438,32.0899816,34.79146
352938556,32.0895162,34.7912929
352938557,32.089418,34.7919838
352938558,32.0893788,34.793153
352938590,32.0891308,34.7913227
352938779,32.0887163,34.7911767
352938835,32.0883442,34.7925924
352939372,32.0911417,34.7941607
352939774,32.0873198,34.7945722
352940305,32.0900587,34.78275
352940340,32.0900755,34.7843324
352940342,32.0901218,34.7865974
352940349,32.0900753,34.7835294
352940549,32.0881554,34.7862941
352940599,32.0887001,34.7833027
352940634,32.088282,34.7855972
352940636,32.0901036,34.785615
352940685,32.0896325,34.785572
352940687,32.0893486,34.7856402
352940902,32.0885637,34.7840457
352941159,32.0947323,34.78355
354025339,32.1079343,34.8149137
354025345,32.1078345,34.8150126
354027676,32.1067664,34.8250532
354027724,32.1069061,34.8298704
354027893,32.1066751,34.8250865
354030217,32.0896898,34.773075
354033146,32.0990467,34.7832326
354033153,32.0987414,34.7836151
354036383,32.1012473,34.7834489
354036386,32.0995426,34.7851788
354036387,32.0995623,34.7854139
354039432,32.112266,34.7895882
354039615,32.1125224,34.792408
354039617,32.1125367,34.7925995
354040266,32.1047934,34.7886918
354040269,32.1050899,34.7907422
354040526,32.1041669,34.7896464
354040527,32.1043545,34.7910296
354040617,32.104931,34.7909378
354040860,32.111514,34.790284
354041624,32.1114226,34.79094
354041770,32.1101174,34.7906948
354041899,32.1103482,34.789208
354043219,32.1145783,34.789969
354043320,32.1147777,34.7902961
354043377,32.1150552,34.7900613
354043586,32.1147383,34.7905876
354043588,32.1144905,34.7922893
354043907,32.1143725,34.7923873
354044062,32.1174772,34.7929994
354044064,32.1175817,34.79302
354044077,32.1206008,34.7917882
354044198,32.1145274,34.792466
354044825,32.1206813,34.7911772
354045193,32.120268,34.7935085
354045257,32.120378,34.7934307
354045397,32.1204368,34.7935455
354045769,32.1289532,34.7927995
354046048,32.12324,34.7914881
354046851,32.1289899,34.7925794
354046894,32.1236736,34.7934204
354046900,32.1249583,34.7927945
354046902,32.1258214,34.7929151
354047338,32.1272736,34.7925465
354047746,32.1314802,34.7927915
354053803,32.1105137,34.7892466
354055944,32.1250323,34.7921702
354056032,32.1249416,34.7920616
354056033,32.1252438,34.7921161
354056104,32.1252746,34.7918939
354056144,32.1249736,34.7918319
354058547,32.1271742,34.7924533
354058549,32.127424,34.7924914
354058599,32.1274522,34.7923069
354058659,32.1271938,34.7922558
354059785,32.1288425,34.7927655
354059802,32.1288615,34.7925711
354567804,32.091642,34.783031
354681569,32.0759636,34.7995979
355602971,32.072079,34.7793201
355867280,32.0529487,34.7867589
355867364,32.0529406,34.7882593
357489295,32.0628785,34.7616894
357489690,32.0624078,34.7630141
357491441,32.065765,34.7653682
357492752,32.0649162,34.7645665
357493148,32.0637899,34.7651735
357493795,32.0642498,34.7655484
357493840,32.064436,34.7641475
357498733,32.0634818,34.7686368
357500272,32.0606384,34.7726995
357504498,32.0741279,34.7664104
357504499,32.0738346,34.7675673
357505221,32.0740757,34.7679415
357505224,32.0742073,34.7688093
357505226,32.0741842,34.7689815
357505228,32.0739114,34.7694064
357507801,32.0730766,34.7769943
357515625,32.0734366,34.7741521
357515920,32.0743304,34.7747838
357518611,32.0644533,34.7681207
357518612,32.0650387,34.7686928
357520749,32.0528502,34.7517208
357529280,32.0511287,34.7588345
357531232,32.0522337,34.7576626
357531339,32.0518271,34.7574575
357531366,32.0516869,34.75824
357531421,32.0514599,34.7579312
357531606,32.0520715,34.7570858
357533354,32.0511757,34.7594925
357533356,32.051448,34.7598042
357533360,32.0528164,34.7601585
357533792,32.0516383,34.7650752
357534734,32.0524381,34.76228
357534839,32.0541565,34.7630524
357534881,32.0537722,34.7636583
357535066,32.0544458,34.7637752
357535535,32.0562818,34.7671387
357536485,32.0575104,34.7700725
357536696,32.060333,34.7696562
357538387,32.0571443,34.7683958
357538922,32.0574695,34.7683517
357545243,32.0562065,34.771665
357556865,32.0606843,34.7608142
358864411,32.0856836,34.7952848
358866427,32.0823185,34.7821073
360201247,32.0826314,34.7725615
360201651,32.0841285,34.7728271
360201652,32.0840163,34.7734891
360201680,32.0831321,34.7732819
361093948,32.1234282,34.7944834
361094742,32.102704,34.7888947
361094746,32.1028569,34.7888641
361094749,32.1027992,34.7884264
361094761,32.1032378,34.7887852
361102152,32.1213691,34.802294
361102157,32.1226808,34.7943432
361102158,32.1230862,34.7916591
361102369,32.1229787,34.7932082
361102388,32.1226576,34.7953089
361102390,32.1238482,34.7947753
362647436,32.0874653,34.7799619
362648349,32.0866589,34.7789051
362648954,32.0882125,34.7782076
362650648,32.0830136,34.7773713
362651172,32.0854042,34.7783183
362653246,32.0778954,34.7749554
362653249,32.0776656,34.7765137
362654303,32.0762403,34.7757202
362654505,32.0771561,34.7758716
362654582,32.0770479,34.7765531
365766139,32.0516545,34.7501189
365766143,32.0484255,34.7481011
365766257,32.0546544,34.7561888
365766891,32.0554084,34.7565223
365767690,32.0518377,34.7509979
365767693,32.0520151,34.7508141
365767997,32.0579939,34.7641097
365768007,32.0564114,34.7647518
365768345,32.0638866,34.7685325
365768426,32.0629389,34.7671566
365768435,32.0608733,34.7626461
365769152,32.0552665,34.7517484
365769816,32.0468876,34.7525417
365769873,32.0462522,34.7552444
366649858,32.0596783,34.767508
366651300,32.0588007,34.7702842
366651303,32.0604308,34.7700119
366651349,32.0580717,34.7704126
366651462,32.0596132,34.7697429
366652262,32.0579306,34.7691531
366652380,32.0586717,34.7690581
366652516,32.0601055,34.7688604
366652746,32.0589461,34.7718507
366653067,32.0589469,34.7716624
366653136,32.0589034,34.7722299
366653799,32.058836,34.773028
366654065,32.0580982,34.7728226
366925712,32.0729886,34.792629
366926629,32.0731812,34.7926494
367369362,32.0844901,34.7736056
367607977,32.067953,34.7827361
367608098,32.0675647,34.782825
367608169,32.0679041,34.7832897
367608364,32.0667722,34.7830063
369338835,32.1220887,34.8258386
369338837,32.1221987,34.8259104
369338838,32.1222591,34.8258072
369338839,32.1221553,34.8257125
369338898,32.1217028,34.8288468
369338952,32.123111,34.8313103
369338953,32.1230028,34.8314825
369339017,32.1214844,34.825981
369339273,32.1104152,34.8260305
369339274,32.1103669,34.8258869
369339277,32.1100763,34.8246303
369339278,32.1078766,34.824784
369339292,32.10901,34.819405
369340656,32.1083343,34.8196349
369340741,32.1085595,34.8195655
369341058,32.1083888,34.8194777
369341060,32.1084426,34.8197346
369345564,32.1232756,34.8314533
370499903,32.0846679,34.7736328
374352685,32.1432385,34.7945836
375523753,32.0859636,34.7842703
381449118,32.1067384,34.8328136
381453814,32.1122225,34.8392692
381457105,32.1066552,34.8333662
381475785,32.1085289,34.8343152
381478349,32.1104123,34.8315769
381480093,32.1105719,34.831532
381494570,32.1081858,34.8339194
381510919,32.1134594,34.8367701
381511940,32.114989,34.8336388
381511949,32.1174572,34.8345667
381511957,32.117772,34.8349366
381511986,32.1177019,34.836291
381512024,32.115299,34.837484
381533431,32.109031,34.8361603
381540455,32.1095179,34.83548
381543295,32.1114964,34.8371531
381543300,32.1123066,34.8379373
381544317,32.1130478,34.8385055
381544321,32.1144012,34.8385415
381554811,32.115069,34.8380476
381571872,32.1146103,34.8330972
381579633,32.1144955,34.8334388
381597505,32.1068557,34.8301946
381600331,32.1090435,34.8336177
381609606,32.1188116,34.8344923
381609648,32.1189117,34.8344466
384558892,32.0733141,34.7880921
384581741,32.0693445,34.7860947
384595167,32.068558,34.7825977
384604490,32.071326,34.7792056
384604491,32.0706704,34.7816314
384604871,32.0702992,34.7814275
384604872,32.0709236,34.7790817
384609471,32.0695682,34.7786294
384613392,32.0701269,34.7802817
384613399,32.0678701,34.7793786
384613775,32.069805,34.7801512
384622257,32.0671155,34.7778213
384622740,32.0676472,34.7780022
384622743,32.06727,34.7796418
384632413,32.066621,34.772589
384636414,32.0659917,34.7747877
384636415,32.0659301,34.7749847
384637410,32.0659173,34.7747527
384637413,32.0658575,34.7749418
384639051,32.0658197,34.77432
384639223,32.0648341,34.7747037
384639342,32.0657036,34.7736741
384639549,32.0646772,34.7740869
384644922,32.0687097,34.7730943
384648219,32.0642096,34.7756408
384648220,32.0643757,34.7755674
384648823,32.0637273,34.7706332
384649099,32.0648385,34.7704315
384651116,32.0636531,34.7738646
384651121,32.0637997,34.7737944
384651123,32.0645039,34.773485
384651125,32.0655874,34.7730697
384653018,32.0666046,34.7750572
384653019,32.0672828,34.7753014
384653020,32.0687042,34.7758153
384654416,32.0698572,34.773463
384654737,32.069267,34.7759583
384655862,32.0723623,34.7713585
384656319,32.0718652,34.7725243
384656323,32.0716681,34.7731101
384656481,32.0724492,34.7728716
384658095,32.0711282,34.772427
384658245,32.0709349,34.7731223
384658333,32.0711285,34.7731961
384658418,32.0712969,34.7726492
384660226,32.0690981,34.7739829
384660612,32.0683842,34.7737946
384660615,32.0677932,34.7735724
384660757,32.0679964,34.7755911
384661649,32.0703399,34.774247
384661655,32.06991,34.7761249
384662487,32.0707103,34.7779287
384662488,32.0721526,34.7737824
384662490,32.0716372,34.7749543
384662704,32.0734893,34.7761801
384663084,32.0724612,34.7741264
384663288,32.0719939,34.7751884
384663290,32.0711412,34.7780705
384663621,32.0730181,34.7758561
384663624,32.0717769,34.7758293
384663683,32.0732088,34.7754041
384664613,32.0715643,34.7765421
384664614,32.0711556,34.7764046
384664913,32.0720467,34.7767145
384664971,32.0718323,34.7774896
384665045,32.0726795,34.7777775
384667998,32.0636975,34.7685016
384668105,32.0646146,34.7661188
384668147,32.0642254,34.7688979
384669147,32.0666285,34.7702323
384669173,32.0672291,34.7692494
384669178,32.0677692,34.7684261
384669350,32.0669398,34.7689611
384670581,32.066482,34.7680788
384670833,32.0647082,34.7673288
384671144,32.0669841,34.7696244
384671148,32.0660325,34.7686991
384673348,32.0654511,34.7681032
384673698,32.0668883,34.7675236
384674447,32.062812,34.7642762
384674784,32.0638825,34.7664658
384674787,32.0643746,34.7659897
384674961,32.0644276,34.7667126
384674962,32.0648538,34.766873
384675482,32.0650623,34.7662867
384675578,32.0641691,34.7645714
384675739,32.063538,34.763996
384675741,32.0631598,34.7646039
384675853,32.063697,34.7666359
384675878,32.062461,34.7655434
384675965,32.0630859,34.7652194
384676006,32.063637,34.7650514
384676600,32.0647361,34.7696628
384677576,32.0706579,34.7684569
384677768,32.0711933,34.7692892
384677991,32.0722185,34.7656698
384678214,32.071737,34.767383
384679001,32.0723136,34.7676286
384682788,32.0700245,34.769916
384683898,32.0702611,34.7697284
384687032,32.0734113,34.7700084
384687040,32.0739254,34.7709098
384687440,32.0731728,34.7718234
384690638,32.0742861,34.7722694
384690639,32.0744038,34.7723207
384690640,32.0749849,34.7709028
384691682,32.0748995,34.7721011
384691691,32.0747394,34.7715287
384691747,32.075536,34.772481
384692739,32.0736364,34.7714518
384692884,32.0739963,34.7719159
384693618,32.0747377,34.7706666
384693961,32.0753382,34.7687261
384694041,32.0752439,34.7697169
384694639,32.0611558,34.772546
384695042,32.0606045,34.7707888
384719374,32.0704725,34.7736328
384726502,32.0632001,34.7646399
384730662,32.0633442,34.7650854
384730905,32.066611,34.7664212
384731941,32.0673952,34.7690012
384732671,32.0718409,34.7643958
384732672,32.0715601,34.7653776
384741724,32.0706907,34.7762838
384741725,32.0702615,34.7777841
384741759,32.0667765,34.7744853
384741761,32.0674461,34.7747483
384759545,32.0661216,34.7629634
386012533,32.0768834,34.7963784
386012536,32.0760868,34.7988818
387490405,32.1209951,34.8281545
387490406,32.1210361,34.8288976
387490482,32.1187961,34.8269187
387490551,32.118914,34.8269144
387490553,32.1196385,34.8268802
387490555,32.121551,34.826729
387490781,32.118334,34.8269438
387490782,32.1160713,34.8271064
387492231,32.1109483,34.8163765
387493707,32.0719251,34.7810438
387493754,32.0717471,34.7818355
387494738,32.0719273,34.7828627
387494743,32.0727996,34.7827803
387494857,32.0732263,34.7804873
387496059,32.079184,34.7855468
387496222,32.0799953,34.7856559
387497047,32.0938146,34.7842152
387497657,32.0937916,34.7864241
387497762,32.0948639,34.7863979
387519294,32.093829,34.7887439
388514335,32.0361129,34.7729419
388561082,32.0416062,34.7567178
392067695,32.1088683,34.8347596
392067702,32.1104015,34.8362406
401546169,32.0954642,34.7822694
403794706,32.1042866,34.7905145
403794707,32.1038298,34.7905731
404498390,32.0950834,34.7916706
404498395,32.0949636,34.7905005
404498670,32.0961414,34.7909771
404499201,32.0951409,34.7922385
405124989,32.0945162,34.7911385
405125317,32.094618,34.7917221
406399586,32.0572576,34.7708452
409470847,32.1231179,34.7914628
409472694,32.1239248,34.7859572
409473182,32.1363125,34.7976359
409473188,32.1373284,34.7979584
409473614,32.1376088,34.7936783
409474194,32.1372593,34.7910683
409474204,32.138313,34.791577
409475952,32.141828,34.8016167
409693240,32.1206529,34.7914995
409693527,32.1209648,34.7912312
409693882,32.1148924,34.789929
409694329,32.1151285,34.7890177
409694330,32.1150999,34.7888847
409694333,32.1149284,34.7888196
409694342,32.1149054,34.7891543
409694344,32.1150121,34.7891694
409694582,32.1148281,34.7899165
409720363,32.1147782,34.7887567
409720364,32.1148258,34.7889521
409720370,32.1141748,34.7878297
409720371,32.1141259,34.7876835
409720373,32.1140307,34.7877481
409721640,32.1138569,34.787633
409721641,32.1139106,34.7877146
409721644,32.1141568,34.7875123
409721645,32.1141201,34.7874355
409721647,32.1139507,34.7873871
409721648,32.1138804,34.7874462
409721688,32.1136141,34.7879833
409721690,32.1135653,34.7879049
409721696,32.1134451,34.7881259
409721821,32.1130158,34.7862525
409721824,32.1131586,34.7862797
409722025,32.1153637,34.7867323
409722029,32.1154428,34.7865688
409722039,32.1151836,34.7865423
409722342,32.1162607,34.7878369
409722345,32.1161205,34.7879522
409722347,32.1161187,34.7880315
409722352,32.1163034,34.7881423
409722354,32.1163626,34.7880843
409722357,32.1163853,34.7879933
409722358,32.1163071,34.7878483
409722557,32.1181415,34.7888671
409722561,32.1181185,34.7886014
409722563,32.1180371,34.7885738
409722569,32.1178943,34.7887474
409722701,32.1181274,34.7873161
409722708,32.1181468,34.7871968
409722737,32.1129962,34.7884788
409722738,32.1133306,34.7881784
409723769,32.1134056,34.7880718
409724506,32.1136651,34.787878
409724509,32.1137814,34.7877664
409725697,32.1142321,34.7873974
409725699,32.114931,34.786815
409725791,32.1138177,34.7872858
409725960,32.1133161,34.7864351
409726977,32.1126833,34.7863245
409727055,32.1158793,34.7862301
409727064,32.1154423,34.786612
409727307,32.1155343,34.7868272
409727704,32.1160883,34.7877167
409728618,32.1164057,34.7882728
409728823,32.1164916,34.787782
409728829,32.1174319,34.7871624
409728931,32.1179267,34.7872381
409730171,32.1181552,34.7873662
409730172,32.1182012,34.7875811
409730173,32.1182665,34.7873881
409730391,32.1180945,34.7884002
409730400,32.1181997,34.7888858
409730401,32.1181769,34.7888001
409730409,32.1182513,34.7889844
409730451,32.1177384,34.7889096
409730452,32.1179266,34.788853
409730459,32.1171327,34.7894659
409734955,32.1153172,34.788819
409734987,32.1160568,34.7881698
409734988,32.1161963,34.7881419
409835471,32.0453059,34.7678531
409835472,32.0453747,34.7679316
410065569,32.0709277,34.7998174
410114834,32.0952709,34.7932954
410114835,32.0928338,34.7938942
410114837,32.0952062,34.7927592
410209828,32.1277844,34.8293503
410210096,32.1263078,34.8316295
410210103,32.127229,34.8359851
410210105,32.1274604,34.8343642
410210107,32.1281113,34.8303043
410210117,32.1280584,34.8316119
410210121,32.1266514,34.8293858
410210351,32.1264212,34.8266877
410210354,32.1264218,34.8265209
410212795,32.066369,34.7807727
410212890,32.0658662,34.7819593
411814102,32.1148414,34.7900254
411814882,32.1205141,34.7911417
411815423,32.119246,34.8097795
411815424,32.1189425,34.8114068
411816145,32.118976,34.8111788
411816372,32.1194799,34.8094526
411859454,32.1128037,34.795768
412270798,32.085138,34.7945625
412270806,32.0833757,34.7945143
412270811,32.0836627,34.7927818
412270939,32.0830255,34.7926048
412271185,32.0834442,34.7941505
412271453,32.0853878,34.7932785
412272507,32.0857854,34.7947018
412272583,32.0853613,34.7907376
412272584,32.0857219,34.7904975
412398379,32.0841271,34.7700902
412398654,32.0878701,34.7733682
412398719,32.0875467,34.771906
412398836,32.0859515,34.7711157
412398841,32.0874546,34.7724773
412398897,32.0857229,34.7719445
412399295,32.0848573,34.7713215
412399336,32.0831266,34.7707096
412399337,32.0824088,34.7704984
412399663,32.0840255,34.7712031
412399694,32.0812459,34.7690585
412399703,32.0818541,34.7702526
412399827,32.0820482,34.7692843
412399993,32.0806586,34.7690078
412400474,32.0824517,34.7683965
412401317,32.081989,34.7684686
412401592,32.0821774,34.7680811
412402858,32.0798439,34.7710333
412403926,32.0790504,34.7719364
412403935,32.0790921,34.7704008
412403937,32.0790771,34.7712031
412404248,32.0782197,34.771483
412404249,32.0771828,34.7705998
412404251,32.0767773,34.7700552
412404252,32.0753837,34.7686131
412404375,32.0765922,34.7725643
412404411,32.0761243,34.7713111
412404413,32.0768433,34.7717997
412404416,32.0770157,34.77106
412404418,32.0764336,34.7707213
412404419,32.0759111,34.7703852
412404986,32.0787649,34.7718811
412405029,32.0782994,34.7734994
412405070,32.0778709,34.7729944
412405072,32.0772684,34.7733744
412405984,32.0769589,34.7714087
412406205,32.0792344,34.7721826
412406223,32.0790906,34.773151
412514505,32.0861227,34.7747092
412514552,32.0863854,34.7736445
412514559,32.0862888,34.7740247
412516707,32.0871291,34.773861
412516881,32.0860401,34.7735436
412517013,32.0861421,34.7731033
412517044,32.0816373,34.7776894
412517359,32.0817826,34.7770129
412517417,32.0828189,34.7773335
412518129,32.0819123,34.7764088
412518361,32.0809029,34.7786966
412518375,32.0813019,34.7787918
412518425,32.0795677,34.7784038
412518429,32.0803779,34.7785477
412518430,32.0795979,34.7777972
412518436,32.080472,34.7779458
412518478,32.0775079,34.7772417
412518614,32.0788278,34.7786483
412518639,32.0791255,34.7776714
412518853,32.0771507,34.7788419
412518857,32.0760937,34.777686
412518859,32.0772038,34.7785753
412518961,32.0766531,34.7781168
412519014,32.0765655,34.7786998
412519048,32.0778387,34.7790392
412519273,32.0778318,34.7754405
412519563,32.0789851,34.7757211
412519569,32.0785082,34.7755977
412519623,32.0783155,34.7766962
412519635,32.0784465,34.7759491
412519643,32.0796573,34.7762759
412519703,32.0812363,34.776889
412519798,32.0796538,34.7763963
412519847,32.0790604,34.7739616
412520369,32.0790808,34.7749556
412520370,32.0789338,34.7760783
412520622,32.0778142,34.7730072
412520635,32.0767828,34.7719884
412521186,32.0704044,34.771329
412521761,32.0663342,34.7711843
412521763,32.0659045,34.7719551
412521855,32.0662462,34.7709105
412522566,32.0599964,34.7684012
412524677,32.061869,34.7644121
412524678,32.0626261,34.7633327
412525198,32.0600563,34.7654664
412527669,32.0608504,34.7674311
412527706,32.0601135,34.7654353
412528048,32.062975,34.7672652
412528202,32.061874,34.7675571
412528707,32.0630395,34.7679357
412528770,32.0632369,34.7677391
412528771,32.0638086,34.7672378
412530001,32.0625107,34.7670051
412530016,32.0628689,34.7668869
412530195,32.0624168,34.7666402
412530197,32.0624017,34.7670508
412530340,32.0621752,34.7667271
412530569,32.0613527,34.7647445
412531260,32.0611653,34.764849
412531323,32.061981,34.766829
412531396,32.0621786,34.7647878
412531452,32.061513,34.7651545
412531506,32.0613272,34.7652694
412531507,32.0602995,34.7658527
412531901,32.0618134,34.764988
412532283,32.061442,34.7642168
412532425,32.0622966,34.7662207
412534016,32.0603159,34.7653272
412691495,32.0812157,34.7724004
412702687,32.0772844,34.7752098
412813531,32.0617193,34.7863512
412813618,32.0619682,34.7857958
412814405,32.0626865,34.7869537
412814406,32.0629098,34.7863124
412814470,32.0609905,34.7854007
412814471,32.064322,34.7870287
412815718,32.0648333,34.7888299
412815787,32.065154,34.787171
412816145,32.0632071,34.7808338
412816227,32.0635327,34.7816276
412816550,32.06326,34.7829257
412817611,32.1026956,34.8064543
412817612,32.1028502,34.8064324
412818316,32.1043458,34.8059778
412820301,32.1070753,34.8143084
412820333,32.1072478,34.8155863
412820357,32.1089207,34.8138846
412820592,32.1111642,34.8121827
412820595,32.113728,34.812452
412820600,32.116911,34.811446
412820601,32.117655,34.811151
412821294,32.1109494,34.8158448
412821484,32.1109521,34.8148286
412821644,32.1137549,34.8149458
412823940,32.1136628,34.8167591
412831028,32.1136436,34.8169568
412832647,32.1154917,34.8170545
412832662,32.1159361,34.8158999
412832892,32.1187124,34.8164505
412833417,32.117932,34.8161479
412833777,32.1176903,34.8169303
412833779,32.117541,34.81742
412833951,32.114734,34.813499
412834048,32.1137438,34.8135531
412834759,32.1155498,34.8131386
412834963,32.1152399,34.8122451
412835008,32.1159887,34.8119092
412835021,32.1172376,34.8144802
412835374,32.1184892,34.8182798
412836308,32.1187542,34.8154497
412836309,32.118855,34.8153954
412837667,32.117567,34.814105
412837672,32.116598,34.812207
412837835,32.1187686,34.8149006
412838545,32.1174267,34.8125061
412840035,32.1166799,34.8150367
412840241,32.1165439,34.8151867
412840251,32.1165641,34.8150303
412840255,32.1166661,34.8152152
412870573,32.0935807,34.7968531
412871192,32.0980322,34.8012099
412871776,32.098807,34.8007198
412872360,32.09751,34.8007938
413898291,32.1236349,34.8145159
413898294,32.1237101,34.81468
413898295,32.1236515,34.8147934
413898297,32.1234849,34.8147815
414596282,32.1225078,34.8180656
414685307,32.1227506,34.8145052
414719366,32.1245512,34.8028606
414719373,32.1246278,34.8029497
414719375,32.1246573,34.802658
414719517,32.124747,34.8010107
414719542,32.1249415,34.8009185
414719543,32.1249078,34.8007855
414719544,32.1247782,34.8007494
414719546,32.1246953,34.8008635
414719927,32.1277585,34.801479
414720184,32.1276494,34.8022431
414720498,32.1261017,34.8011494
414720503,32.1259963,34.8020525
414720504,32.1259634,34.8023242
414720507,32.1264501,34.8021485
414720635,32.1241394,34.806326
414720638,32.1269352,34.8076343
414720676,32.1273083,34.8039285
414720681,32.1268631,34.8083235
414720699,32.1254848,34.8087168
414720700,32.1253961,34.8089377
414720771,32.1252058,34.8070614
414720780,32.1244559,34.8048041
414720795,32.1271736,34.8053568
415292027,32.0959915,34.7931282
415442186,32.0756501,34.7808318
415442591,32.0744331,34.7807205
415442593,32.1200341,34.8195377
415442594,32.1200938,34.8194242
415442595,32.1188192,34.8138225
415442603,32.074255,34.7817264
415442652,32.0749577,34.7807786
415442665,32.0748625,34.7816719
415443303,32.1143996,34.7960709
415446335,32.1158507,34.7953689
415447033,32.1181036,34.7951679
415447359,32.121135,34.79576
415447423,32.1206044,34.8003434
415447520,32.118482,34.8001448
415447643,32.1177778,34.7975086
415448018,32.1179219,34.7966056
415448066,32.1212154,34.8005196
415448753,32.1249424,34.7981824
415448758,32.1250329,34.7981828
415448762,32.1249035,34.7980543
415448941,32.1250778,34.7980921
415449529,32.1228926,34.7976676
415449695,32.1230397,34.800567
415450694,32.1229995,34.8018257
415452223,32.1245666,34.8027207
415452402,32.1215531,34.8021913
415452403,32.1213955,34.8021588
415454322,32.1255367,34.801037
415454333,32.1257336,34.799779
415454481,32.1279361,34.7983713
415454497,32.1216229,34.8142417
415454499,32.1216787,34.8126595
415457634,32.1189332,34.8137961
415458099,32.1195654,34.8122289
415459506,32.1192731,34.8181857
415459507,32.119509,34.8138966
415459682,32.1217149,34.8118095
415461001,32.1209181,34.8141266
415461283,32.1203158,34.818712
415461704,32.1203957,34.8186738
415461792,32.1203513,34.8188133
415461914,32.1204315,34.8187716
415462363,32.1203142,34.814028
415462480,32.1198387,34.8184903
415462570,32.120071,34.8167277
415462640,32.1193781,34.816639
415466714,32.1210429,34.818913
415731379,32.121104,34.8150311
415731383,32.1211022,34.8154462
415731386,32.1210925,34.8177145
415731670,32.1207802,34.8154365
415732221,32.1210974,34.8165612
415732269,32.1207884,34.8165352
415990088,32.0854639,34.7964874
416613220,32.1137816,34.8252896
416613221,32.1138359,34.8254371
416613788,32.1148161,34.8322397
416614082,32.1139692,34.8262452
416614999,32.113074,34.8261345
416615001,32.1123823,34.8261431
416615004,32.1116833,34.8262849
416615005,32.1112532,34.8264587
416615006,32.1106275,34.8267651
416615007,32.1094758,34.8273339
416615009,32.1085852,34.8278098
416616679,32.109085,34.8300802
416617725,32.1091802,34.8302579
416617810,32.1091797,34.8301243
416618398,32.1101352,34.8291812
416618401,32.1097129,34.8295473
416618882,32.1092893,34.8265178
416619374,32.1092635,34.8266871
416619958,32.1127774,34.8317634
416620261,32.1089045,34.827639
416620276,32.1090322,34.827934
416620445,32.1124907,34.8314355
416620452,32.1129194,34.830875
416620560,32.1100621,34.8270453
416620575,32.11139,34.8310164
416620655,32.1111668,34.8314822
416621015,32.1138012,34.8303786
416621892,32.1142489,34.8282479
416622031,32.1140889,34.828067
416622073,32.1142191,34.8280406
416622220,32.1144669,34.8301189
416622240,32.1142273,34.8295216
416622260,32.1144168,34.8294193
416622274,32.1144428,34.8301688
416622409,32.1144992,34.8302342
416622432,32.1133301,34.831894
416622572,32.1137354,34.83199
416622583,32.113795,34.8316893
416622612,32.1145355,34.8302171
416622637,32.114521,34.8301055
416623041,32.1145573,34.8301484
416626375,32.1134835,34.8185698
416626377,32.1134696,34.8188238
416626378,32.1135858,34.8187245
416626733,32.1131323,34.8203642
416626957,32.1131889,34.8205811
416626958,32.1129577,34.8204408
416627032,32.1124029,34.820152
416627757,32.1159967,34.8237522
416628930,32.115244,34.829913
416628934,32.1157939,34.8296174
416630271,32.1155748,34.8281779
416630272,32.115445,34.827753
416631044,32.1162157,34.8280248
416631790,32.1151207,34.8284512
416631805,32.1154597,34.827097
416632613,32.1149406,34.8271114
416633132,32.1143831,34.8253277
416633134,32.1143781,34.8254685
416634039,32.1154639,34.8260453
416634515,32.1160503,34.8309402
416634751,32.115253,34.831156
416634816,32.1168466,34.8315354
416635976,32.1175535,34.8328361
416636862,32.116495,34.83304
416636883,32.1163572,34.8311572
416637426,32.1176147,34.8311898
416638549,32.1163692,34.8291202
416638586,32.116811,34.8290269
416638688,32.1184729,34.8335794
416638912,32.1169241,34.8337388
416639005,32.1167683,34.8343012
417131196,32.1188442,34.8357803
417131924,32.12269,34.82954
417132169,32.122718,34.8296557
417132414,32.1227522,34.829589
417132415,32.1226514,34.8296073
417624290,32.1229652,34.8120372
417624293,32.1221938,34.8119026
417624330,32.1219394,34.8118511
417624642,32.122389,34.811943
417632981,32.1155192,34.8416998
417632982,32.1168622,34.8439681
417635284,32.1158624,34.8414037
417635696,32.1199422,34.8416874
417635895,32.1176439,34.8416905
417635897,32.1183489,34.8428242
417636900,32.1187355,34.8415433
417636920,32.1186095,34.8415552
417637034,32.1214465,34.8419698
417637103,32.119755,34.8428688
417637124,32.1206796,34.8430423
417637126,32.1208934,34.8429333
417637128,32.120644,34.843489
417637150,32.119238,34.843206
417637416,32.1210564,34.8418961
417637424,32.1212392,34.8407468
417637427,32.1215714,34.839854
417637674,32.1236453,34.8406266
417637677,32.1228747,34.840927
417637680,32.1201306,34.840585
417637962,32.1228529,34.8415765
417638112,32.1227656,34.8415729
417638116,32.1229691,34.8415815
417638774,32.1224084,34.8115208
417638984,32.1214734,34.8371928
417638993,32.1237918,34.8399986
417639491,32.1204541,34.8392104
417639595,32.121707,34.8384922
417639750,32.1219588,34.8377083
417640110,32.1231703,34.8371595
417640287,32.1235233,34.8400107
417640323,32.1234131,34.839166
417640523,32.1218153,34.8344018
417640558,32.1222714,34.8349789
417640560,32.1239765,34.8369932
417640561,32.124225,34.8391358
417640893,32.1241216,34.8380935
417641145,32.1226373,34.8387475
417641179,32.1249794,34.8390296
417641259,32.1249391,34.838601
417641260,32.1250336,34.8396052
417641514,32.1241541,34.834318
417641535,32.1247574,34.8360335
417641650,32.1245618,34.8350314
417641916,32.1213191,34.8356398
417642078,32.1205696,34.8366339
417642197,32.1203634,34.8362456
417643080,32.1210579,34.8350324
417643292,32.1208757,34.8359402
417643420,32.1199889,34.8347386
417643424,32.1199671,34.8339661
417643427,32.1200761,34.8332537
417643430,32.1202869,34.8324898
417643435,32.1205842,34.8319634
417643438,32.1213719,34.8316332
417643717,32.1191152,34.8348263
417643772,32.1192837,34.8338631
417644007,32.1194073,34.8330306
417644065,32.1195745,34.8322667
417644123,32.1213235,34.8310418
417644329,32.1206431,34.8311251
417644744,32.1225092,34.8315644
417644982,32.1205341,34.8344983
417645083,32.1224085,34.8322157
417645291,32.1194936,34.8293363
417645306,32.1194857,34.8291089
417645308,32.1191981,34.8292357
417645393,32.1198985,34.8286214
417645519,32.1188558,34.8292707
417645686,32.1187359,34.8292684
417645779,32.1206888,34.8317019
417646258,32.1243019,34.8300718
417646390,32.1245405,34.8300749
417646587,32.1243457,34.8312936
417646628,32.1236927,34.8313933
417647016,32.1231622,34.8337671
417647300,32.1237401,34.8321116
417647306,32.1227516,34.8343433
417647370,32.1242995,34.8341635
417647489,32.1251863,34.8339318
417648007,32.1252444,34.830181
417653251,32.1200076,34.8210174
417653278,32.1201505,34.8208665
417653336,32.1201378,34.8210341
417653337,32.1200205,34.8208551
417762830,32.1236154,34.8242404
417762831,32.1242321,34.8243081
417762870,32.1238516,34.8242223
417763275,32.123381,34.8236897
417772569,32.1256316,34.8221631
417772571,32.1257088,34.822049
417773116,32.1211988,34.8196888
417773824,32.120703,34.8201942
418850572,32.1074456,34.8199639
418850768,32.1079288,34.8218646
418857387,32.1085359,34.8247709
418857610,32.1087411,34.8253815
418857611,32.1089133,34.8258941
418858301,32.1100835,34.8235625
418858302,32.1101129,34.8231132
418858303,32.1102801,34.8224888
418860662,32.1101677,34.8252515
418862430,32.1122285,34.8245465
418863519,32.1092187,34.8226325
418888158,32.1088478,34.8247428
418889150,32.1088188,34.8239028
418889153,32.1090296,34.8238857
418889539,32.1084626,34.8239114
418891188,32.1093499,34.8246975
418891526,32.1093277,34.8238857
418891528,32.1090805,34.8238857
418891741,32.1096985,34.8238771
419004301,32.1122109,34.8252522
419004579,32.1083491,34.8241145
419737965,32.1124387,34.789472
419737996,32.1122556,34.7894239
420270888,32.1253867,34.8241178
420287565,32.1246581,34.8234631
420288533,32.1252352,34.8226663
424094288,32.110079,34.8181713
424095530,32.1114301,34.8185723
424098229,32.1115682,34.8177998
424098232,32.1125442,34.8183246
424104897,32.1081012,34.8189178
424104901,32.1078831,34.8187461
424104906,32.1075853,34.8185652
424104910,32.1073088,34.818377
424104914,32.107169,34.8182465
424104917,32.1068863,34.8178079
424105242,32.1102748,34.8178276
424145058,32.1074759,34.8173587
424177972,32.1082489,34.8173824
424183413,32.1075252,34.8179032
424189516,32.1121218,34.8209168
424190659,32.1102661,34.8216626
428196558,32.096852,34.7936072
434304760,32.1163092,34.7948287
434304762,32.1162213,34.7954401
440045043,32.0694213,34.7860934
440059964,32.0699958,34.7664535
440059966,32.0705488,34.7668325
440059970,32.0710338,34.7651451
440059978,32.0651297,34.7647361
440059996,32.0712374,34.7644499
440059999,32.0699843,34.7699058
440060001,32.0697257,34.769528
440060003,32.0694276,34.7690864
440060011,32.069428,34.7684308
440060012,32.0696744,34.7682082
440060013,32.0698764,34.7680268
440060015,32.0681554,34.7668086
440060016,32.0693744,34.7676695
440060036,32.0696708,34.7670884
440061583,32.1072565,34.7941172
440061585,32.103123,34.7944684
440061589,32.1045319,34.7944909
440061613,32.1043604,34.7937236
440061671,32.1039886,34.7944962
440061673,32.1036305,34.7937457
440061684,32.1051383,34.7955689
440061751,32.1056327,34.7965732
440061798,32.106257,34.7960234
440061813,32.1061607,34.797244
440061820,32.1065415,34.7995515
440061823,32.1057467,34.7982921
440061830,32.105261,34.798511
440061845,32.1064225,34.797477
440061971,32.1091137,34.7985004
440062009,32.1094031,34.8003875
440062010,32.1096241,34.800796
440062013,32.1091572,34.7995663
440062016,32.10755,34.8003784
440062021,32.1086005,34.7996672
440062346,32.1111719,34.8004258
440062349,32.110592,34.800886
440062350,32.1116955,34.800364
440062359,32.1110358,34.799474
440062368,32.110547,34.799617
440062369,32.1110254,34.7993875
440062371,32.1115534,34.7993259
440062618,32.1109227,34.7972636
440062671,32.1084395,34.7970506
440062682,32.110252,34.7964635
440062733,32.1102438,34.7973486
440062744,32.110245,34.7949
440062760,32.108918,34.7944194
440062762,32.1091586,34.7932751
440062843,32.11033,34.79339
440062845,32.1090716,34.7932773
440062846,32.0688268,34.7633318
440062847,32.0684246,34.7631101
440062849,32.0661099,34.7628236
440062857,32.060942,34.7607048
440062859,32.0592244,34.7600193
440062871,32.0702598,34.7638411
440062885,32.1071786,34.793335
440062886,32.107875,34.792724
440062888,32.1067416,34.7934044
440062889,32.1054951,34.7944106
440062920,32.1057981,34.7934468
440062921,32.1059404,34.7943426
440062929,32.1060762,34.7934318
440076104,32.094963,34.7904356
440076107,32.0953633,34.7904175
440076117,32.0945156,34.7904026
440076131,32.0959838,34.7903594
440077889,32.0777097,34.7799208
440282892,32.0534223,34.7554179
440340648,32.0952844,34.7728093
441130108,32.0792296,34.7791621
442893172,32.0764207,34.7982324
442893173,32.0763699,34.7982965
442893179,32.0764061,34.7981328
442893181,32.0762608,34.7982576
442893185,32.0764855,34.7955653
442893205,32.0723651,34.7947039
442893206,32.0702313,34.7956164
442893209,32.0703882,34.7939541
442893210,32.0701988,34.7946839
442893211,32.0700711,34.7952184
442893216,32.0716495,34.7944209
442893225,32.070054,34.7956051
442893232,32.0699411,34.7957825
442893234,32.0697964,34.7954431
442893237,32.0689785,34.7951048
442898681,32.0708142,34.7997696
442898682,32.0726823,34.7946866
442898686,32.0670738,34.7987708
442898687,32.0705677,34.7996832
443886751,32.0837533,34.7891254
443886792,32.0845138,34.7892702
444731120,32.0846178,34.7847286
444731151,32.0844162,34.7857
444731193,32.0836459,34.7891074
444731202,32.0836185,34.7892174
444739980,32.103579,34.7924641
444739981,32.0916484,34.7950875
444739982,32.091275,34.794736
444739983,32.0911046,34.7904993
444739985,32.0901867,34.7904518
444739986,32.0909589,34.7905089
446138533,32.0565941,34.7944209
446138537,32.0566642,34.7918668
446167471,32.0634917,34.7921274
463172922,32.10757,34.8323333
463173566,32.11427,34.8342191
463173568,32.1138469,34.8339725
463245857,32.1124701,34.8357735
463245871,32.1136799,34.8339193
463245883,32.1121833,34.8338826
463245886,32.1130371,34.8341774
463257215,32.118801,34.8396232
463257217,32.1181435,34.8386383
469933508,32.141733,34.8014666
469946981,32.0886915,34.7900787
469954005,32.09934,34.7759578
471483577,32.1077431,34.8323566
471483578,32.1085578,34.8334006
471483846,32.1108378,34.8366038
471483903,32.1114922,34.8350972
471554424,32.109102,34.8183767
471554674,32.1082751,34.8191401
471554983,32.109395,34.820756
471554984,32.109329,34.82054
471554985,32.109186,34.8199
471555295,32.109917,34.819362
471555476,32.1100772,34.8215174
471556322,32.1133733,34.8194327
471556489,32.1168183,34.8196991
471556585,32.1153767,34.8244332
471556732,32.1194253,34.8202348
471556733,32.1185091,34.8194942
471556926,32.1178863,34.8216783
471556965,32.1178056,34.8209633
471557022,32.1196761,34.8232368
471557152,32.1188074,34.8242721
471557153,32.1187369,34.8234332
471557239,32.1179612,34.8232239
471557662,32.120619,34.8229885
471557852,32.1208598,34.8229463
471557853,32.1212943,34.8227748
471557861,32.1211418,34.8227467
471557870,32.1219969,34.8223384
471558379,32.120378,34.821327
471558380,32.120886,34.822126
471558675,32.1211925,34.8218628
471558810,32.1225358,34.8236116
471558814,32.1221479,34.8237077
471558911,32.1211938,34.8241561
471558912,32.1207746,34.8242879
471558915,32.120376,34.824349
471558924,32.1200756,34.8231316
471559018,32.1216013,34.8239617
471559832,32.1168878,34.8248359
471560039,32.1177038,34.8269964
471560309,32.1187097,34.8323693
471560855,32.115409,34.834408
471561157,32.1165433,34.8372036
471561160,32.1181342,34.8367248
471561195,32.116153,34.836654
471561552,32.1177635,34.8380556
471561561,32.1180346,34.8392452
471561807,32.1186404,34.8391959
471562493,32.1204767,34.8230313
471562869,32.1164537,34.8270932
471562980,32.117517,34.8365177
471563156,32.1148769,34.8342043
471563251,32.1145394,34.835583
471564025,32.1070321,34.8197866
471564028,32.1067226,34.819816
471564030,32.1063632,34.819881
471564051,32.1063487,34.8188167
471564056,32.1066245,34.8190013
471564086,32.1066873,34.8193664
471564095,32.1070906,34.8193515
472591106,32.0500645,34.7535718
472591117,32.0464056,34.7544619
472591118,32.0468898,34.7547248
472591126,32.0470469,34.7556708
472591128,32.0487185,34.7571904
472591134,32.0491579,34.7556259
472591136,32.0520412,34.7556778
472591143,32.0503976,34.7568637
472591146,32.0503721,34.7572143
472591152,32.0531809,34.757401
472591153,32.0528475,34.7568986
472591158,32.0510574,34.7536226
472591174,32.0479035,34.7477966
472591207,32.0499948,34.7604242
476355557,32.1047661,34.7884999
476359630,32.0914767,34.7794418
476360595,32.0895289,34.7825277
476362229,32.0895593,34.7877826
476363631,32.085633,34.787986
476367059,32.0842772,34.7830173
476367554,32.0825545,34.7781964
476368384,32.0802763,34.7820507
476368635,32.0809936,34.7828636
476369184,32.0798916,34.7869588
476371657,32.0817535,34.7917895
476376316,32.0705554,34.7804615
476376664,32.0709549,34.7806291
476379062,32.0702427,34.7762024
476379129,32.0700173,34.7769885
476387543,32.0685698,34.7642304
476389032,32.0649821,34.7752801
476389622,32.0649612,34.7710013
479356252,32.1227035,34.8231396
479359242,32.1158706,34.8219873
479359525,32.117588,34.8201135
479360024,32.115421,34.8234352
479360570,32.1148479,34.8231138
479360855,32.1148893,34.822131
479361476,32.1153341,34.8216868
479361695,32.1160864,34.8194141
479362204,32.1152045,34.8190803
479362779,32.1151175,34.8194719
479364099,32.1140388,34.8200673
479369605,32.1139321,34.8353977
479373408,32.1078767,34.8173471
496175198,32.0685532,34.7765259
496175245,32.0698554,34.7776532
496175385,32.0636832,34.7660199
496175387,32.0634404,34.7661358
496175461,32.0627855,34.7664802
496175946,32.0616169,34.7645935
496176171,32.0597076,34.7706225
496176172,32.0596695,34.7701645
496176174,32.0595258,34.7689162
496176177,32.059482,34.7684796
496176315,32.0572655,34.7701122
496176455,32.0547458,34.7701936
496177000,32.0608292,34.7992109
496177409,32.0667249,34.7978566
496179965,32.0942563,34.7935735
496179967,32.0941002,34.7929864
496180557,32.0953263,34.7977055
496187635,32.1207577,34.8200504
496187785,32.1188892,34.8252717
513062972,32.1230796,34.7854114
514350359,32.059167,34.7663772
514354787,32.0562645,34.7657947
514355655,32.0549122,34.7676977
514356775,32.0586001,34.7681549
514357167,32.0596161,34.7673486
514532018,32.0497118,34.7577026
514536537,32.0473105,34.7549658
514541475,32.0489178,34.7573329
515877139,32.0424862,34.7715462
515877404,32.0430428,34.7709516
515877406,32.0429425,34.7708425
515880752,32.0351073,34.769443
518158005,32.095104,34.7918744
518158014,32.0925775,34.7904834
518158039,32.093847,34.7904225
521584034,32.1221735,34.8038083
521584041,32.1208354,34.804918
521584057,32.1237734,34.8061366
521584069,32.1220309,34.8045231
521584079,32.1240152,34.8054573
521584112,32.1214556,34.804339
521990778,32.1103396,34.8441517
522487220,32.1220071,34.8053227
522487252,32.1219615,34.8051975
522487275,32.1219108,34.8053961
522487351,32.1234931,34.8067787
522487354,32.123025,34.8085966
522487356,32.1228934,34.8091199
522487383,32.1217218,34.8091145
522487416,32.1205043,34.807596
522487437,32.1219048,34.808253
522487451,32.1225328,34.8062592
522487505,32.1232555,34.8041997
525789092,32.1231473,34.8078911
525789244,32.1225066,34.8076893
525789247,32.1221193,34.8075605
525789268,32.1228789,34.8064496
525794082,32.1205828,34.8091254
525794235,32.1210309,34.8078693
525794237,32.1213014,34.8071748
530185824,32.0757578,34.7799258
530185827,32.07341,34.7836533
530185828,32.0734019,34.7847683
530714283,32.0619983,34.7907574
530714287,32.0618805,34.7905558
530714339,32.0643893,34.7913309
530717403,32.0617845,34.7919857
530842257,32.1221756,34.7975088
530842268,32.1222905,34.797605
531365015,32.0618657,34.7906804
531952045,32.0799372,34.7673813
531970624,32.1208658,34.803024
531970751,32.1199859,34.8046916
531970762,32.1205239,34.8048203
534365168,32.0443009,34.7808154
534365172,32.0447963,34.7807808
534365190,32.0466833,34.7806614
534365212,32.0473753,34.7896161
534365214,32.0473842,34.7920091
534365215,32.0476065,34.793964
534376059,32.0508513,34.785894
534376062,32.0499166,34.7897025
534376063,32.0474828,34.7892608
534376075,32.0478186,34.79383
534408668,32.0475317,34.7943484
534409259,32.0474671,34.7955082
534409260,32.0457779,34.8046898
534409264,32.0445019,34.8132908
534409544,32.0475197,34.7939287
534919513,32.1217095,34.8060726
536542757,32.0754992,34.7658535
536542767,32.0790059,34.7671118
536734011,32.0619009,34.7918314
536734013,32.0618914,34.7919884
539617401,32.0707531,34.7686079
539619086,32.0704554,34.7681525
539625937,32.0702307,34.7690673
539625980,32.0699425,34.7686223
539626016,32.0705052,34.7694941
539627326,32.0702031,34.7677179
539628367,32.0707703,34.769252
539628947,32.0704936,34.7688274
539628952,32.070204,34.768383
539628955,32.0699398,34.7679775
539632333,32.069696,34.7688482
539636482,32.069496,34.7683657
539641899,32.0707323,34.7669142
539642223,32.0703276,34.7675849
539654214,32.0696497,34.7678654
539655506,32.0699465,34.7672968
539655513,32.0702839,34.7666605
539656397,32.0693492,34.7682392
540418391,32.0627289,34.777413
540418426,32.0627016,34.7778612
540419838,32.0568861,34.7729035
540419840,32.0569816,34.7725449
540419855,32.0570552,34.772156
540419958,32.0561221,34.7721185
540420234,32.057207,34.7713435
540420291,32.0581673,34.7715051
540420824,32.0572657,34.7704185
540421284,32.0578347,34.7682988
540421320,32.0578838,34.7687291
540421708,32.0580633,34.7751687
540422648,32.0543438,34.7777125
540425637,32.0461652,34.7784814
540425639,32.0457777,34.7782173
540425816,32.0456653,34.778448
540425846,32.0453832,34.7782383
540425904,32.0457318,34.7769896
540426351,32.0517999,34.7702188
540426372,32.0515025,34.7715371
540426692,32.0526072,34.7708938
540426698,32.0516624,34.7708282
540427220,32.0525745,34.7722212
540427737,32.0540259,34.7708717
540427864,32.0548742,34.7683663
540429906,32.0548334,34.7689263
540430472,32.053949,34.7663241
540430951,32.0535821,34.7680356
540430952,32.0532171,34.7694303
540431071,32.0529473,34.770343
540431102,32.0540444,34.7705642
540431326,32.0516914,34.7692598
540431353,32.0541194,34.7695092
540431354,32.0547742,34.7695653
540431406,32.0525477,34.7693351
540431795,32.0527025,34.7658685
540432924,32.0503525,34.7696883
540432944,32.0505467,34.7685701
540433176,32.0487152,34.7691075
540433472,32.0488509,34.7680181
540433473,32.0493032,34.7657516
540433475,32.0498179,34.7640255
540433477,32.0507387,34.7615839
540433635,32.0515011,34.7665773
540434265,32.0509107,34.7663474
540434378,32.0512018,34.765027
540434379,32.0503824,34.7661487
540434433,32.0507581,34.7647834
540434571,32.0498636,34.7659592
540434578,32.0502778,34.7645181
540435293,32.0495427,34.7648371
540435503,32.048416,34.765844
540435510,32.049209,34.76629
540436506,32.0503009,34.7613506
540436509,32.049753,34.7628326
540436609,32.0498215,34.7609688
540436945,32.0466699,34.7530986
540437005,32.0465057,34.7539523
540437491,32.0483034,34.7596132
540437723,32.0469371,34.7593579
540437762,32.0459918,34.7593969
540437774,32.0483591,34.7591975
540438324,32.0470389,34.7590162
540438325,32.0460333,34.7588778
540438326,32.0450693,34.7590947
540438328,32.0446287,34.7591566
540438827,32.0467155,34.7593387
540439020,32.0488261,34.7597052
540439101,32.0479308,34.7626113
540439278,32.0472679,34.7622424
540439471,32.0462865,34.7609752
540439896,32.0457138,34.7608386
540439906,32.0455803,34.7608027
540440017,32.0450476,34.7624646
540440145,32.0459325,34.7625173
540440714,32.0445353,34.759247
540440775,32.0443465,34.7590869
540440776,32.0438434,34.7587047
540440777,32.0434381,34.7583817
540441954,32.0430311,34.7595533
540442029,32.0415986,34.7588838
540442030,32.041321,34.7598042
540442055,32.0410631,34.7586893
540442056,32.0421913,34.7590991
540442088,32.0408294,34.7595597
540442126,32.0424299,34.7607383
540442213,32.0392154,34.7558602
540442617,32.041101,34.7585454
540442644,32.0401032,34.7581893
540442988,32.0389733,34.7588729
540442992,32.0398146,34.7585912
540442994,32.0393598,34.759017
540443011,32.039757,34.7591651
540443060,32.039318,34.7608479
540443120,32.0389179,34.7600567
540443862,32.0420444,34.7611498
540443867,32.0416513,34.7608499
540443868,32.041023,34.760527
540443883,32.0419964,34.7603557
540444301,32.0437288,34.7641605
540444452,32.0432329,34.7641099
540444456,32.0420773,34.7642732
540444957,32.040222,34.7653547
540445201,32.0416378,34.7642358
540446433,32.041264,34.763348
540446456,32.0407749,34.7628827
540446473,32.0398655,34.7671399
540446767,32.0398861,34.7670366
540446871,32.040366,34.766709
540446909,32.0402531,34.7651981
540446999,32.0402007,34.7654742
540447008,32.0403378,34.7647708
540447026,32.040812,34.76443
540447075,32.0386856,34.7693465
540447221,32.0387784,34.7685196
540447377,32.0384507,34.7672313
540447393,32.0388318,34.7682031
540447431,32.0396294,34.7683632
540447432,32.040039,34.768449
540447433,32.0397563,34.7677493
540447885,32.0422043,34.7667478
540448524,32.0452743,34.7544973
540448630,32.0452284,34.7566036
540448708,32.045905,34.7566927
540449079,32.0417426,34.7560964
540449627,32.0396793,34.7497249
540449817,32.0413583,34.7502355
540449818,32.0411632,34.7514515
540449838,32.0403093,34.7467637
540449840,32.0406414,34.7468321
540454491,32.0627744,34.7764837
540455192,32.061822,34.7753263
544561044,32.0442092,34.7829798
549231325,32.0699823,34.7692942
549232384,32.0687404,34.7655975
549232724,32.0683077,34.7665226
549232875,32.0690489,34.7658235
549232986,32.0685861,34.766735
549233143,32.0687588,34.7664068
549233516,32.0698743,34.7666897
549233531,32.0701573,34.7668958
549233546,32.0704023,34.7670745
549236095,32.069393,34.7660405
549236100,32.0697122,34.7662656
549236695,32.0692732,34.7662501
549236700,32.0690587,34.7666257
549236716,32.0687219,34.7672156
549237407,32.0695992,34.7664835
549237409,32.0693947,34.7668797
549237413,32.0690822,34.7674739
549237512,32.0689331,34.7657419
549237564,32.069281,34.7645227
549237566,32.0695466,34.7635759
549239503,32.0700482,34.7647747
549239612,32.0696274,34.7662092
549240225,32.070791,34.7640252
549241440,32.070542,34.7649729
549243986,32.047608,34.7495576
549244215,32.0394401,34.7481098
549244664,32.0389356,34.7479867
549244666,32.0417903,34.7487273
549244705,32.0426482,34.748938
549245459,32.040456,34.748443
549245580,32.0403795,34.7499577
549245581,32.0403023,34.7512235
549246899,32.0417433,34.7515996
549246919,32.0417677,34.7503791
549246934,32.042063,34.7471947
549247167,32.0417958,34.7497483
549247954,32.0442615,34.7504324
549247956,32.0446132,34.7506521
549248092,32.0458119,34.7510268
549248494,32.0456952,34.7525306
549249387,32.0513703,34.750867
549249391,32.0517818,34.7509379
549254120,32.0469679,34.7688208
549255983,32.0467659,34.7753775
549256221,32.0452851,34.7759502
549256536,32.0464208,34.7762554
549257035,32.0459941,34.7764308
549257375,32.045359,34.7766709
549258316,32.0448539,34.7787419
549258509,32.0450324,34.7789942
549258590,32.0465235,34.7802741
549258646,32.0465087,34.7806328
549258823,32.0439058,34.7790075
549265025,32.0415063,34.7789318
549265076,32.0411851,34.7762617
549265086,32.0413908,34.7755844
549266352,32.0415342,34.7753867
549266522,32.0406646,34.774833
549267521,32.0536972,34.7818292
549267539,32.0506968,34.7814661
549267544,32.0497312,34.7812996
549267901,32.0501628,34.7798008
549267988,32.0500778,34.7800508
549268021,32.0500065,34.7798494
549268178,32.0476747,34.7790376
549268341,32.0506814,34.7779059
549268582,32.053131,34.7788735
549268584,32.0540793,34.7789126
549268886,32.0534706,34.7774367
549268888,32.0540058,34.7750713
549268900,32.0540344,34.7749163
549269036,32.0529085,34.7788085
549269124,32.0527932,34.7817256
549269607,32.0519071,34.7776274
549269609,32.051722,34.7782652
549269610,32.0511911,34.7804858
549270589,32.0567724,34.7746302
549271104,32.0559536,34.7764932
549271107,32.0560716,34.7761795
549271108,32.0561393,34.7759997
549271109,32.0574071,34.7730573
552958460,32.1198842,34.8067257
552958495,32.1183887,34.8071424
552958506,32.1185175,34.8078415
552958528,32.1173814,34.8085771
553058295,32.0389506,34.7777328
553058303,32.0383554,34.7777696
558703048,32.0986743,34.7821951
558703050,32.099283,34.7828325
558709453,32.0927348,34.7912806
558709455,32.0927591,34.7919257
558709456,32.0927774,34.7921868
558709457,32.0935939,34.7918215
558728531,32.0880259,34.788876
560451816,32.1170646,34.8070095
560451823,32.1173818,34.8068165
560451826,32.1172229,34.8068008
560451828,32.1170393,34.8072438
560451830,32.1180222,34.8023735
563899298,32.067045,34.7928295
563908126,32.0586104,34.7894118
563909457,32.0570716,34.7893262
563909468,32.0560164,34.7891428
563912526,32.0571225,34.7871547
563914312,32.0586275,34.7886222
563915197,32.0586415,34.7879764
563916840,32.0591225,34.7872695
563916843,32.0553986,34.7869479
563927474,32.056716,34.7892357
563927553,32.0566127,34.7892093
563927884,32.0565263,34.7918537
563927922,32.0564344,34.7944375
563932482,32.056408,34.7945169
563932486,32.0564299,34.7946028
563932493,32.0566033,34.794616
563932497,32.0566346,34.7945173
563932920,32.0564855,34.799368
563933121,32.0563181,34.7993605
563934059,32.0570901,34.788537
563934899,32.057105,34.7879014
563935791,32.0566814,34.7909911
563936629,32.0585743,34.7910796
563936899,32.0566951,34.7902961
563937351,32.0585898,34.7903636
563938249,32.0581151,34.7903467
563940616,32.0564043,34.786233
563940617,32.0563249,34.787051
563941287,32.0559543,34.7896977
563941290,32.0559301,34.7906973
563941552,32.0552108,34.7888772
563941572,32.0555039,34.7858666
563941685,32.0552752,34.7882159
563941719,32.055693,34.7882956
563941745,32.0553461,34.7874871
563941830,32.0557949,34.7875403
563941978,32.0558943,34.7869981
563942027,32.055984,34.786019
563942150,32.0544356,34.7916355
563942890,32.0545012,34.7909887
563942894,32.0545679,34.7903301
563942898,32.0546212,34.7898038
563942912,32.054672,34.7893029
563942919,32.0547319,34.7887478
563943124,32.0555912,34.7911194
563943168,32.0559299,34.7901928
563945410,32.0521143,34.7855786
563945628,32.0518758,34.7854601
563945950,32.051895,34.7862382
563948032,32.0523228,34.7864362
563948281,32.0522554,34.7876312
563948284,32.0521575,34.7881058
563949004,32.0529368,34.7878248
563949008,32.0535329,34.7880124
563949010,32.0541581,34.7882041
563950050,32.0514566,34.7915805
563951402,32.0519622,34.7889234
563951867,32.0540736,34.7895734
563953294,32.0518889,34.7892509
563953312,32.0527643,34.7896075
563953811,32.0528317,34.7891911
563953815,32.0530452,34.7882843
563954821,32.0525722,34.7886818
563954825,32.0529219,34.7888156
563954919,32.0526473,34.7882017
563957231,32.0516693,34.7861393
563958700,32.0508573,34.7890382
563958704,32.0506772,34.7898717
563961067,32.0511747,34.7891104
563961083,32.0510065,34.7899518
563962300,32.0507745,34.7894215
563963214,32.0503717,34.7893224
563963534,32.0510541,34.7868801
563963985,32.051381,34.7870118
563964181,32.0506432,34.7867419
563967258,32.0488627,34.7895187
563967493,32.0486729,34.7908033
563968171,32.0488029,34.7895001
563968268,32.0488263,34.789139
563968749,32.0476686,34.7889705
563969251,32.0482466,34.7890362
563969813,32.0482583,34.7886303
563970408,32.0482484,34.7887502
563970801,32.0482427,34.7893805
563971329,32.048585,34.7894508
563971545,32.0484119,34.7907437
563971735,32.048493,34.7900972
563971993,32.0476442,34.7899462
563973508,32.0504822,34.79112
563973662,32.0484365,34.7905191
563974285,32.0487105,34.790546
563974292,32.050496,34.7908757
563976144,32.0504461,34.7914337
563977362,32.0474437,34.7909819
563977927,32.0510413,34.7916513
563979625,32.0464468,34.7896568
563980862,32.0466235,34.7896508
563981534,32.046599,34.7907204
563982081,32.0463126,34.7896643
563982964,32.0465592,34.7918977
563982976,32.0467332,34.7946392
563983210,32.0461982,34.7918587
563983502,32.045956,34.7918156
563984591,32.0448962,34.7921176
563984611,32.0449231,34.7916
563985050,32.0446779,34.7915395
563985106,32.0445625,34.79349
563985315,32.0452988,34.7934963
563985770,32.0436799,34.7913753
563985774,32.0436349,34.7908624
563985775,32.0436078,34.790311
563985924,32.043603,34.7906641
563986337,32.0424195,34.7909799
563986391,32.0424082,34.7906543
563987286,32.042639,34.799517
563987463,32.0429541,34.7995611
563987681,32.0461235,34.7956607
563988155,32.0458683,34.7949549
563990273,32.0446656,34.8003164
563990498,32.0466532,34.8002106
563990815,32.0443006,34.8022087
563990825,32.0442594,34.8027438
563990831,32.0442642,34.8032387
563990832,32.0442765,34.8039796
563990833,32.0442933,34.8043038
563991156,32.0438058,34.8022087
563991159,32.0437235,34.8032559
563991162,32.0435284,34.805999
563991861,32.0445848,34.8027425
563991864,32.0448033,34.8027274
563992118,32.0448223,34.8032527
563992719,32.0449335,34.8039511
563992905,32.0447435,34.8045005
563993246,32.0453941,34.8050879
563994060,32.0454982,34.806337
563994347,32.0448026,34.8065518
563994646,32.0443369,34.8073586
563994648,32.0453001,34.8075069
563995049,32.0443151,34.8057449
563995071,32.0450263,34.8099163
563996180,32.0443547,34.8044346
563996235,32.0442175,34.8043887
563996335,32.0437291,34.8043885
563997181,32.0450626,34.8095209
563997191,32.045134,34.8095868
563997523,32.0452774,34.8096654
563997526,32.0461609,34.8099591
563997611,32.0491333,34.8101201
563998338,32.0493018,34.811807
563999190,32.0492546,34.8119184
563999196,32.0494168,34.8118968
564005297,32.0495086,34.8018404
564005845,32.0494331,34.8016635
564006449,32.0499101,34.7996821
564006596,32.0513713,34.7918899
564007426,32.0466471,34.8010545
564007432,32.0465105,34.8010622
564008104,32.0502843,34.8018585
564008107,32.0510447,34.8022779
564009112,32.050768,34.8035541
564010750,32.0519757,34.8031958
564014016,32.0527557,34.8069018
564015510,32.052746,34.8067531
564016484,32.0546276,34.8023977
564016520,32.0537451,34.8025809
564016660,32.0545734,34.8022489
564016800,32.0543492,34.8003168
564017156,32.0550757,34.8036211
565445702,32.1187589,34.8043636
565445727,32.1187151,34.8043524
565445728,32.1186614,34.8025218
565445731,32.1183613,34.8042538
566747876,32.0354616,34.7579353
566747877,32.0332842,34.7574199
566747878,32.0338163,34.7527833
566747880,32.0311124,34.7539227
566747881,32.0337538,34.7544986
566747883,32.0349646,34.7501622
566747885,32.0357199,34.7500226
566747886,32.0350405,34.7509262
566747894,32.0335428,34.7559362
566890495,32.0507355,34.7841022
576978980,32.0621096,34.7657256
579601793,32.0602747,34.7638768
579601924,32.0613997,34.7638154
579603495,32.0623166,34.7625116
579613769,32.0783013,34.78318
580704387,32.0562964,34.7630551
580704870,32.0566519,34.7628156
580706957,32.0557976,34.7629737
580706963,32.0571644,34.764465
580706970,32.0582691,34.7669461
580707524,32.0574506,34.7646953
580709102,32.0557189,34.7657629
580709110,32.0571523,34.765906
580709327,32.0555975,34.7648631
580709623,32.0558843,34.7669958
580709980,32.0568422,34.7659054
580710450,32.056858,34.7671746
580710939,32.0563696,34.765724
580711310,32.057162,34.7663609
580712058,32.0580256,34.7659847
580712059,32.0586822,34.7655238
580712186,32.058186,34.766612
580713243,32.0584133,34.7649893
580713872,32.0551344,34.7627957
580714365,32.0553415,34.7604358
580714979,32.0559166,34.7605043
580714987,32.0549118,34.7604939
580717677,32.0540901,34.7570474
580718144,32.0537376,34.7560972
580725909,32.0555474,34.7543125
580726367,32.0553664,34.7546551
580726702,32.055573,34.7547604
580742562,32.0533289,34.7592609
580742984,32.0546243,34.7588486
580743782,32.0536517,34.7582267
580743786,32.0528986,34.7576503
580745794,32.053876,34.7589101
581970846,32.0548269,34.8103708
581974471,32.0541807,34.8094415
581977241,32.0504591,34.8052782
581977614,32.0505331,34.805383
581979915,32.0535154,34.8100619
581984981,32.0491718,34.807109
581986010,32.0506351,34.7960353
581986372,32.0535957,34.7963384
591837210,32.1022725,34.8049033
591837241,32.1023646,34.8053072
591837483,32.1026694,34.8044296
591845872,32.1193762,34.8092975
591891136,32.0465572,34.783947
591891153,32.047356,34.7887193
591891163,32.0466887,34.7882153
591891170,32.0474068,34.7860758
591891217,32.0471584,34.7830242
591891227,32.0475353,34.7842225
591891241,32.0463885,34.7833466
591891306,32.0502059,34.7839906
591891355,32.0499779,34.7855196
591891458,32.0597414,34.7870302
591891582,32.0812437,34.7999579
597659059,32.1107118,34.8037061
597659083,32.1107195,34.8015942
597659120,32.119263,34.8074187
598696127,32.1066994,34.8020398
598696135,32.1079437,34.8026817
598696471,32.1197503,34.8055215
599932420,32.1214137,34.8044708
603554347,32.1128168,34.7959106
603554354,32.1129583,34.7959353
603554356,32.114385,34.7962037
603554588,32.1181594,34.8015274
611794069,32.1193589,34.8053619
612260597,32.1238063,34.7978535
617747268,32.0891167,34.79708
617747277,32.0892913,34.7970045
617747293,32.0890908,34.796888
641134209,32.0742577,34.7818404
641134353,32.0743476,34.7826917
647033250,32.0483739,34.794829
647033251,32.0483446,34.7955838
647033254,32.047953,34.7983465
647033255,32.0487184,34.7956013
647033257,32.0487747,34.7948572
647033260,32.0484607,34.7984456
647033261,32.0491324,34.7961576
647033262,32.0491793,34.7949064
647033265,32.0500494,34.7987868
647033266,32.0480162,34.7948037
647033267,32.050845,34.7950679
647041424,32.048753,34.7969358
647041456,32.0491492,34.7957331
647041470,32.049674,34.7949316
647041474,32.0497452,34.7958543
647041481,32.04955,34.7958146
647041483,32.0493011,34.7970747
647041489,32.050202,34.7980506
647088999,32.0496762,34.7979135
647089007,32.0500582,34.795918
647089015,32.0523504,34.7962254
647089018,32.0522145,34.7990623
647089029,32.050067,34.7986787
649085133,32.0543554,34.7963985
649085167,32.0563355,34.7986044
649085196,32.054164,34.7992637
649085201,32.054605,34.7927307
649085207,32.0552415,34.7928809
649085225,32.0540695,34.792589
649085266,32.0557367,34.7993344
649089541,32.0563947,34.7960244
649089547,32.0563687,34.7971565
649089553,32.0563518,34.797851
649089569,32.0542661,34.797735
649089576,32.0543238,34.7968716
649089587,32.054374,34.7961251
649096682,32.0544353,34.7952246
649096690,32.0564115,34.7952949
649096706,32.0544898,34.794423
649096714,32.0556049,34.7944777
649096728,32.0545514,34.7935185
649096733,32.055646,34.7935712
649096738,32.0564635,34.7936106
649096751,32.0556268,34.7939957
649096768,32.0545218,34.7939532
649096776,32.0564505,34.7940449
649102843,32.0566404,34.7927997
649102865,32.0585214,34.7928967
649102921,32.0566169,34.793599
649102942,32.0584928,34.7937056
649537530,32.0553301,34.7924007
649537543,32.0555765,34.7917802
651270831,32.0584615,34.794591
655131669,32.0440408,34.8002412
667786477,32.0733074,34.7901621
672188143,32.061213,34.8026335
672188145,32.0611687,34.8018343
672188146,32.0610972,34.8011313
672188147,32.061056,34.8003106
672188150,32.0629176,34.8004818
672188163,32.0629048,34.801362
672188165,32.0628576,34.8021562
672188180,32.0598336,34.8025472
672188181,32.0598059,34.8019631
672226418,32.0633336,34.8002806
672653542,32.0578844,34.7945675
672653543,32.0577819,34.7965754
672653547,32.0574275,34.7945488
672653548,32.0574116,34.7949378
672653549,32.0573951,34.79534
672653551,32.0573791,34.795732
672653553,32.0565721,34.7960424
672653554,32.0565809,34.7957072
672653556,32.0565911,34.7953154
672653557,32.0566019,34.7948997
672653559,32.0565585,34.7965656
672653563,32.0587253,34.7965765
672653567,32.0583525,34.7965792
672653568,32.0582593,34.7965792
672653570,32.0583411,34.7961527
672653573,32.0583838,34.7945878
672924222,32.1106665,34.8418873
672924228,32.1108131,34.8419888
679327820,32.1241567,34.825789
679329266,32.1232242,34.8296448
679330265,32.1235841,34.8314059
679331025,32.120804,34.8289257
679332816,32.1208598,34.8298418
679333658,32.12234,34.8296379
679334601,32.1223887,34.8303634
679334604,32.122413,34.830958
681262526,32.0318306,34.7540748
681262537,32.0325682,34.7551204
681262541,32.032713,34.7542824
681262557,32.0335112,34.7586819
681262562,32.0335505,34.7584366
681262564,32.0336991,34.7575082
681262584,32.0344777,34.7527042
681262590,32.0343386,34.7536657
681263651,32.0363372,34.7461817
681263652,32.035954,34.7473999
681273909,32.0610415,34.8001006
681273912,32.0642791,34.7990269
681273913,32.0591737,34.800316
681273915,32.0533756,34.8000652
681273917,32.0499271,34.7995391
681273918,32.0469864,34.7989751
681517078,32.0585272,34.7774161
681517402,32.05931,34.775634
681517403,32.0600732,34.7737708
681533686,32.1209187,34.8268102
681533941,32.1209613,34.827538
681533984,32.1208316,34.8281653
681533985,32.1211769,34.8281438
681534293,32.120768,34.8275551
681534294,32.1211314,34.8275229
681535275,32.1203252,34.8268461
681535608,32.1203526,34.8275835
681535815,32.120225,34.8275878
681535816,32.1205339,34.8275773
681536220,32.1204168,34.8289152
681536555,32.1203863,34.8282296
681536789,32.1202591,34.8282296
681536795,32.1205681,34.8282296
681554282,32.0611603,34.7633102
681555854,32.0610552,34.76301
681555963,32.0594807,34.7632713
681556436,32.0601511,34.7635872
681570928,32.0589056,34.7829498
681572534,32.0602284,34.7812791
681578494,32.0599459,34.7758737
681665116,32.051961,34.7600784
684521272,32.0480246,34.7934496
684521278,32.0496199,34.7923853
684521281,32.0485902,34.7932336
684521284,32.049,34.7935623
684521285,32.0490534,34.7932915
684521295,32.0489875,34.7927773
684521300,32.0488395,34.7928672
684521304,32.049339,34.7925632
684521321,32.0497193,34.7931319
684521323,32.0497596,34.7929517
684521328,32.0503211,34.791935
684521335,32.0501664,34.7926938
684521338,32.0501465,34.7930108
684521340,32.0500583,34.7937094
684521343,32.0501428,34.793441
684521347,32.0512061,34.7928409
684521349,32.0511728,34.7931284
684521351,32.0508954,34.7930933
684521353,32.0508385,34.7935119
684521358,32.0522733,34.7933543
684521361,32.0513152,34.7922094
684521363,32.0512413,34.7925186
684521365,32.0525878,34.7921649
684521373,32.0480929,34.7948195
684521376,32.0480766,34.7942338
684521378,32.0484812,34.7948367
684521380,32.0480309,34.7938143
684521385,32.0484223,34.7942832
684521396,32.0488496,34.7948557
684521397,32.0488828,34.7943317
684521399,32.0489369,34.7939357
684521400,32.0493066,34.7949083
684521402,32.049341,34.7944098
684521403,32.049692,34.7944457
684521405,32.0509384,34.794588
684521406,32.0500104,34.7949662
684521408,32.0500498,34.7944909
684521410,32.0506186,34.7945542
684521412,32.0499941,34.7944845
684521414,32.0506687,34.7945617
684521415,32.0505647,34.7950186
684521417,32.0507428,34.7941548
684521419,32.0500289,34.7940811
684521420,32.0510664,34.7938607
684521422,32.0507864,34.7938229
684521423,32.0522483,34.79754
684521426,32.0516983,34.7975052
684521427,32.0522375,34.798469
684521432,32.0533753,34.7976164
700714000,32.1029096,34.7777429
700714010,32.1027696,34.7778375
705536611,32.0571405,34.7615553
705536703,32.0578532,34.7614022
722421609,32.1148552,34.8445086
722421613,32.1143356,34.8444156
724191521,32.0591343,34.7599969
724192875,32.0629005,34.7615191
744759658,32.041353,34.8093384
744759686,32.0449257,34.8110079
744759701,32.0449903,34.8110264
744759706,32.0446627,34.8129512
747694259,32.0777855,34.7822352
747694263,32.0773462,34.7822804
747694264,32.0773755,34.7832444
747780542,32.0763218,34.7823907
765790376,32.0443509,34.80434
765790418,32.0442326,34.8043378
766773323,32.128854,34.7987359
790752840,32.0940335,34.7816866
794293349,32.1052311,34.7908758
798471949,32.1113911,34.796097
798471965,32.1113597,34.7958877
798471972,32.1112714,34.7959623
798471980,32.1112778,34.7960471
799400621,32.0861418,34.7703881
799417137,32.0571383,34.7717527
799418395,32.0525849,34.7716001
799419132,32.0542139,34.7682134
799420454,32.0497412,34.764227
799422258,32.0534108,34.7588355
799423519,32.0448926,34.7597045
799423906,32.044315,34.7565221
799423919,32.04427,34.7567186
799423989,32.0419983,34.7548022
799424567,32.0400201,34.7483121
800835093,32.09111,34.7959459
800950934,32.1207019,34.7910121
800951775,32.0653444,34.7979907
803481930,32.1290119,34.7927467
806982244,32.1182575,34.800144
806982247,32.1183953,34.8002012
806982293,32.1175771,34.7976619
806982470,32.1145519,34.7923716
806982538,32.1130234,34.7860324
806982607,32.1066177,34.8045903
806982610,32.1066653,34.8048169
840370986,32.1234422,34.8146227
840371341,32.1225758,34.8179377
840916373,32.1149201,34.8006142
840916377,32.1148545,34.7989273
841613527,32.1133895,34.8007396
841613936,32.1132519,34.7992275
846225440,32.1244171,34.8301901
847958573,32.062026,34.7905248
847958580,32.0619189,34.7905182
847958597,32.0619246,34.7907522
849307551,32.123093,34.8316208
849307622,32.1187127,34.8414712
849307633,32.1154257,34.8418624
849307635,32.1154938,34.8419364
849307639,32.1156235,34.8418166
849307674,32.1106543,34.8418912
849307676,32.1105684,34.8420398
849307681,32.1107967,34.841963
849313316,32.1263436,34.8302204
849338631,32.0659821,34.8028701
849338635,32.0660518,34.8037867
870887825,32.055941,34.7611445
870887828,32.0559414,34.761544
886143282,32.0385287,34.750552
886143319,32.0387915,34.7479377
889984867,32.1009441,34.7751947
900645779,32.0469547,34.7840671
900655290,32.1222753,34.8144239
902736435,32.0674994,34.7646386
902736436,32.0677617,34.7639295
911648722,32.0823282,34.7964792
917228434,32.1181738,34.7871705
918718913,32.1062585,34.8008552
922576795,32.0985743,34.7757662
924450733,32.0557238,34.7564665
924450764,32.055672,34.756604
924516679,32.0413835,34.7753723
924516681,32.0413481,34.7754298
924516714,32.0412414,34.7654393
924516716,32.0411694,34.7654784
924516720,32.0411337,34.7656348
924516725,32.0411767,34.7657089
924516730,32.041291,34.7657361
924516738,32.0413849,34.7655796
924516872,32.0451937,34.7755816
924516883,32.0451129,34.7759829
925632919,32.1201374,34.8039262
925632920,32.1184843,34.8035666
925632921,32.118144,34.803511
935479472,32.037052,34.7464812
937839291,32.067731,34.7660742
939855179,32.0622134,34.7804606
939855181,32.0607036,34.7793901
939855184,32.0611698,34.778229
939855185,32.0614144,34.7775631
939855186,32.0620569,34.7779204
939855189,32.0617749,34.7785132
939855195,32.0622561,34.7788699
939855204,32.0612834,34.7798789
939855205,32.0602444,34.7777487
940859765,32.0494007,34.8119537
940859779,32.0493834,34.8118178
940859925,32.0490605,34.8100493
940859939,32.0492149,34.8101225
940859940,32.0492704,34.8100849
940859951,32.0492661,34.8098501
940859952,32.0491801,34.8098108
940859958,32.0490642,34.8098832
940859961,32.0490477,34.8099261
940860070,32.0503772,34.8054197
940860079,32.0504839,34.8054645
940860114,32.0495967,34.8018483
940860120,32.0496693,34.8017893
940860125,32.0496928,34.8016734
940860127,32.0496485,34.8015794
953967417,32.1214998,34.8024887
958070877,32.1163086,34.7941682
958074236,32.1136404,34.7936274
958076404,32.1144965,34.7950889
958086350,32.1187116,34.7981028
958086367,32.1184283,34.7945062
958441017,32.1162211,34.794812
958441421,32.1146461,34.7938101
958445670,32.1194394,34.7947173
958445675,32.1193308,34.7954203
958446733,32.1189874,34.7953533
961868586,32.1185232,34.8252981
968515103,32.0794414,34.7988139
968515113,32.0781988,34.801033
968515115,32.0776788,34.8018512
968515552,32.0824989,34.7946494
968515553,32.0830187,34.7921041
968515554,32.0825304,34.7944923
968515555,32.0826781,34.7946898
977275666,32.0763283,34.7980927
978358922,32.0531948,34.7538717
978358925,32.0535349,34.7535745
978358950,32.0538205,34.7540255
978369629,32.0521541,34.7554113
978369634,32.0528958,34.7556473
978369656,32.0522938,34.7560636
978369709,32.0529453,34.755099
978369711,32.052911,34.7553713
978369739,32.0534928,34.7551915
978389307,32.0515044,34.7563024
983958272,32.0600963,34.7789311
983958273,32.0593066,34.7802444
983958278,32.0568857,34.7813537
984158857,32.0574183,34.7818212
984206018,32.0572719,34.783063
985869969,32.1106686,34.7891043
985869972,32.1104369,34.7887237
985869973,32.1105145,34.7883113
985870034,32.1100971,34.7889925
985870096,32.1103429,34.7882371
985870098,32.1103277,34.7887841
985870134,32.1110931,34.7860591
985870142,32.1097653,34.7865211
985870183,32.1094073,34.7864592
985870223,32.1093549,34.7869003
985870224,32.1090461,34.7871687
985870397,32.1105522,34.7880231
985870400,32.1104663,34.7879882
985870461,32.1096524,34.7867601
985870462,32.1096584,34.7867223
985870464,32.1095884,34.7865976
985870465,32.1095522,34.786589
985870469,32.1094409,34.7867319
985870472,32.1095233,34.7868429
989278076,32.1159025,34.839074
989278079,32.1175374,34.8379603
989278080,32.1176898,34.8378323
989278081,32.117762,34.8377802
989278106,32.1188477,34.8331538
989295163,32.1193102,34.8328889
1001172514,32.1201321,34.800263
1001172655,32.1207261,34.7994138
1001172663,32.119084,34.7990731
1001172692,32.1199537,34.8013724
1001172693,32.1211771,34.7994925
1001172699,32.1215034,34.797238
1001172701,32.1211488,34.7997513
1001172772,32.1211669,34.7959895
1001172788,32.12079,34.8015073
1001172791,32.1189526,34.8000622
1001172793,32.1201017,34.7948715
1033189321,32.100069,34.7884469
1033189350,32.100774,34.7873828
1049970007,32.1183779,34.8404971
1049970015,32.1191869,34.8388367
1049970039,32.1192124,34.8396164
1049970046,32.1190359,34.8396264
1049970057,32.1162688,34.8394985
1049970089,32.1186729,34.8382381
1058561525,32.0865765,34.7912668
1064391618,32.0967471,34.7927112
1064391656,32.096787,34.7928845
1064391672,32.096926,34.792797
1064391683,32.0961445,34.790495
1064391748,32.0961035,34.7903311
1064391797,32.0959785,34.7905039
1064391872,32.0968467,34.7928931
1083453617,32.0631446,34.7662908
1083454176,32.0628185,34.765358
1100306330,32.1205179,34.8190998
1101781785,32.1220784,34.8210897
1101782936,32.1230363,34.8227968
1102002591,32.1223117,34.81363
1102002594,32.1223437,34.8129323
1102085491,32.1223716,34.8123246
1102085495,32.12265,34.8123506
1102085499,32.1226031,34.8129594
1102085501,32.1225357,34.8136584
1102295032,32.1216668,34.8214408
1103258326,32.1027162,34.8059538
1103798065,32.1076659,34.8273448
1103798079,32.1072869,34.8280891
1103801184,32.1069381,34.8294223
1104322360,32.0855313,34.7965517
1104333892,32.0817743,34.7959521
1104534232,32.11256,34.7928839
1104534249,32.1109205,34.7926088
1104534276,32.1121587,34.7925253
1104543065,32.1003972,34.7931622
1104543089,32.099795,34.7927946
1104543102,32.1002981,34.7933903
1104543123,32.0998287,34.7937946
1104543125,32.099282,34.793404
1104543129,32.0996047,34.7928245
1104549345,32.1122958,34.7899153
1104549396,32.1119193,34.7895222
1104550226,32.1221589,34.7944353
1104591195,32.1115153,34.7974997
1104837187,32.073487,34.7912989
1104837244,32.0741935,34.7908888
1106575005,32.0476758,34.7844627
1107288392,32.0777312,34.7925595
1107288395,32.0790802,34.793319
1107292317,32.0755397,34.7834448
1107292327,32.0754903,34.781734
1107292343,32.0764651,34.7874962
1107293658,32.0779893,34.7929208
1107293669,32.0769264,34.7888718
1107315932,32.116204,34.8255691
1107315933,32.1159463,34.8254465
1107315939,32.1160974,34.8238033
1107315941,32.11696,34.8217206
1107315943,32.117701,34.8201015
1107315945,32.1183094,34.8187128
1107315949,32.1181216,34.8182331
1107315954,32.1182416,34.8186011
1107315959,32.118653,34.8185368
1107315960,32.118516,34.8177749
1107315965,32.1180689,34.8180606
1107315967,32.1185518,34.8180506
1107315974,32.1186626,34.8183971
1107317176,32.1062765,34.8046691
1116119355,32.0462196,34.8031202
1116119359,32.0476216,34.8012427
1116119361,32.0477246,34.8004487
1116119362,32.0474252,34.8023413
1116119363,32.0478753,34.8024319
1116119368,32.0484902,34.8037206
1116119370,32.0475393,34.8041004
1116125842,32.0468819,34.8028161
1116125846,32.0469638,34.8022392
1116125861,32.0468796,34.8022233
1116125956,32.0473593,34.8029127
1116127194,32.0481033,34.8024782
1116134811,32.0481336,34.8072299
1116134835,32.0476683,34.8049741
1116134848,32.0481903,34.805846
1116134850,32.0476415,34.8058844
1116140692,32.0488257,34.8044147
1116162215,32.0458878,34.8057062
1116164277,32.0484685,34.8058234
1116168640,32.0481931,34.8062058
1116170435,32.0477347,34.8035554
1116194458,32.0463601,34.8065886
1116194467,32.047811,34.8093313
1116195065,32.0479254,34.8101806
1116195612,32.0464726,34.8083946
1116198683,32.0468498,34.8083313
1116198695,32.0471143,34.8075171
1119277235,32.0772438,34.7894261
1121332751,32.1167864,34.8276835
1121649521,32.058309,34.783929
1121709435,32.0570642,34.7788938
1121709466,32.0541151,34.7863772
1122085761,32.079767,34.7885705
1122085779,32.0828398,34.7889997
1122085780,32.0804362,34.7886631
1122432830,32.0583007,34.7840903
1123297110,32.1122002,34.8253987
1125956494,32.1212421,34.7950019
1125973070,32.1180544,34.7993881
1125973102,32.1171922,34.8008268
1125973135,32.1181414,34.7993376
1125973172,32.1161087,34.8006654
1125973225,32.1182205,34.801662
1125973230,32.1173218,34.8000357
1125973241,32.1148417,34.7972401
1125973305,32.1173163,34.7986776
1125973319,32.1174191,34.7993299
1125973324,32.1181444,34.8016432
1126009585,32.1171496,34.8011851
1126010133,32.1167132,34.8004434
1127659131,32.1041131,34.7979899
1127659147,32.1065508,34.8007738
1127659175,32.1030112,34.7945755
1127669612,32.1074319,34.8057158
1127788258,32.1201252,34.8003866
1127788262,32.1189518,34.8001824
1127856902,32.1189718,34.8181267
1128602855,32.114158,34.8416793
1128602912,32.1150107,34.8433647
1128602921,32.1140477,34.8424296
1128602941,32.1145026,34.8432693
1128633104,32.1149694,34.8416835
1128633109,32.1148344,34.8425938
1131244786,32.1433862,34.792213
1131410801,32.1288825,34.7937784
1133488002,32.1302592,34.7942647
1135232949,32.1052802,34.7944499
1135283061,32.1099988,34.798206
1135283070,32.1101285,34.7982641
1135283105,32.110132,34.7983416
1135292845,32.1072098,34.7970807
1136844784,32.1212048,34.8022672
1136844819,32.1213323,34.8025024
1137215947,32.1034147,34.8000309
1137262083,32.1081715,34.8019455
1139743596,32.1013519,34.7841034
1139743655,32.10089,34.782994
1139743878,32.0994596,34.7845066
1140776403,32.106075,34.8012641
1140776585,32.1053647,34.801794
1140776587,32.1057992,34.801498
1141153335,32.1235853,34.8086735
1141171918,32.1220675,34.8029289
1141733757,32.1237587,34.8099905
1141926339,32.1231959,34.7910139
1141926340,32.1228595,34.7914099
1141926343,32.1235154,34.7915466
1141926352,32.1232976,34.7911314
1141926354,32.1230362,34.7919706
1141926375,32.1231509,34.7921121
1141926378,32.1228112,34.7916038
1141926383,32.1235446,34.7917558
1141932984,32.1168407,34.7928605
1141933016,32.1128412,34.7913117
1143491616,32.1030179,34.7937425
1143763231,32.0458817,34.7487906
1143763244,32.0415616,34.7523281
1143763266,32.045463,34.7508749
1143763276,32.0413881,34.7541158
1143763279,32.0473885,34.7558525
1143763323,32.0402698,34.7534623
1143763328,32.0404202,34.749282
1143763330,32.0398338,34.7551865
1143763337,32.0406282,34.7520509
1143763339,32.0441971,34.7535606
1143763352,32.040784,34.7513652
1143763362,32.0389111,34.7514704
1143763370,32.0380064,34.7484775
1143763373,32.0407092,34.7537455
1143763381,32.0398304,34.7490882
1143763384,32.0388543,34.7487193
1143763405,32.0378303,34.7531371
1143770881,32.0552918,34.7611172
1143770884,32.0545633,34.7621878
1143770888,32.051269,34.7700995
1143770896,32.0494251,34.7734663
1143770907,32.0552487,34.7615568
1143770908,32.0525887,34.7658014
1143770921,32.0540949,34.7629997
1143770931,32.0512416,34.7702029
1143770935,32.0527377,34.7624069
1143770950,32.0526933,34.7654919
1143770964,32.0527396,34.7653642
1143925326,32.1106877,34.8019761
1143925330,32.1104219,34.8017226
1143925333,32.1106812,34.8017085
1144043816,32.1412054,34.8012822
1144043820,32.1432631,34.8020415
1145067595,32.1158741,34.7998857
1145067598,32.1162347,34.7999164
1147945621,32.1107766,34.8037004
1147945624,32.1107611,34.8017061
1147954803,32.1028273,34.8063587
1147954812,32.1033052,34.8062248
1152351213,32.1124636,34.7918165
1152351333,32.1121315,34.792326
1152351364,32.1035716,34.7892847
1152351378,32.1113612,34.7913998
1152556206,32.1219612,34.7849817
1152556268,32.1210096,34.7843474
1152595908,32.1110321,34.8134518
1152595949,32.1111536,34.8131857
1152596031,32.1105548,34.8148305
1152596150,32.1109731,34.8136288
1154683176,32.0717449,34.7899112
1154683189,32.0754293,34.7913048
1155637849,32.1280449,34.8287066
1155637851,32.1277086,34.8293026
1155637956,32.1281809,34.8287398
1156243065,32.1273512,34.8303091
1156243178,32.1270246,34.8298975
1156243184,32.1261682,34.8264444
1156243208,32.1277456,34.829324
1156243302,32.1273496,34.8299199
1156243378,32.1269202,34.8302135
1156243430,32.12639,34.8270399
1156251700,32.1266709,34.8269277
1156938320,32.1257138,34.7981542
1156944911,32.1212754,34.8021388
1156944947,32.1214242,34.8020018
1157422958,32.1169829,34.7920935
1157422967,32.1169516,34.7922499
1157432871,32.1169869,34.7904298
1157434450,32.1188723,34.7924035
1157437088,32.117538,34.7929349
1163041943,32.1232394,34.7965215
1163053962,32.1247502,34.80269
1164229428,32.1158634,34.8250174
1164229440,32.1163205,34.8254333
1164229461,32.1190157,34.8254282
1164229476,32.1220053,34.8248752
1164229489,32.1155834,34.8254185
1164229493,32.1186894,34.8254495
1164229504,32.1188879,34.825533
1164229505,32.1159547,34.8250073
1164229512,32.1187731,34.8255215
1164290282,32.1214339,34.8223106
1164290664,32.1183567,34.8227294
1164290854,32.118367,34.8228359
1164290873,32.1184916,34.8227037
1164290876,32.118466,34.8228635
1164615693,32.1147944,34.8208074
1164615699,32.1149178,34.8203499
1164615700,32.1146367,34.8213273
1164618519,32.1142015,34.8227981
1164618527,32.1149919,34.8200454
1164618581,32.1123362,34.8252404
1164618588,32.1123731,34.8250953
1164626114,32.1123701,34.8249666
1166167894,32.1112358,34.819674
1166180101,32.1086829,34.818227
1166185469,32.1085469,34.8177272
1166194458,32.1130449,34.82065
1168434907,32.1164254,34.8244548
1168579417,32.1134911,34.8169243
1168579440,32.1138219,34.8169824
1168579465,32.1136219,34.8171065
1168934712,32.1253498,34.826126
1168934731,32.1237715,34.8278289
1168934750,32.1231243,34.8273472
1168934765,32.123864,34.8248643
1168934770,32.1226176,34.8273676
1168934790,32.1225525,34.8257978
1168934793,32.1238215,34.8268794
1168934797,32.1244699,34.8254421
1168934882,32.1225812,34.826917
1168934923,32.1231254,34.8264561
1168934928,32.123817,34.8273193
1168934949,32.1231288,34.8278391
1168934958,32.1243853,34.8259358
1168934960,32.1225449,34.8264717
1168935010,32.1252531,34.8273026
1168935014,32.1231246,34.8269005
1168935046,32.1231313,34.8260399
1168935074,32.123769,34.8260378
1168935098,32.1245832,34.8263992
1168935124,32.1253205,34.8273725
1168935142,32.122713,34.8282366
1168935143,32.1253604,34.8273059
1168935321,32.1243092,34.8253263
1168935341,32.1245594,34.8273014
1168935349,32.1256638,34.8273247
1168935375,32.1249391,34.8263751
1168935491,32.1253211,34.8272495
1168935499,32.1225472,34.8260495
1168935533,32.1225494,34.8250824
1168935536,32.123853,34.8257536
1168974043,32.1238669,34.8304038
1168974126,32.1240391,34.8313479
1168996547,32.1240107,34.8390951
1170452313,32.119268,34.8293831
1170469323,32.1148725,34.8329362
1170469329,32.1089676,34.8313231
1170469423,32.1081101,34.8311687
1170469452,32.1073062,34.8313535
1170469470,32.1087252,34.8311915
1170469599,32.1074943,34.8311041
1170469620,32.1077272,34.8314177
1170498302,32.1123458,34.8332587
1170498423,32.1102949,34.8328583
1170498425,32.1098255,34.8324816
1170510750,32.113721,34.8361479
1170511069,32.1148678,34.8366839
1171608216,32.1068845,34.8306645
1171608313,32.1070359,34.8296346
1171649160,32.113247,34.8372272
1171649191,32.1134037,34.8349313
1171695688,32.1197785,34.8394644
1171698753,32.1176462,34.8376795
1172268773,32.1240353,34.8380987
1172287120,32.0367261,34.7606416
1172343443,32.1240755,34.8380966
1177208798,32.1234803,34.8246718
1177208803,32.1227412,34.8257883
1177208830,32.1247573,34.8257479
1177208837,32.1227447,34.8250677
1177208882,32.1235006,34.8257616
1177208891,32.1230893,34.8248564
1179563880,32.0922149,34.7788744
1179563881,32.0928183,34.7789615
1187529982,32.1250477,34.834172
1187530011,32.1246861,34.8344105
1187565410,32.1231231,34.8279897
1187565519,32.1225701,34.8288542
1187565551,32.1230223,34.8282468
1187565574,32.1224607,34.8287577
1187565588,32.1225336,34.8286101
1187609449,32.123127,34.8282644
1187609478,32.1237368,34.8282637
1187609480,32.1237221,34.8287088
1187609481,32.1231331,34.8286956
1187609484,32.1231134,34.8257715
1187703909,32.0650127,34.7784505
1187703941,32.0646314,34.7773171
1187703953,32.0660829,34.7788485
1187703954,32.0656869,34.7787355
1187703962,32.0641169,34.7780957
1187703963,32.064383,34.7781979
1187734218,32.0796038,34.777679
1188072657,32.1099501,34.7983482
1188801366,32.1210351,34.8384844
1191621710,32.1224993,34.7933387
1192436472,32.1106971,34.807225
1192436474,32.1104628,34.8071643
1192436484,32.1106529,34.8074137
1195945656,32.1244532,34.8299085
1198023618,32.0520758,34.75062
1198023631,32.0520621,34.7503266
1198031707,32.0507308,34.7507096
1198031710,32.0503656,34.7508542
1198031725,32.0492877,34.7496709
1198031729,32.0490788,34.7500727
1198031730,32.0482502,34.7510493
1198550804,32.0533408,34.7532987
1199372997,32.0504614,34.7536041
1199373010,32.0512968,34.7542326
1199373028,32.0503525,34.7552086
1199373034,32.0498664,34.7557318
1199373036,32.0514712,34.7546479
1199373039,32.0509238,34.7557973
1199373061,32.0507871,34.7543707
1199373065,32.0511208,34.7583829
1199953162,32.0548345,34.7576774
1199953165,32.0558427,34.7581953
1199953167,32.0550144,34.7577933
1199953171,32.0551684,34.7578605
1199953175,32.0550146,34.7568943
1199953176,32.0548572,34.757086
1199953182,32.0549087,34.7581057
1199953189,32.0546205,34.7573639
1199953193,32.0546299,34.7567657
1199953197,32.0537176,34.7580573
1199953200,32.0547279,34.7580192
1199953205,32.0552118,34.7569602
1199953208,32.0544721,34.7580147
1199956971,32.0540294,34.7585086
1199956973,32.0544122,34.7587651
1199956977,32.0543569,34.7574894
1199976572,32.0561143,34.7576829
1199976577,32.0562279,34.7596484
1199976578,32.0561485,34.7590347
1199976580,32.055536,34.7588984
1199976582,32.056347,34.7589329
1199976594,32.0559128,34.7580135
1200005625,32.0436494,34.7577017
1200005640,32.0381,34.7557269
1200005652,32.0441244,34.7578981
1200005654,32.0596292,34.7601709
1200005657,32.044658,34.7581026
1200005663,32.0382627,34.7557904
1200005672,32.0415297,34.7569924
1200016186,32.0380206,34.7560149
1200016197,32.0360227,34.7544873
1200021235,32.0574836,34.7581778
1200021239,32.0574024,34.7577476
1200021267,32.0576501,34.7585363
1200567498,32.1191491,34.8243702
1200826106,32.1251983,34.831418
1203668142,32.0627786,34.7616464
1203668156,32.0623987,34.7626681
1208799481,32.0561958,34.7604995
1208799483,32.0568589,34.761618
1208799485,32.0565317,34.7610611
1208799489,32.0576243,34.7608028
1208799499,32.0570527,34.7609417
1208799500,32.0564508,34.7604475
1208799502,32.0562724,34.7611007
1208799506,32.0559428,34.7618204
1208799508,32.0566817,34.7604004
1208799516,32.0595144,34.766019
1208799525,32.0583597,34.7637984
1208799532,32.05677,34.7610072
1208924051,32.0480792,34.7547067
1208924144,32.0492487,34.7527326
1209000995,32.0731974,34.7770707
1209001015,32.071804,34.7793644
1212524600,32.1071663,34.826893
1215250895,32.0520703,34.8079677
1215250900,32.0515818,34.8082976
1219532891,32.0505818,34.7502309
1219532896,32.0488879,34.7502722
1224771130,32.0926525,34.7733634
1224771133,32.0927952,34.7734253
1224771134,32.087705,34.771048
1224771137,32.0916168,34.772997
1225576605,32.04705,34.7862694
1225576609,32.0469541,34.7843307
1225577241,32.035763,34.7719012
1228304879,32.0504499,34.7505076
1232931879,32.0550349,34.7639102
1234736931,32.0593797,34.7873503
1234762852,32.0592387,34.7895535
1234762861,32.0591348,34.7837567
1234762870,32.0591429,34.784498
1234762883,32.0586421,34.7839958
1234762884,32.059238,34.7893356
1234762886,32.0595744,34.7843023
1234762903,32.0591562,34.7851775
1234762905,32.0592303,34.7837086
1234762907,32.0592626,34.7871777
1234762916,32.0590628,34.7833148
1234762930,32.0593597,34.7842275
1234762935,32.0593729,34.7846224
1234762937,32.0637136,34.7778709
1234762938,32.0591534,34.7841539
1234762944,32.059218,34.7856534
1234762951,32.0589256,34.7842243
1234762956,32.0596318,34.7844182
1234762962,32.0591498,34.7842862
1234762966,32.0630673,34.7791883
1234762967,32.0624798,34.7797005
1234762968,32.0543789,34.7833876
1238907349,32.0504893,34.8096523
1238907358,32.0523095,34.8057512
1238907366,32.0528894,34.8058117
1238907388,32.0526136,34.8054585
1238907403,32.0510194,34.8071102
1238907435,32.0519723,34.8051637
1238907448,32.0518091,34.8077418
1238907462,32.0522645,34.8050029
1240311902,32.0495473,34.8021667
1240311904,32.0504259,34.8076984
1240311906,32.0492258,34.8079974
1240311907,32.0491483,34.8085075
1240311909,32.0505583,34.8082172
1240311914,32.0507719,34.8088392
1252167833,32.0862903,34.798567
1252167838,32.0853273,34.7976718
1252167844,32.0905722,34.7984997
1252167850,32.0852286,34.7976905
1252167861,32.0891993,34.7983118
1252167870,32.0853127,34.7977581
1252167908,32.0907842,34.7979464
1253870086,32.1046325,34.8035052
1253870087,32.1039255,34.8035341
1253870158,32.1020121,34.8030217
1253870225,32.102105,34.8042004
1257585889,32.0331051,34.7593872
1258970863,32.0462116,34.8106541
1261466808,32.0490879,34.8073866
1261466810,32.0513029,34.8073675
1262551620,32.0505459,34.8007279
1262551628,32.0525471,34.8035375
1271072916,32.0522131,34.8045121
1271072917,32.0526695,34.8045542
1271072918,32.0518591,34.8037127
1271251207,32.0536851,34.8025745
1271251209,32.0535794,34.802688
1271251214,32.0532792,34.8002173
1271251234,32.0540716,34.8038956
1271251240,32.0532885,34.8000599
1271251244,32.0538262,34.8027701
1272411978,32.0612617,34.781319
1272411980,32.0613513,34.7814003
1272411995,32.0592489,34.7869062
1283949630,32.0341972,34.7462209
1283949656,32.0341438,34.7463957
1283949659,32.0342648,34.746331
1283949681,32.0341154,34.7462686
1283949688,32.0341938,34.746409
1286559903,32.0474544,34.7916621
1286559957,32.049977,34.792131
1286564586,32.0474706,34.7923671
1286564600,32.0492087,34.7926411
1286565964,32.047488,34.7926792
1286570779,32.0525235,34.7924625
1286573082,32.052412,34.7927734
1286573083,32.0523487,34.793063
1286573535,32.0534268,34.7936684
1286574438,32.0535038,34.7933192
1286576046,32.0524561,34.7926843
1286577036,32.0525651,34.7922901
1286577043,32.0538328,34.7924053
1286578017,32.0536351,34.7929109
1286578020,32.0535483,34.7931766
1286580183,32.0530575,34.7935834
1286580190,32.053025,34.7937458
1286581437,32.0526683,34.7918157
1286581685,32.0538594,34.7921444
1286582706,32.0539118,34.7917815
1286582721,32.0531912,34.7915708
1287801585,32.0492744,34.7919421
1287801586,32.049306,34.7915897
1287801613,32.0474652,34.7921187
1288165991,32.0505348,34.7905211
1288165992,32.0515814,34.7907763
1288165993,32.0487607,34.7901382
1288165994,32.0525394,34.7911111
1288170843,32.050612,34.7902265
1288170857,32.0488129,34.7898457
1288170880,32.0523797,34.7907496
1288171888,32.0494778,34.7896209
1288171889,32.0493945,34.7902741
1288171890,32.0494517,34.7899495
1288171891,32.0493652,34.7904591
1288174185,32.0514856,34.7912893
1288174775,32.051521,34.7910821
1288176688,32.0518403,34.7908635
1288176710,32.0517263,34.791339
1288177665,32.0490439,34.7891555
1288179878,32.0490934,34.7895644
1288183822,32.0500337,34.7892252
1288183824,32.0497412,34.7891326
1288184320,32.0496353,34.7896514
1288184329,32.0498527,34.7886167
1288185630,32.0506338,34.7889785
1288186954,32.0526178,34.7903919
1288187378,32.0518026,34.7896531
1288187379,32.0526946,34.7899407
1288189633,32.0532367,34.7906068
1288189657,32.0533478,34.7893586
1288189742,32.0534316,34.7883909
1288189866,32.0533122,34.7897582
1288189895,32.0532793,34.7901278
1288192078,32.0537405,34.7884897
1288192090,32.0536472,34.7894543
1288192122,32.0535979,34.7899485
1288192240,32.0535054,34.7906961
1288192673,32.0540389,34.7900527
1288194568,32.0520423,34.7885596
1288195654,32.0533815,34.7889698
1288198949,32.0531807,34.7883216
1288198966,32.0531859,34.7879013
1288198978,32.05319,34.7875626
1288201521,32.0526464,34.7865803
1288201529,32.0526313,34.7877259
1288205413,32.0516169,34.7863236
1288206194,32.0522877,34.7872741
1288209090,32.0517335,34.7869977
1288210120,32.0515231,34.789185
1288210131,32.0519538,34.7871559
1288210319,32.0520262,34.7869035
1288210878,32.0518636,34.7875454
1288211489,32.0514396,34.786849
1288211837,32.0519128,34.7867429
1288213107,32.0509435,34.7885961
1288213108,32.0505793,34.7884898
1288216857,32.0514852,34.7877258
1288216863,32.0508541,34.7874924
1288216874,32.0518026,34.7878451
1288216875,32.0512002,34.7876397
1288217018,32.0504871,34.7873781
1288220956,32.0502869,34.7881939
1288220961,32.0506234,34.7883508
1288220976,32.0499384,34.7883707
1288241809,32.0538573,34.7881119
1288241810,32.0538484,34.7885134
1288241814,32.0538726,34.7875433
1288260896,32.0482273,34.7900434
1288260901,32.0482652,34.7897547
1288260903,32.0481862,34.7904056
1288261441,32.0480849,34.7900146
1288261469,32.0480581,34.7903808
1288264606,32.0478695,34.789968
1288264615,32.0479005,34.7896251
1288267535,32.0457242,34.7888026
1288269538,32.0464556,34.7892436
1288269545,32.0465302,34.7892594
1288270191,32.0455407,34.7909264
1288270306,32.0455625,34.7896776
1288271433,32.04554,34.7913052
1288272042,32.0453181,34.7898033
1288274923,32.0448302,34.7934994
1288275393,32.044759,34.79484
1288275593,32.0452784,34.7951385
1288275770,32.0447815,34.7942841
1288276462,32.0452354,34.794285
1288277018,32.0456717,34.7938711
1288277040,32.0459548,34.7938592
1288277959,32.0459923,34.7943235
1288278993,32.0462449,34.7933597
1288278995,32.0459432,34.7932791
1288280058,32.0448858,34.7924426
1288280059,32.0453913,34.7924658
1288280136,32.0448746,34.7928395
1288280146,32.0455371,34.7928584
1288280693,32.045399,34.7921261
1288282282,32.0439347,34.7930001
1288282581,32.0439306,34.7935707
1288282584,32.0437656,34.7941737
1288286326,32.0443022,34.7947155
1288287375,32.0425161,34.7916602
1288287618,32.0428982,34.7908655
1288287958,32.042839,34.7905507
1288288853,32.0421878,34.7912662
1288290430,32.0432809,34.7909406
1288291481,32.042462,34.7913447
1288291482,32.0426393,34.7913396
1288291836,32.043968,34.7902764
1288291847,32.0443867,34.7906365
1288291848,32.0441435,34.7906441
1288291850,32.0439862,34.7907056
1288293164,32.0455274,34.7957812
1288293376,32.0453952,34.7950989
1290054493,32.0536678,34.7963446
1290054495,32.054032,34.7915701
1290054496,32.0542541,34.7886577
1290058636,32.0540877,34.7909074
1305270022,32.0705312,34.7997732
1305270027,32.0707324,34.8000255
1307099535,32.0421063,34.7798204
1308842259,32.0725436,34.7940883
1308842261,32.07242,34.7950087
1312216029,32.0752506,34.7817657
1312216071,32.0754853,34.7820312
1312216087,32.0820343,34.7945451
1312275190,32.0592008,34.8077411
1312275221,32.0641814,34.7990569
1312275380,32.0594742,34.8079102
1319999663,32.0620234,34.7634945
1319999678,32.0617994,34.7632634
1319999680,32.0612584,34.7627552
1319999683,32.0623259,34.7637714
1319999687,32.0615947,34.7640832
1320003464,32.0624386,34.7644154
1320003468,32.0626641,34.7641085
1342627926,32.0378367,34.7454738
1342627954,32.0377292,34.7458851
1342949242,32.0592136,34.7842027
1342959834,32.0726007,34.7751521
1342959838,32.0728645,34.7745797
1359001984,32.055908,34.785638
1365179182,32.0625427,34.7968551
1365179183,32.0625553,34.7973677
1365179184,32.0638859,34.79688
1365179185,32.0625116,34.7961982
1366372683,32.0616821,34.7921046
1366372685,32.0608574,34.7920789
1366372687,32.0642364,34.7921939
1366372695,32.059259,34.7920448
1366372698,32.0642171,34.7923225
1382676544,32.047056,34.7859745
1383600399,32.0628548,34.7668303
1383600400,32.0615575,34.7670513
1383600402,32.0611094,34.7653931
1383600403,32.0613774,34.7671458
1383600404,32.0601667,34.7671504
1383600407,32.0629666,34.7657839
1383600412,32.0609131,34.7655086
1383600413,32.0607012,34.7656214
1383600414,32.0604103,34.7678515
1383600416,32.0632806,34.7666394
1383607564,32.0598007,34.7641675
1387191993,32.0734785,34.7860774
1390474308,32.0643133,34.7922083
1390478152,32.0715246,34.7948154
1404447602,32.0567234,34.7635661
1411567095,32.0747662,34.7949308
1411567096,32.074422,34.7942826
1411567097,32.0754722,34.7952035
1411567099,32.0756774,34.7947697
1428948170,32.0653451,34.7898699
1428948174,32.0653888,34.7896094
1435925457,32.0528033,34.7641495
1435925458,32.0518041,34.7645856
1439598793,32.0386238,34.7779464
1449561809,32.0494948,34.7733495
1458945514,32.0368713,34.7616708
1458945605,32.0375928,34.7621368
1458945625,32.0376316,34.7620263
1458980333,32.0354381,34.7692352
1458980339,32.0355568,34.7693027
1458980341,32.0357288,34.7695438
1458980343,32.0358249,34.7692595
1460805610,32.1226518,34.7945358
1460805613,32.1225702,34.795011
1468749493,32.0854477,34.7965755
1473050781,32.0692716,34.7870991
1474027237,32.0436907,34.755688
1474027244,32.0420676,34.7562222
1474027252,32.0434549,34.7554278
1474027253,32.0431747,34.7565927
1474027257,32.0434616,34.7567007
1474027260,32.0411546,34.7522183
1474027263,32.0375162,34.7504788
1474027264,32.042358,34.7550338
1474027265,32.0413922,34.7535429
1474027266,32.0425838,34.7563953
1474027267,32.0428612,34.7552144
1474027271,32.0426138,34.7551288
1474027272,32.0429278,34.7565114
1474027273,32.0432245,34.7553448
1474027277,32.0387403,34.7521166
1474027278,32.0377306,34.7502171
1474027281,32.0442967,34.7557062
1474027284,32.0423348,34.7563151
1474027527,32.0384297,34.74686
1474027548,32.0404573,34.7527341
1474029217,32.0411204,34.7539358
1474029219,32.0427935,34.7522652
1474029222,32.0427341,34.7519694
1474029231,32.0436566,34.7519946
1474030742,32.0455593,34.7504528
1474030756,32.0434111,34.7529327
1474030757,32.048732,34.750479
1474030759,32.0471128,34.7500813
1474030762,32.0479233,34.7500109
1474030763,32.0472338,34.7504654
1474030765,32.0439774,34.750333
1474030766,32.0471771,34.7508643
1474030771,32.0430044,34.7519956
1475412131,32.1125146,34.7902623
1475412137,32.1130859,34.7897275
1475412154,32.116953,34.7918053
1512098472,32.0598314,34.7965559
1512100112,32.0600098,34.7978013
1528640614,32.0592233,34.7965524
1528640620,32.0600369,34.7946553
1546447339,32.1295461,34.7926115
1551409214,32.1031527,34.8072946
1551409219,32.1031069,34.8063536
1554860966,32.1160132,34.7908731
1562944328,32.0436792,34.7760248
1562944335,32.0444389,34.7746894
1562944338,32.040847,34.7800076
1562944348,32.041289,34.7783585
1562944356,32.0459839,34.7823861
1562944360,32.0405157,34.7788439
1562944374,32.0399889,34.7770992
1562944375,32.0415791,34.7806267
1562944376,32.0426925,34.7754147
1562944380,32.0432309,34.7759957
1562944383,32.042315,34.781636
1562944394,32.0415843,34.7796283
1562944412,32.0440636,34.7758926
1562944414,32.0405598,34.7759283
1562944425,32.0431382,34.7806162
1562944432,32.0403236,34.7781546
1562944433,32.0430276,34.7740682
1562944435,32.0423697,34.7800832
1562944443,32.0428133,34.7741576
1562944449,32.0411295,34.7802422
1562944450,32.0403817,34.7796127
1562944459,32.0453124,34.7822739
1562944466,32.0401034,34.7791183
1562944467,32.044391,34.77453
1562944470,32.0405889,34.7758719
1562944471,32.0428284,34.7804425
1562944476,32.0407884,34.7755283
1562944481,32.0440975,34.7741151
1562944483,32.0403142,34.7764111
1562944485,32.0425624,34.7817722
1562944502,32.0418406,34.7808408
1562944504,32.0417704,34.7793622
1562944514,32.0398285,34.7778863
1562944516,32.04112,34.7772057
1562944527,32.0411523,34.7778293
1563559694,32.0695522,34.7827893
1563756403,32.042797,34.7721761
1563756412,32.0426687,34.772379
1563756417,32.0434543,34.7727408
1563756422,32.0436999,34.7739175
1563756432,32.0428482,34.7757259
1563756436,32.0438728,34.7746916
1563756438,32.0432614,34.7739597
1563756444,32.0432825,34.7734403
1563756449,32.0423747,34.7747557
1563756451,32.0423674,34.7744639
1563756462,32.0422729,34.7730687
1563756497,32.0414754,34.7748964
1563756498,32.0430926,34.7769101
1563756499,32.0427088,34.7735396
1563756503,32.0425905,34.7737257
1563756505,32.0421019,34.773322
1563756534,32.0433396,34.7745184
1563756536,32.0436825,34.7754413
1563756537,32.0442041,34.7739302
1563756538,32.0443906,34.7754696
1563756546,32.0444622,34.7750173
1563756564,32.0441476,34.7758094
1563756566,32.0433738,34.7729497
1563756568,32.0420587,34.7747798
1563756578,32.0431002,34.775235
1566055007,32.0480645,34.7757133
1566055014,32.0464674,34.7792898
1566055193,32.0491508,34.7733738
1566055250,32.045556,34.77944
1566055308,32.0424603,34.7782705
1566055318,32.044669,34.7807873
1566055385,32.0413431,34.7757135
1566055410,32.0451983,34.7791657
1566055430,32.0466221,34.778667
1566055462,32.0475432,34.7769007
1566055501,32.04395,34.7801594
1566055516,32.047067,34.7821625
1566055576,32.0415656,34.7769401
1566055621,32.0421993,34.7786763
1566055648,32.0458899,34.7753402
1566055679,32.046626,34.7757187
1566055730,32.0417905,34.7772752
1566055804,32.0453966,34.7798514
1566055893,32.0424678,34.7774734
1566055903,32.0427406,34.7779766
1566055928,32.0485189,34.775796
1566055935,32.0468745,34.7765462
1566055966,32.0451438,34.7791143
1566056083,32.0453215,34.7798156
1566056097,32.0448871,34.7795915
1566056116,32.0451742,34.7807374
1566056124,32.0462787,34.7785382
1566056185,32.0447679,34.7795158
1566056268,32.0486524,34.7758602
1566056312,32.0477598,34.7759721
1566056345,32.0448619,34.7772592
1566056363,32.0440543,34.7786735
1566056374,32.042089,34.7785633
1566056503,32.0456958,34.7795139
1566056539,32.0455301,34.7761002
1566056541,32.0455661,34.7786413
1566056552,32.044367,34.7793094
1568022370,32.0480795,34.7791635
1568022373,32.0493008,34.7761072
1568022386,32.0505766,34.7784229
1568022392,32.04957,34.7796708
1568022394,32.05017,34.7780276
1568022401,32.0503371,34.7741378
1568022409,32.0509286,34.7765822
1568022418,32.0491982,34.7795314
1568022419,32.0504065,34.7738216
1568022429,32.0495968,34.7773503
1568022437,32.0508548,34.7766479
1568022447,32.0513421,34.7741255
1568022450,32.0494983,34.7805005
1568022453,32.0509867,34.7766019
1568022456,32.0490509,34.7794754
1568022457,32.048595,34.7793258
1568022473,32.0510215,34.7766835
1568022477,32.0488338,34.7766794
1568022485,32.0497243,34.7797415
1568022489,32.0489576,34.7779656
1568022537,32.0506796,34.7748384
1568022539,32.0508702,34.7767497
1568022547,32.050987,34.7828432
1568022550,32.0513945,34.7744696
1568022559,32.0502261,34.7778594
1568022563,32.0490893,34.7768036
1568022606,32.050211,34.7746839
1568022608,32.0490227,34.780289
1568022610,32.0496556,34.7770405
1568022618,32.0500326,34.7774793
1568022619,32.0509701,34.7767764
1569154963,32.0489768,34.7811961
1569154969,32.0490099,34.7808312
1569154972,32.0485178,34.7829355
1569154975,32.0474866,34.7832135
1569154977,32.0474771,34.7823682
1569154981,32.0489243,34.7817411
1569154985,32.0486866,34.7837388
1569154989,32.0487815,34.7829796
1571655983,32.0544179,34.7777331
1571656007,32.0518871,34.7794236
1571656024,32.0528169,34.7811627
1571656053,32.0538055,34.781859
1571656057,32.0512092,34.7756346
1571656101,32.0523628,34.7770944
1571656126,32.0500163,34.7825447
1571656170,32.05419,34.7783594
1571656174,32.0537973,34.7809098
1571656197,32.0533029,34.7803804
1571656214,32.051868,34.7769313
1571656217,32.054969,34.7742973
1571656241,32.0534967,34.7833423
1571656249,32.0516138,34.7760697
1571656251,32.0544722,34.7822882
1571656287,32.0546298,34.7823338
1571656289,32.0525253,34.7760225
1571656292,32.0528027,34.7838243
1571656318,32.0508095,34.7772899
1571656326,32.0535862,34.7769142
1571656328,32.0520643,34.7811096
1571656330,32.0534474,34.7758422
1571656331,32.0521014,34.7759025
1571656353,32.0554932,34.7758618
1571656363,32.0545718,34.7766929
1571656390,32.0544513,34.7752533
1571656392,32.0546977,34.7761107
1571656393,32.05172,34.7752976
1571656394,32.0544307,34.7829139
1571656397,32.0522369,34.7777237
1571656399,32.0508426,34.7790571
1571656402,32.0527933,34.7746352
1571656418,32.0520522,34.7817443
1571656420,32.0530289,34.7756864
1571656422,32.0544533,34.7771764
1571656424,32.0521389,34.7789641
1571656429,32.051918,34.7743354
1571656446,32.0528742,34.7798862
1571656449,32.0532197,34.7747697
1571656459,32.0513985,34.7805544
1571656468,32.0534743,34.7840107
1571656499,32.0533285,34.778077
1571656513,32.0532488,34.7811944
1571656514,32.0543416,34.7832813
1571656550,32.0516253,34.7806107
1571656551,32.0514442,34.7767843
1571656553,32.0513196,34.775173
1571656573,32.0537921,34.7759707
1571656575,32.0523269,34.7744798
1571656577,32.0524537,34.776556
1571656581,32.0528161,34.7833238
1571656582,32.05374,34.7812356
1571656588,32.0515909,34.7787885
1571656591,32.0523799,34.7806153
1571656619,32.053686,34.7764134
1571656621,32.0545744,34.7824846
1571656623,32.0547948,34.7822819
1571656641,32.0548886,34.7754937
1571656653,32.0512751,34.7811957
1571656673,32.0536391,34.7749273
1571656678,32.0526077,34.7755562
1571656685,32.051477,34.7792719
1571656696,32.0522285,34.779529
1571763562,32.0546399,34.7783309
1571763570,32.0542583,34.7785283
1571763624,32.0555281,34.7786749
1571763626,32.0578331,34.7771746
1571763695,32.057334,34.7766546
1571763771,32.0556124,34.7777702
1571763825,32.0549902,34.7787553
1571763907,32.0549959,34.7784652
1571763963,32.0547477,34.7790343
1571763966,32.0551516,34.7795377
1571764003,32.0553903,34.7762131
1571764034,32.0544359,34.7809118
1571764061,32.0553175,34.7791523
1571764066,32.0544688,34.7775046
1571764097,32.0587931,34.7734215
1571764159,32.0572408,34.7768235
1571764197,32.05498,34.7776245
1571764243,32.0566215,34.7764733
1574582406,32.0578989,34.7832549
1574582410,32.0608405,34.7768503
1574582418,32.0620513,34.7804562
1574582419,32.0589264,34.7835683
1574582425,32.0604294,34.7791903
1574582446,32.0584652,34.7817538
1574582460,32.0608131,34.7794824
1574582479,32.0567748,34.7817931
1574582502,32.0624936,34.7780154
1574582513,32.0618396,34.7806863
1574582517,32.0618198,34.780286
1574582521,32.0626867,34.778227
1574582531,32.060581,34.7759266
1574582542,32.0578895,34.7836737
1574582562,32.0580316,34.7818857
1574582578,32.0605729,34.776488
1574582596,32.0632211,34.7792478
1574582628,32.0628037,34.7794938
1574582646,32.0631491,34.7790979
1574692546,32.050552,34.7732876
1574692554,32.0495827,34.7731945
1574692580,32.055728,34.7741778
1574692585,32.0504771,34.7732676
1574692600,32.0527614,34.773297
1574692602,32.0523508,34.7727295
1574692603,32.0522908,34.7730746
1574692632,32.0543141,34.773292
1574692643,32.0544054,34.77333
1574692653,32.0530229,34.773502
1574692654,32.0532788,34.772283
1574692656,32.0538759,34.7731821
1574692660,32.0609426,34.7772735
1574692678,32.0562653,34.7744105
1574692681,32.0603913,34.7760042
1574692716,32.0506671,34.7714659
1574692724,32.0506918,34.7715757
1574692726,32.0540845,34.7722426
1574692729,32.058608,34.7753735
1574692732,32.053132,34.7729398
1574692739,32.050465,34.7736604
1574692741,32.0562919,34.7727705
1574692749,32.0505856,34.7725742
1574692751,32.0548148,34.77342
1574692755,32.0492215,34.7732507
1574692788,32.0620347,34.7759464
1574692795,32.0548001,34.7729972
1574692797,32.0522293,34.773409
1574692800,32.0563175,34.7755841
1574692809,32.0627192,34.777593
1574692813,32.0504323,34.7728565
1574692820,32.0506281,34.7723501
1574692830,32.0494221,34.7737517
1574692851,32.0528414,34.7744678
1574692853,32.0522228,34.7742648
1574692856,32.0529666,34.7737953
1574692863,32.0492643,34.7737817
1574692870,32.0497552,34.7735889
1574692874,32.0573707,34.774871
1574692885,32.0559866,34.7735324
1574692888,32.0626683,34.7784313
1574692892,32.0541895,34.7741604
1574692916,32.0561086,34.7743427
1574692918,32.0580503,34.7732269
1574692929,32.0540837,34.7725219
1574697984,32.0549976,34.7845235
1575610956,32.040506,34.7705722
1575610981,32.0404289,34.7700517
1575610986,32.0384003,34.7733878
1575611010,32.0399253,34.7696875
1575611030,32.0397161,34.7711985
1575611063,32.0414272,34.771092
1575611073,32.0398557,34.7696753
1575611075,32.0426694,34.7716202
1575611104,32.041597,34.7706412
1575611105,32.0417107,34.7703462
1575611151,32.0404636,34.7697669
1575611198,32.0391427,34.7763067
1575611200,32.0404201,34.774933
1575611204,32.0431704,34.7704971
1575611238,32.042173,34.7714207
1575611300,32.0372816,34.7749649
1575611314,32.0411424,34.7664279
1575611385,32.0410457,34.7663913
1575611440,32.0426767,34.7705773
1575611474,32.0405606,34.7697127
1575611484,32.0417921,34.7700755
1575611492,32.0426799,34.7712444
1575611536,32.0404706,34.7696587
1575611570,32.0422916,34.7718692
1575611573,32.0414742,34.7709332
1576677494,32.0444381,34.7835247
1576677714,32.0467639,34.7854255
1589498340,32.0470073,34.7518382
1589498342,32.0471429,34.751092
1589498344,32.0450744,34.7490176
1589498355,32.0476526,34.7506589
1589498356,32.0486568,34.7505863
1589498360,32.0480118,34.7518546
1617025423,32.0525183,34.7723348
1622273902,32.0855154,34.7950784
1622273920,32.0857543,34.7948756
1622414562,32.0849316,34.7748853
1622664278,32.0898427,34.7723702
1623602566,32.0845106,34.7865593
1628415504,32.0656138,34.76656
1628415505,32.0661938,34.7677751
1628415506,32.0652008,34.7673181
1628415509,32.0647331,34.7672492
1628415510,32.0642052,34.7674016
1628415520,32.0643141,34.7670569
1628415522,32.065662,34.7677773
1628415525,32.0620847,34.762318
1628415533,32.0615909,34.7630689
1628415535,32.0612641,34.7635079
1628415536,32.0667425,34.7670452
1628415537,32.0661309,34.7671062
1628430687,32.0595662,34.7693194
1628430688,32.0587125,34.7694584
1628430689,32.0579827,34.7695673
1628430692,32.0576882,34.7670528
1628430710,32.0602062,34.7691959
1628430713,32.0582995,34.7682298
1628430716,32.0567746,34.7695858
1628430720,32.0581161,34.7724135
1628430723,32.0588704,34.7726404
1628430724,32.060618,34.7730648
1639846256,32.0743963,34.7834405
1639846259,32.0745001,34.7835462
1643304637,32.07701,34.7795236
1643308435,32.0670726,34.7760137
1643374968,32.1215733,34.7936171
1645591870,32.0516522,34.765267
1671579955,32.0655099,34.7889518
1671579956,32.0656449,34.788148
1671579957,32.0657959,34.7873015
1671579959,32.0664895,34.7898427
1671579960,32.0666018,34.7891822
1671579961,32.06672,34.788394
1671579962,32.0668332,34.7876795
1671579963,32.0668975,34.7911004
1671579965,32.0674329,34.787871
1671579967,32.0677761,34.7897737
1671579968,32.0681323,34.7918091
1671579969,32.0682426,34.7909803
1671579970,32.068395,34.7899072
1671579971,32.068566,34.788702
1671579972,32.0686193,34.788327
1671579973,32.0686313,34.7920012
1671579974,32.06877,34.7910799
1671579975,32.0689122,34.7900002
1671579977,32.0691793,34.7880099
1671579979,32.0693125,34.7911891
1671579982,32.0698938,34.7912958
1671579985,32.0700354,34.7902286
1671579989,32.0704955,34.7923931
1671579990,32.0706181,34.7914563
1671579991,32.0707613,34.7903615
1671579992,32.0712841,34.7923607
1671579993,32.0713795,34.7916092
1671579994,32.0714199,34.7914241
1671579995,32.0716187,34.7905011
1672108864,32.0651249,34.8039494
1672108865,32.0652222,34.8045646
1672308816,32.0773854,34.777799
1672351151,32.0704972,34.778926
1672351158,32.0571224,34.7678622
1672351167,32.0572267,34.769563
1672351169,32.0698781,34.7811784
1678949693,32.0632248,34.8035792
1678949700,32.0632816,34.8037049
1678949726,32.0642045,34.7992292
1678949742,32.064377,34.7918144
1678949744,32.0646434,34.7922759
1678949751,32.0649331,34.7888566
1678949779,32.0660474,34.7838215
1678949791,32.0680167,34.7831451
1678949792,32.0686245,34.7830001
1678949804,32.0694501,34.7901137
1678949806,32.0693037,34.7829644
1678949808,32.069302,34.7828543
1678949818,32.069621,34.782876
1683209667,32.0677234,34.7799387
1683214076,32.0972846,34.7759848
1688171004,32.0619607,34.7919898
1688171007,32.0620464,34.7895579
1688171015,32.0600287,34.7993502
1688171016,32.0626749,34.7979281
1688171017,32.0608233,34.7938284
1688171020,32.0535146,34.788419
1688171038,32.0620809,34.7882925
1688171040,32.0633035,34.789006
1688171043,32.0609225,34.7919724
1688194231,32.0600617,34.7893582
1688194239,32.0592323,34.8004711
1688194246,32.0593917,34.7856965
1688194293,32.0591528,34.7993999
1688194303,32.0591997,34.7946397
1688194324,32.0586123,34.789326
1688194327,32.0637101,34.79074
1688194329,32.0631522,34.7947567
1688194355,32.0601042,34.7895797
1688194367,32.0641056,34.7908346
1688194369,32.0600554,34.7874065
1689353108,32.0587169,34.8106241
1689353150,32.0588284,34.8106511
1689353223,32.0663681,34.8027227
1689353241,32.0667065,34.8026908
1692356596,32.1104936,34.8378242
1692356598,32.1069449,34.8331154
1692356608,32.1068212,34.8331201
1695278923,32.0541476,34.7885803
1695278924,32.0646983,34.7960823
1695278936,32.064705,34.7965188
1695278937,32.0647634,34.7948458
1695278938,32.0648156,34.7979703
1695278939,32.0650649,34.7924917
1695278940,32.0650871,34.7923746
1695278941,32.0652358,34.7964646
1695278942,32.0657006,34.7964265
1695278944,32.065787,34.7979368
1695278955,32.0660122,34.7938607
1695278958,32.0662007,34.7964736
1695278960,32.0664923,34.7997453
1695278964,32.0665831,34.800994
1695278965,32.0666358,34.8017186
1695278975,32.0667093,34.7965624
1695278976,32.0666892,34.7960328
1695278977,32.0667386,34.7951518
1695278978,32.066847,34.7940241
1695278979,32.0670495,34.8009145
1695278980,32.0670716,34.7988915
1695278983,32.0675315,34.7978851
1695278985,32.0675908,34.7965987
1695278986,32.0678959,34.8008675
1695278987,32.0680185,34.797932
1695278989,32.0681058,34.7966516
1695278990,32.068492,34.79802
1695278991,32.0686676,34.7967695
1695278995,32.0694346,34.7982816
1695278996,32.069706,34.7970672
1695278998,32.0697286,34.8003607
1695279001,32.069874,34.7984352
1695279002,32.0701146,34.7902434
1695279003,32.0701072,34.7889948
1695279005,32.0702017,34.7972347
1695279007,32.0703621,34.7986041
1695279008,32.0707367,34.7974557
1695279009,32.0708615,34.7895954
1695279012,32.0714309,34.7977213
1695279021,32.0739317,34.8004651
1695279025,32.0742026,34.7995898
1695279037,32.0744137,34.7969954
1695279038,32.0744529,34.799072
1695279041,32.0746988,34.7982687
1695279042,32.0748958,34.7972012
1695279044,32.0750804,34.7965519
1695279050,32.0753199,34.7957274
1696551859,32.0962622,34.7949422
1696551861,32.0966505,34.7972632
1696551870,32.0955365,34.7951125
1696551882,32.0960095,34.7975234
1696731803,32.0785583,34.7990609
1696731860,32.0783076,34.7974545
1696731863,32.0778056,34.7987681
1696735388,32.0732498,34.7991844
1696735393,32.0747865,34.7999019
1696746400,32.0777174,34.8007179
1696746402,32.0770872,34.7984801
1696746404,32.0772299,34.8005668
1696757318,32.0748714,34.7976406
1696757319,32.0751149,34.7967183
1696757322,32.0760511,34.7969996
1696757324,32.0765812,34.7972342
1697461106,32.0592605,34.7919146
1697461131,32.0593303,34.7893394
1698173556,32.0756077,34.8005082
1698173571,32.0758811,34.7995587
1698378710,32.0683362,34.8006148
1698378714,32.0683799,34.801556
1698378716,32.0684552,34.7999104
1698388014,32.0620767,34.790639
1707635627,32.0721537,34.790082
1716548401,32.036682,34.7574999
1716729694,32.0309639,34.7471886
1716729697,32.0309785,34.7471591
1716729701,32.0309802,34.7471329
1716729722,32.0310082,34.7471914
1716729920,32.031976,34.7451928
1716729947,32.0339792,34.751905
1718502680,32.0338283,34.7455963
1718502728,32.0354164,34.7480271
1718502743,32.0364938,34.7493992
1718502746,32.0364867,34.7491383
1718502779,32.0365876,34.7492416
1718502785,32.0369455,34.7496141
1718502803,32.0373847,34.7500033
1718632814,32.0371708,34.749672
1718632827,32.0374903,34.7500806
1718632832,32.0376145,34.7462965
1718632856,32.038769,34.7469256
1718632858,32.0388175,34.7463998
1718632900,32.0417935,34.7471293
1718633172,32.0520138,34.751066
1724608588,32.0625271,34.7629205
1724608591,32.0625624,34.7631508
1724608605,32.0629871,34.7634768
1724608653,32.0659666,34.7631561
1724608656,32.0663149,34.76303
1731265585,32.066427,34.7867386
1731460260,32.0331883,34.7499182
1731460261,32.0327087,34.7499336
1731460264,32.033565,34.749681
1731460267,32.0334075,34.7495502
1736099212,32.0663535,34.7908326
1736099214,32.0656436,34.7902725
1750275770,32.1366588,34.793405
1750275775,32.1392514,34.7938246
1757673390,32.1406031,34.8009775
1758359863,32.1020521,34.7847864
1758359865,32.1020716,34.7848722
1758359881,32.1021978,34.7844988
1758359947,32.1050078,34.7884598
1758359982,32.1146265,34.7898765
1758359985,32.1148616,34.7896426
1758359987,32.1149231,34.7896537
1758359999,32.1150749,34.7899648
1784523536,32.0508518,34.7770763
1784523538,32.0529147,34.7789821
1784523542,32.0530397,34.7788465
1790662878,32.0600971,34.7844579
1790662883,32.0606103,34.7845963
1790662886,32.0629711,34.7828534
1790662922,32.0859926,34.795179
1801631001,32.0971324,34.7947288
1801631018,32.0971044,34.7949649
1801631020,32.0967346,34.7931241
1801631024,32.0970441,34.7948059
1801631043,32.0969586,34.7946649
1834263553,32.1163157,34.8299756
1834267800,32.1163943,34.8298573
1834267803,32.1164805,34.8299799
1834267841,32.1163751,34.8300524
1836381515,32.1089435,34.8362411
1850573620,32.1000798,34.7894028
1850573657,32.1004046,34.7896709
1850576105,32.096888,34.7942528
1851950468,32.1022625,34.7850234
1885693264,32.0888657,34.7983914
1885693277,32.0893302,34.7984214
1897895736,32.0695986,34.7768568
1897895738,32.069704,34.776401
1897895749,32.0690533,34.7766856
1897895760,32.0691403,34.7762857
1897912902,32.0956862,34.7758874
1897912953,32.0956821,34.7761842
1911011742,32.0419796,34.8100568
1911081888,32.0541588,34.7785075
1931484328,32.1183042,34.7871978
1931836970,32.0450338,34.7644021
1931836985,32.0440544,34.7666911
1931836987,32.0473755,34.7644557
1931836997,32.0476921,34.7638765
1931837019,32.0460441,34.7620313
1931837075,32.0470641,34.7625285
1931841474,32.0527409,34.7611625
1931841483,32.0512694,34.7604417
1931841485,32.0536959,34.7636286
1931841490,32.0527103,34.7631107
1931841493,32.0547189,34.7616811
1931841494,32.0530487,34.7636158
1931841498,32.0531607,34.7633194
1931841500,32.0532458,34.7626184
1931844383,32.0474973,34.7538759
1931844386,32.047631,34.7559827
1931844389,32.04762,34.7549863
1931844390,32.048751,34.7576767
1931844391,32.0486694,34.7578537
1931844392,32.0477613,34.7585287
1931844393,32.0472563,34.7574593
1931844394,32.049297,34.7549899
1931844396,32.0472504,34.7557806
1931844408,32.0475273,34.7576868
1931844414,32.0478643,34.7581081
1931844416,32.0471557,34.7564462
1931844420,32.0475577,34.7566831
1931844422,32.0467013,34.7554829
1931844424,32.0473404,34.7576543
1931844428,32.0477729,34.7560966
1931844429,32.0479729,34.7571733
1931844432,32.0463895,34.7566648
1931844433,32.04851,34.7582157
1931844434,32.0472836,34.7580279
1931844436,32.0493149,34.7583114
1931844453,32.0499302,34.7550313
1931844465,32.0476155,34.75379
1931844466,32.0481228,34.7572687
1931844467,32.047907,34.7577305
1931844469,32.0484214,34.7568856
1931848021,32.0448928,34.7541656
1931848023,32.0449855,34.7539045
1931848032,32.0454141,34.7539897
1931848034,32.0466233,34.7533259
1931848046,32.0464745,34.7541143
1931848053,32.0445729,34.7538873
1931855285,32.0460109,34.7505822
1931855286,32.0457718,34.7492189
1931855287,32.0424141,34.749885
1931855288,32.0481031,34.7492503
1931855290,32.0429643,34.7475472
1931855291,32.0438799,34.7494929
1931855292,32.0454327,34.7497809
1931855294,32.0426599,34.7499533
1931855296,32.044569,34.7488798
1931855301,32.0432802,34.7498613
1931855304,32.0466806,34.7494464
1931855308,32.0479225,34.7497637
1931855309,32.0470971,34.7513857
1931855310,32.0419105,34.7480381
1931855311,32.0474125,34.7486612
1931855312,32.0489244,34.7493312
1931855320,32.043421,34.7493002
1931855321,32.0465695,34.7497578
1931855323,32.0433132,34.7497319
1931855324,32.0441875,34.748129
1931855326,32.0484336,34.7490226
1931855327,32.0444233,34.7487232
1931855330,32.0471139,34.7493105
1931855332,32.0425135,34.7505802
1931855333,32.0423111,34.7481853
1931855334,32.0487683,34.7489212
1931855335,32.0433195,34.7485663
1931855339,32.0429166,34.7500246
1931855341,32.0464245,34.7500996
1931855342,32.0479039,34.7490632
1931855345,32.0446842,34.7495534
1931855346,32.0430089,34.7484065
1931855347,32.0471401,34.7487287
1931855348,32.0444093,34.7491914
1931855351,32.0432301,34.7476676
1931855352,32.0443808,34.7500967
1931855353,32.0441277,34.7498077
1931855354,32.046823,34.7491276
1931855357,32.0440779,34.7499933
1931855358,32.0439637,34.7488548
1931855360,32.0442665,34.7489458
1931855362,32.0484097,34.7495219
1931855364,32.0476827,34.7483839
1931855369,32.0468695,34.7499365
1931855370,32.0421487,34.7517472
1931855371,32.0444984,34.7482222
1931855372,32.0431182,34.7491962
1931855375,32.0428294,34.7483581
1931855378,32.0480307,34.7498115
1931855385,32.0449597,34.7484709
1931855386,32.0469967,34.7496012
1931858750,32.0390479,34.7507866
1931858763,32.0382372,34.7490624
1931858785,32.0392726,34.7495661
1931861633,32.0507005,34.7545377
1931861635,32.0510908,34.7574709
1931861639,32.0510051,34.7548821
1931861654,32.0519255,34.7584077
1931861658,32.0509111,34.7582743
1931861661,32.0517697,34.7552723
1931861662,32.051281,34.7577081
1931861665,32.0526958,34.7586165
1931861666,32.0515057,34.7573207
1931861671,32.0506575,34.758143
1931861696,32.0531676,34.7587351
1931861701,32.0534044,34.7580549
1931861702,32.0529384,34.7586714
1931865368,32.0359383,34.7516905
1931865399,32.0342629,34.7510377
1933349731,32.0414873,34.773155
1933709165,32.0405618,34.7747052
1933709167,32.0407017,34.774764
1934234271,32.0311259,34.7508866
1934234315,32.0335232,34.7493414
1936278287,32.0610294,34.7946702
1936278291,32.0598501,34.7946477
1936278292,32.0609506,34.7939166
1936278293,32.0598836,34.7920675
1936278294,32.0609987,34.7920814
1936278299,32.0609426,34.7948347
1936278302,32.0607849,34.7947368
1936278304,32.0598768,34.7929504
1936278307,32.0599856,34.792068
1936278311,32.0608157,34.7945886
1936278313,32.0616624,34.7927873
1936278318,32.0598683,34.793813
1936278329,32.0609252,34.7945465
1936278336,32.0610107,34.7991786
1936278342,32.0619263,34.7921119
1936278351,32.0608478,34.7929539
1936282470,32.0537844,34.7930531
1936282471,32.0536125,34.7929938
1936282473,32.053762,34.7925323
1936282478,32.0547816,34.7868387
1936282479,32.0544877,34.7868248
1936282481,32.0551289,34.7868551
1936282482,32.0520679,34.7909444
1941637469,32.0762021,34.7681019
1941637478,32.079877,34.76969
1950406018,32.0542974,34.762694
1950487590,32.0483114,34.7756886
1950487594,32.0486044,34.7755691
1951178775,32.0349423,34.7473418
1951178781,32.0348782,34.7466896
1951178789,32.0351805,34.7470028
1951178799,32.0359337,34.7459053
1951178807,32.0365825,34.7480006
1951178808,32.0367673,34.7477255
1951242733,32.0376094,34.751899
1953544982,32.0503115,34.7719021
1953545008,32.0515343,34.769302
1953545032,32.0517561,34.7657204
1953545085,32.0573046,34.7595699
1953545087,32.0574343,34.7597882
1953545098,32.0591221,34.7597326
1953636954,32.0590937,34.7833794
1953636963,32.0592553,34.7921982
1953636975,32.0594119,34.7920438
1953637013,32.0593423,34.7833935
1986140025,32.0759904,34.7933731
1987571695,32.0594126,34.7836201
1993682435,32.0972144,34.7955807
1993682436,32.0994977,34.7912402
1993682441,32.099109,34.7896158
1995922116,32.0600796,34.7687616
1995922128,32.0601657,34.7690599
1995922143,32.0606614,34.7688749
1995922151,32.060401,34.7699037
1999052225,32.0684757,34.7893385
2002569399,32.0385235,34.7531296
2002569401,32.0402586,34.753508
2002569403,32.0389519,34.7539793
2002569406,32.0385877,34.7538615
2002569409,32.0385409,34.753032
2002569411,32.0378455,34.7532569
2002569413,32.0402735,34.7534284
2004091130,32.0412313,34.7509344
2004091132,32.0417616,34.7511048
2004091133,32.040705,34.7507745
2004091135,32.0403463,34.7506828
2004091136,32.0408153,34.7500769
2004091139,32.0394163,34.7464433
2004091141,32.0422929,34.7512859
2004091142,32.0427901,34.7506781
2004137777,32.0432211,34.7488741
2004137782,32.0456988,34.7498415
2004137796,32.0443801,34.7488851
2004137800,32.0441504,34.7519214
2004137804,32.0447158,34.748307
2004137808,32.0432262,34.7505545
2004137814,32.0430824,34.751398
2004137816,32.0448285,34.7521877
2004137818,32.0431482,34.7510036
2004137820,32.0439024,34.7507211
2004137822,32.0444869,34.752045
2004137824,32.04374,34.7515624
2004137827,32.042175,34.7498185
2004137828,32.0422831,34.7505215
2004137830,32.0441654,34.7507784
2004137831,32.0420931,34.7504662
2004137832,32.0420053,34.7511397
2004137835,32.0438064,34.7511977
2004137842,32.0442381,34.7514129
2004137844,32.0445696,34.7517275
2004137852,32.0449733,34.7514632
2004137854,32.0457222,34.7520735
2004137856,32.0449065,34.7518313
2006016715,32.0576089,34.7936552
2006016719,32.0580995,34.7910573
2006016774,32.059262,34.7917421
2006016807,32.0576355,34.792851
2070683971,32.1210853,34.8178715
2072034651,32.0908386,34.7827518
2079033919,32.0642757,34.7812018
2079042288,32.108414,34.8092201
2079042306,32.1077683,34.811501
2083793917,32.0444074,34.801742
2083793939,32.047068,34.8123188
2083793942,32.0472245,34.8134946
2083793946,32.0476255,34.8115633
2083793956,32.0476989,34.8121796
2083793961,32.0481743,34.8120714
2083793963,32.0482763,34.8131419
2083793965,32.0484353,34.8043346
2083793974,32.0486901,34.8015522
2083794011,32.050612,34.8116972
2083794026,32.0514797,34.8013014
2083794034,32.0516545,34.8029343
2083794041,32.0516997,34.8005669
2083794073,32.0525174,34.8019475
2083794118,32.0558965,34.8064757
2084866630,32.1124793,34.786496
2084996286,32.0564172,34.8026954
2084996298,32.0565255,34.7978338
2085420076,32.0569407,34.7863882
2085420168,32.0577197,34.787193
2085703302,32.0583612,34.7994217
2087705428,32.0670307,34.8004988
2088929409,32.0693446,34.7871015
2091831613,32.049382,34.8123976
2092081672,32.0487567,34.8133343
2093415486,32.0456042,34.8097745
2093421792,32.0658332,34.7794692
2093421793,32.0648626,34.781515
2093444674,32.0646988,34.7834712
2099662194,32.0439439,34.7559986
2103512155,32.117901,34.8016035
2103512157,32.118119,34.8017742
2105338170,32.0473425,34.7489018
2105338171,32.0473877,34.7494791
2105338177,32.0485575,34.7532129
2105338178,32.045755,34.7482481
2105338179,32.0474619,34.7487016
2105338180,32.0453937,34.7486774
2105338184,32.0476058,34.7491167
2105338185,32.0480322,34.7494319
2105338186,32.045356,34.7472517
2108063239,32.0560209,34.76281
2108063253,32.0568429,34.7638412
2108063257,32.0571419,34.7672163
2108063278,32.0583718,34.7668968
2108063290,32.0599947,34.7669462
2108063292,32.0600978,34.7671865
2108063293,32.0600624,34.7669
2108063320,32.062296,34.7656289
2108063321,32.062385,34.7661116
2108063322,32.0624628,34.7660687
2108063323,32.0626211,34.7659799
2110321257,32.0618089,34.8057783
2110321263,32.0617581,34.8059894
2110321286,32.0618986,34.8058281
2111226371,32.0540944,34.7861915
2111226539,32.0547126,34.7856013
2111357737,32.103061,34.7939627
2111357746,32.1031887,34.7948528
2111357752,32.1033751,34.7944702
2111357755,32.1033467,34.7945714
2111357758,32.1035368,34.7945742
2111357761,32.1035392,34.794487
2111357771,32.1048544,34.7944846
2111357774,32.1048616,34.7946156
2111357786,32.1049566,34.7944811
2111357789,32.1049647,34.7946015
2111407133,32.0610589,34.8052799
2111407136,32.0611754,34.8048861
2111407142,32.061409,34.8049
2111407157,32.0659775,34.8027665
2112515489,32.0440064,34.7492101
2112520118,32.047786,34.7485435
2112520119,32.0480644,34.7487888
2112530139,32.0524065,34.7585235
2112530141,32.0527444,34.7567339
2112533191,32.055219,34.7618968
2122492950,32.0521699,34.8046374
2122492951,32.0530182,34.8050185
2122980982,32.0579613,34.7826533
2122980995,32.0588503,34.7827995
2129877241,32.0455114,34.8062723
2129877242,32.045611,34.8063101
2129877248,32.0462005,34.8038562
2129877250,32.0466306,34.8011483
2129877252,32.0467804,34.8058062
2129877253,32.0467834,34.8048177
2129877256,32.0468639,34.8048279
2129877257,32.0468625,34.8039802
2129877259,32.0469053,34.8035274
2129877283,32.047605,34.801336
2129877284,32.047614,34.8041358
2129877285,32.0476294,34.8049644
2129877288,32.0476874,34.8041618
2129877289,32.0476904,34.8042941
2129877296,32.0481383,34.8051148
2129877329,32.048921,34.8073484
2129877340,32.0490877,34.8071808
2129877350,32.0492223,34.8057944
2131481193,32.0445922,34.8133662
2131481215,32.0493083,34.8119879
2131481218,32.049568,34.8131514
2131481227,32.049676,34.8138327
2131481256,32.0504628,34.8130028
2131481257,32.050468,34.8076236
2131481303,32.0522011,34.8080652
2131481313,32.0523101,34.8097818
2131481340,32.0529569,34.8092052
2131481358,32.0549495,34.8104563
2131481365,32.0567975,34.8061704
2131481376,32.0588391,34.8041654
2131481379,32.0595158,34.8041598
2131481384,32.0610184,34.8048852
2131481385,32.0612084,34.8051087
2133110682,32.0529465,34.804252
2133110716,32.0535711,34.8050038
2133110729,32.0540242,34.8057201
2133110742,32.0542998,34.8070467
2133110773,32.0547027,34.8046582
2133110805,32.0555516,34.8056018
2133110820,32.0555633,34.8070483
2133110836,32.0558309,34.8050076
2133458880,32.0539675,34.773212
2133458881,32.0546811,34.7742403
2133466502,32.0491955,34.7682066
2133470403,32.0631597,34.7686862
2133476077,32.0630578,34.767415
2133476079,32.0634405,34.767085
2133478738,32.0580157,34.7669992
2133478740,32.0580793,34.7676663
2133478741,32.0582056,34.7679442
2133500408,32.1044733,34.7970112
2133503416,32.1088628,34.800726
2134290416,32.0490688,34.8085178
2134290434,32.0491735,34.8092497
2134290450,32.0493624,34.8033235
2134290473,32.0495327,34.8022698
2134290522,32.0500076,34.8036255
2134290533,32.0501546,34.8032295
2134290548,32.0502498,34.8019807
2134290555,32.0504971,34.8040956
2134290561,32.0505754,34.8039124
2134290583,32.0507698,34.8035242
2134290624,32.0509162,34.8028943
2134290628,32.0509454,34.802807
2134290648,32.0510012,34.802347
2134290653,32.0510424,34.8025513
2134290673,32.051218,34.8019913
2134290711,32.0515976,34.8031838
2134290717,32.051989,34.8022314
2134290766,32.0530437,34.8062538
2134290767,32.0530226,34.805175
2134290786,32.0531989,34.8064299
2134290814,32.0532958,34.8016336
2134290822,32.0533209,34.806236
2134290836,32.0535955,34.8061118
2134290878,32.0539843,34.807624
2134802043,32.0444999,34.7474914
2134824776,32.0444617,34.7482108
2134830762,32.0463564,34.7487988
2136690477,32.1119411,34.7847271
2136690492,32.1140307,34.7857008
2136693098,32.1139824,34.7855691
2136693104,32.1139339,34.7857887
2136693109,32.113836,34.7856604
2137606211,32.0727299,34.794837
2138044997,32.0795025,34.7791985
2138044998,32.0795543,34.7786726
2138045001,32.0795044,34.7791204
2138045002,32.0795561,34.7799011
2138045004,32.078805,34.7788432
2138045005,32.0795443,34.7812492
2138045009,32.0795097,34.7813126
2139243366,32.0608811,34.7704201
2139244073,32.0603349,34.7714482
2139449344,32.1028102,34.79063
2139449353,32.1027657,34.7903304
2139449387,32.1028847,34.7902176
2141532006,32.0685373,34.763233
2141532014,32.0749964,34.7655663
2141534223,32.0625824,34.7615636
2141534228,32.0626703,34.761879
2143632939,32.0932109,34.7735654
2143632941,32.0938623,34.7737245
2143632943,32.093843,34.773809
2143649635,32.0973898,34.7748815
2143649655,32.0968659,34.7747246
2144017077,32.0723234,34.77848
2144017079,32.0724467,34.7785708
2144017081,32.073921,34.7753283
2144017091,32.0741674,34.7791016
2144017093,32.0731914,34.7788356
2144017098,32.0747922,34.7759413
2144024859,32.0769106,34.7745107
2144024860,32.0760479,34.7748359
2144241315,32.0757159,34.7844367
2144241316,32.0752629,34.7845038
2144241319,32.0755974,34.7844575
2144241320,32.0758029,34.7850187
2144242207,32.0755439,34.7835832
2149039600,32.1018597,34.8022792
2149039616,32.1035534,34.8032897
2149039623,32.1014446,34.8003474
2149039626,32.1028393,34.8023967
2149039636,32.1036428,34.8032367
2149039637,32.1018359,34.8021695
2149039648,32.103627,34.80337
2160093352,32.068653,34.7632152
2166644193,32.0851049,34.7818543
2169645264,32.1076481,34.8271963
2191443170,32.128933,34.820246
2191443261,32.126009,34.82177
2196477116,32.0393243,34.7789381
2196477157,32.0360792,34.7591493
2196477269,32.039089,34.7615259
2196477278,32.0368082,34.7593792
2196477282,32.0367588,34.7590541
2196477334,32.0369637,34.7604822
2199109109,32.1091454,34.8011054
2203137266,32.0979352,34.7758602
2203627170,32.0855921,34.7897072
2203627185,32.0880314,34.7901438
2203627190,32.0875238,34.7930307
2203627198,32.0862728,34.7927429
2203627202,32.087844,34.7890026
2203631392,32.0822732,34.7967072
2213119636,32.0487531,34.7854333
2213119641,32.0470492,34.7883299
2213119647,32.04759,34.7876174
2216120240,32.0461438,34.7551492
2216120256,32.0458803,34.7594249
2216127673,32.0451168,34.7584964
2216948191,32.0431804,34.7662254
2216948193,32.043007,34.7662354
2216948198,32.0431252,34.7660441
2216948203,32.0438708,34.7640802
2216948205,32.0441145,34.7629516
2216948207,32.0438344,34.7641766
2216948224,32.043037,34.7660236
2216948230,32.043802,34.7625064
2216948231,32.0430801,34.766172
2216948239,32.0428336,34.7660669
2216956969,32.0444298,34.7620145
2216956972,32.0446137,34.7597367
2216956973,32.0443492,34.7624518
2216956975,32.0443148,34.7626206
2216956978,32.0447122,34.7605459
2216964297,32.0468747,34.7689053
2216964312,32.0455714,34.7677323
2216964320,32.0413258,34.7657178
2216964326,32.0452242,34.7679371
2216964345,32.0452974,34.7680094
2216964347,32.048701,34.7692269
2216964355,32.045551,34.7681098
2216970907,32.0491406,34.7692396
2216970909,32.0493513,34.7692803
2216976744,32.0442393,34.7629324
2216978328,32.0487339,34.7640194
2216978329,32.0485831,34.7638475
2216978332,32.0484369,34.7634559
2216988420,32.0481872,34.7627395
2217011847,32.0501772,34.7599256
2217040457,32.0542758,34.7628625
2217040462,32.054454,34.762908
2219832310,32.1252885,34.8226389
2225766256,32.0547252,34.7751818
2225823711,32.090796,34.7906316
2225823713,32.091131,34.7909651
2225823718,32.0909874,34.7908321
2225823720,32.0912775,34.79065
2225831427,32.09073,34.7828518
2225885617,32.0796212,34.7985567
2225888376,32.0792439,34.7991448
2229213067,32.0815258,34.7802012
2229213068,32.0812462,34.780038
2229213521,32.0812356,34.779909
2231332721,32.0858491,34.7948839
2235188150,32.0373869,34.7511805
2235188151,32.0374532,34.7519277
2235188152,32.0374614,34.7520141
2235188159,32.0377648,34.7532255
2235188168,32.0384242,34.7506108
2235188173,32.0388912,34.7507235
2263114434,32.035687,34.7586082
2264252012,32.041258,34.7558096
2264252015,32.0413341,34.7540813
2264252017,32.0467786,34.7525471
2264923592,32.0430502,34.7494384
2264923593,32.0431035,34.7492486
2264923596,32.0431698,34.7490348
2264923598,32.043203,34.7489308
2264923601,32.0432533,34.7504038
2264948150,32.0405302,34.747802
2266143436,32.0460754,34.7627925
2266143438,32.0465404,34.7593503
2266143441,32.0466279,34.7594882
2266143462,32.0485969,34.7596637
2266143464,32.0486932,34.7598236
2268450648,32.0635618,34.7649767
2274162150,32.0636065,34.7667213
2279187182,32.1029429,34.7906379
2294948482,32.057012,34.7723843
2299865123,32.0617717,34.8049627
2299865150,32.062179,34.805577
2301848678,32.1101334,34.8072225
2301848684,32.1110902,34.8074383
2303015607,32.1024601,34.7891689
2303015608,32.1024689,34.7889563
2303015611,32.1026643,34.7885712
2303015613,32.1027685,34.7893732
2303015621,32.110368,34.7890459
2303015625,32.1118832,34.7893466
2303015627,32.1121822,34.7887166
2303015630,32.1124007,34.7889133
2303015634,32.1129005,34.7895496
2304907593,32.0880857,34.7823755
2309144518,32.1028456,34.8025301
2309144530,32.1026275,34.7926641
2310467934,32.0520037,34.8113086
2310467935,32.0517804,34.8106419
2310467937,32.0506164,34.8102664
2326837683,32.0810433,34.7973701
2343721438,32.1223314,34.817807
2344604151,32.0725354,34.7946189
2344604154,32.0753916,34.7957578
2344604156,32.0591273,34.7920388
2344604158,32.0725847,34.7944496
2344604161,32.059445,34.7919209
2344624287,32.0909254,34.7974177
2344624293,32.0906519,34.79705
2344624300,32.079209,34.7986636
2344624315,32.0910109,34.7968031
2349733294,32.1067348,34.8276427
2349733321,32.1068777,34.8258771
2349733328,32.1067957,34.827462
2349733341,32.106962,34.8267262
2365353763,32.0605137,34.7759853
2365353778,32.0709842,34.7818269
2365353783,32.0651719,34.768836
2365353786,32.0605128,34.7761295
2365353799,32.0605271,34.7748847
2365353816,32.0603978,34.774857
2365358069,32.0501068,34.7600526
2365374912,32.0733074,34.7907504
2373734838,32.0593391,34.7840417
2373857201,32.1389292,34.7936119
2373960339,32.1019228,34.7817571
2374499611,32.0953804,34.774371
2374499613,32.0674808,34.7805978
2374499617,32.0619356,34.7805822
2374499621,32.0962358,34.7746176
2374503289,32.075609,34.7947446
2379510922,32.0344956,34.7752895
2379510928,32.0354808,34.7734633
2379510929,32.03552,34.7738102
2380561349,32.0654075,34.7863821
2380561396,32.0652462,34.7871356
2381515598,32.0544761,34.7626167
2381576084,32.0699214,34.7827631
2383595033,32.059185,34.7596103
2384741926,32.0750404,34.7734498
2390930262,32.0538623,34.7803348
2403217894,32.0805933,34.7716451
2432701011,32.0912593,34.7958458
2432701015,32.0915873,34.7952804
2435366215,32.0701475,34.8018248
2435366218,32.0703639,34.8019863
2435366221,32.0703056,34.8017042
2437717857,32.0527758,34.7685845
2437718004,32.0538911,34.7708541
2446033616,32.0560699,34.7623316
2449285214,32.0367531,34.7590815
2449285218,32.0375312,34.7594835
2451939174,32.089603,34.7699445
2460915968,32.0497955,34.7675257
2469720080,32.0948202,34.7764854
2469848036,32.0762682,34.7768146
2469848068,32.0716378,34.7731971
2469848073,32.0717174,34.7731798
2469848123,32.0754268,34.7680594
2469848138,32.079142,34.7692348
2469848149,32.0806354,34.7702545
2469848159,32.0837754,34.771816
2469848162,32.0848006,34.7724352
2469958048,32.0731554,34.7671441
2469958071,32.0670178,34.771487
2469958092,32.0605626,34.7739003
2469958094,32.0547719,34.7721925
2470035518,32.0548553,34.7752571
2470035520,32.0548873,34.7750941
2470035532,32.0548833,34.7737844
2470035560,32.0544648,34.7626946
2470035561,32.0546622,34.7616597
2470035562,32.0545508,34.7626579
2470061832,32.0605886,34.7735006
2470061834,32.0606575,34.772311
2470061837,32.0606842,34.7713883
2470061865,32.0573342,34.7623776
2470061873,32.0569668,34.7603423
2473987340,32.0724997,34.7947481
2473987367,32.0752962,34.7958093
2473987374,32.0786576,34.7969983
2473987382,32.0768252,34.7964463
2473987386,32.0768957,34.7964743
2473987391,32.0793832,34.7989005
2473987408,32.0789466,34.7984635
2473987412,32.0790639,34.798655
2473987419,32.0782192,34.7976034
2473987431,32.0784093,34.7976053
2473987478,32.0735669,34.7818737
2473987480,32.0741761,34.7790107
2473987482,32.0740872,34.7791109
2473987501,32.0740435,34.7797793
2473987503,32.0740043,34.7799668
2473987515,32.0711281,34.7818485
2474040359,32.0760838,34.7747172
2475602290,32.0853552,34.7817405
2475613573,32.0639997,34.7991127
2475613583,32.0641631,34.7988155
2481674067,32.0539721,34.7863507
2481674083,32.059127,34.8004718
2481674085,32.0591871,34.8036426
2481674091,32.0542531,34.7885328
2481674094,32.0589579,34.8040165
2481674098,32.054142,34.7886996
2481674102,32.0592998,34.8036555
2481674130,32.0596556,34.8040135
2481705161,32.0451762,34.8111501
2481705165,32.0451452,34.8095022
2481705167,32.0460616,34.8046852
2481705169,32.0471327,34.812804
2481705172,32.0461869,34.8098363
2481705181,32.0466582,34.8124079
2481705182,32.0464275,34.8119565
2481705189,32.0459526,34.8044288
2481705198,32.0471508,34.7991546
2481705218,32.0460655,34.8115802
2481705225,32.0451069,34.8098355
2481705226,32.0476184,34.7943903
2481705235,32.0476919,34.7941629
2481705237,32.0452744,34.8095523
2481705244,32.0449662,34.8111982
2485930974,32.1177013,34.7950918
2485930975,32.1155717,34.793998
2485930977,32.1160731,34.7941198
2490677639,32.0535053,34.7863217
2490677649,32.0513506,34.7900226
2490677651,32.0516591,34.7870036
2490677655,32.0518814,34.7893146
2490677664,32.0512357,34.7925938
2493584573,32.0549089,34.7817887
2493584577,32.0550441,34.7811083
2493584617,32.0554428,34.782555
2493584635,32.0537976,34.7814201
2493584662,32.0548945,34.7817092
2493918001,32.0547916,34.7654668
2493918012,32.0553189,34.7825138
2496365203,32.0622866,34.7803804
2509747192,32.0576519,34.7579769
2515962026,32.0498143,34.76427
2515962027,32.0497028,34.7574732
2515962041,32.0493819,34.7657807
2515962043,32.0462817,34.7550822
2515962044,32.0498901,34.7640673
2515962046,32.0495646,34.7576052
2515962059,32.0497837,34.7598372
2532326726,32.056275,34.7646197
2534429512,32.0786406,34.8002593
2534433980,32.0745258,34.7985081
2534433988,32.0741645,34.7983656
2541845407,32.076889,34.7744475
2554825139,32.1225389,34.8001403
2554825148,32.1227956,34.8005212
2558916051,32.049796,34.757173
2559090308,32.093287,34.7966785
2559090345,32.0932492,34.7967983
2567910218,32.0519376,34.7684708
2584166679,32.0557023,34.7563692
2584166686,32.0554287,34.7565713
2612606596,32.1134064,34.8074969
2618788151,32.0476972,34.7659203
2618788152,32.0468492,34.7664754
2618788153,32.0475683,34.7657644
2634843610,32.1065391,34.802138
2641923404,32.0521881,34.7676534
2648266077,32.0573596,34.7851175
2657949196,32.0472115,34.7807349
2657949204,32.0471668,34.7811003
2669862627,32.0457892,34.8046167
2669862666,32.0447557,34.8044027
2671045788,32.0908467,34.7919087
2671045801,32.0910817,34.7921133
2683019657,32.0746565,34.774172
2692325665,32.0643292,34.7916502
2692325666,32.0640628,34.7921692
2698056298,32.0774023,34.7887082
2716680538,32.0895721,34.8011595
2728576314,32.1188699,34.8290924
2728576321,32.119033,34.8292666
2757781499,32.1260934,34.8295622
2757804972,32.1263705,34.8288906
2763587023,32.1107341,34.8164877
2763587025,32.112502,34.8252404
2763587027,32.1156556,34.8255576
2763587032,32.1159293,34.8257641
2763587036,32.1108315,34.816722
2763587039,32.1138774,34.8256914
2763587043,32.1140272,34.8254444
2763587060,32.1142122,34.8254563
2769638369,32.1241041,34.8239745
2769638390,32.1241151,34.8242142
2769656028,32.1220351,34.8221241
2777011573,32.0795557,34.7800369
2781908889,32.0442711,34.8052253
2862997451,32.0566282,34.7671603
2862997452,32.0566371,34.7658539
2862997454,32.056845,34.7661319
2862997457,32.0571572,34.7661369
2868373851,32.1445646,34.797934
2868373857,32.1428055,34.7984061
2868373867,32.1432521,34.7980777
2869146146,32.1387607,34.794371
2869146150,32.1379994,34.7950377
2869161102,32.1388085,34.7940498
2915980262,32.070907,34.7875352
2915980279,32.072579,34.7885081
2916015762,32.0716646,34.7854203
2931878941,32.0402404,34.7652618
2946147133,32.0330275,34.7442376
2958525652,32.0482655,34.7932379
2987512660,32.1087992,34.8391896
2987512724,32.1089037,34.8393652
2987514840,32.1088774,34.8394749
2987514849,32.1085873,34.8393012
2987514997,32.108922,34.8397511
2989372360,32.0601524,34.785891
2989372367,32.0600049,34.7855688
2989376741,32.0588152,34.7855422
2989392827,32.0628589,34.7882299
2989396034,32.0572356,34.7859164
2989405424,32.0588611,34.7867458
2989906750,32.069459,34.793255
2989906777,32.0756823,34.7942496
2989922184,32.0723492,34.7939286
2989922185,32.0725775,34.7939684
2989922193,32.0728775,34.7940401
2989933661,32.0815732,34.7989467
2989950141,32.0790916,34.7962599
2989950169,32.0757663,34.7936086
2989957353,32.0727089,34.7926095
2989957376,32.0686098,34.7923854
2989968633,32.0893317,34.7993563
2990821001,32.0856583,34.7978461
2990821004,32.0899667,34.7982635
2990821010,32.0902427,34.7981632
2990821019,32.0904506,34.798806
2990821031,32.0885828,34.7986384
2990821237,32.0894334,34.7983828
2990821259,32.0891285,34.7979226
2990821292,32.088724,34.798416
2992962017,32.1042002,34.8042673
2992968902,32.1019007,34.8030074
2992969029,32.1013757,34.8049299
2992969046,32.1025836,34.8043686
2993004124,32.1015219,34.8014233
2993006555,32.1002687,34.8023865
2993006577,32.1016971,34.8051849
2993052349,32.1041608,34.805952
2993052356,32.1104491,34.8095399
2995640305,32.0498077,34.7843466
2995640323,32.0483496,34.7848498
2995641039,32.0476404,34.7853082
2995641085,32.0474977,34.7836303
2995641113,32.0470863,34.7847834
2995641124,32.0482768,34.7845306
2995641141,32.0487544,34.7847387
2997542191,32.0366414,34.7616472
2997542204,32.0366618,34.7620752
2997542230,32.0366526,34.7617415
2997543700,32.0366041,34.761309
3060912304,32.1183303,34.8098667
3060912332,32.119969,34.8110757
3060914143,32.1147946,34.8102474
3060914160,32.1228995,34.8106269
3060914183,32.1199795,34.8098174
3060914189,32.1186416,34.8111261
3146936635,32.0546716,34.7560288
3147530474,32.1223129,34.7974708
3147530475,32.1224724,34.7976459
3147530487,32.118441,34.8184057
3147530490,32.1217295,34.8022268
3147530493,32.1222279,34.7979354
3147530503,32.0956409,34.7984846
3147530505,32.1223563,34.7972046
3147530509,32.1224966,34.7975095
3147530512,32.1215901,34.801973
3147530513,32.1217088,34.8023502
3203481827,32.0447767,34.802188
3203481832,32.0448384,34.8036184
3203481993,32.045858,34.8017156
3203482000,32.0458943,34.8012162
3203482017,32.0460704,34.8017147
3213945480,32.0726794,34.7884039
3213945483,32.0726676,34.7886217
3213945484,32.0725812,34.7885365
3219537019,32.0499108,34.7904934
3219537023,32.0499225,34.7903885
3219537035,32.0499662,34.7900735
3219537045,32.0500215,34.7897323
3220033347,32.0433995,34.8105874
3220033352,32.0435483,34.8106213
3224077990,32.0432906,34.7932517
3227432449,32.0899821,34.791957
3230599129,32.0452671,34.8021675
3230599298,32.0479187,34.7935985
3234783064,32.0414672,34.7998144
3250144590,32.1211747,34.8057089
3255104744,32.1152603,34.7867335
3255617766,32.122584,34.8219046
3257927974,32.1000463,34.7894524
3260728096,32.115296,34.8233571
3264766716,32.1106359,34.8421738
3297098845,32.0479765,34.7524349
3297221371,32.0442281,34.7563471
3303125949,32.0439725,34.7491939
3303406280,32.0450189,34.7491879
3305523688,32.0469899,34.75036
3305523768,32.0472839,34.7497197
3305524097,32.0487971,34.7502244
3307421768,32.0731285,34.7747749
3307421769,32.0711592,34.7745729
3406707383,32.0593123,34.7839475
3408426285,32.0703662,34.7875352
3412396539,32.0599528,34.7919572
3412396545,32.059999,34.7895766
3419895570,32.042139,34.7918218
3495322434,32.1079197,34.8114298
3495343356,32.0996593,34.785274
3495343358,32.1014428,34.7847953
3495343368,32.1013844,34.7849283
3495343373,32.1015543,34.7849083
3495343375,32.1015423,34.784841
3495343376,32.1022289,34.7847423
3495343377,32.1023836,34.78475
3495343378,32.1022403,34.7848372
3496915988,32.1062459,34.8134148
3496915991,32.1127891,34.7977156
3496916396,32.1136747,34.8013632
3496916397,32.105752,34.812817
3496916402,32.1057705,34.8133167
3496916403,32.1021892,34.7929917
3496916410,32.1134169,34.8010841
3496916411,32.1129435,34.7973429
3497100497,32.0660633,34.8027566
3497113661,32.0613073,34.8052429
3497113663,32.0613808,34.8051607
3497113664,32.0617399,34.8058241
3497116035,32.0614919,34.8053107
3497116039,32.0615604,34.8049596
3524113313,32.0514711,34.760023
3525081283,32.0980046,34.7759013
3531593254,32.0446393,34.7671861
3535435475,32.0927878,34.7957816
3535435483,32.0946043,34.795358
3540731264,32.1243319,34.8048654
3540731265,32.1244301,34.8047284
3540731266,32.1244159,34.8048754
3541135157,32.0736875,34.7860885
3541135159,32.0757124,34.7905378
3551724563,32.046884,34.7989523
3564373599,32.0756946,34.7909776
3570389094,32.0735538,34.7871887
3586725520,32.0700676,34.7954667
3586725521,32.069964,34.7954018
3586725540,32.0700217,34.7956344
3586725542,32.0699212,34.795419
3586725548,32.0699002,34.7956095
3586725550,32.0698732,34.7955488
3586725566,32.0697904,34.7965757
3586725573,32.0684534,34.796231
3586725578,32.0700778,34.7955013
3588604568,32.0719623,34.7915302
3593580026,32.0611514,34.7673017
3593580027,32.06134,34.7688594
3593580049,32.0606461,34.7651434
3593580050,32.0608132,34.7655593
3593580051,32.060472,34.7657446
3593580054,32.0597979,34.7638171
3593580055,32.0596377,34.7635474
3593956982,32.0669312,34.7829699
3594844017,32.0638576,34.776354
3598585948,32.0600639,34.7919627
3598585956,32.0614684,34.7906467
3599592480,32.0783481,34.7866961
3601426656,32.0725558,34.7847602
3606106810,32.0616075,34.7906428
3609241996,32.1064848,34.8022132
3609242017,32.1068969,34.804757
3609242086,32.1104464,34.8073784
3609905725,32.1041321,34.7977842
3611328584,32.0473979,34.7620151
3612842299,32.0643986,34.7689402
3621265272,32.0657024,34.7654409
3644526483,32.0632239,34.783837
3646652095,32.0710953,34.7894004
3655260371,32.1041315,34.7877241
3655260385,32.1045472,34.7885411
3655260386,32.1046469,34.7882038
3655260399,32.1047267,34.7882682
3655260403,32.1029918,34.777983
3655444776,32.0658932,34.7992119
3655444778,32.0659744,34.8016355
3659476211,32.0758055,34.7909972
3659571732,32.0658886,34.7674673
3659571733,32.0653582,34.7669419
3666392294,32.1235212,34.7855761
3666392311,32.1227852,34.7853017
3666449880,32.0754437,34.7911195
3666479493,32.0733115,34.7889391
3666479496,32.0734385,34.7891118
3667590706,32.0644746,34.7908364
3667593236,32.0634979,34.7761273
3668921327,32.0504306,34.7580217
3668921328,32.0510111,34.7571033
3668921343,32.0503662,34.7572862
3675733112,32.0705863,34.7824498
3675733267,32.0732147,34.7875582
3676466165,32.0764313,34.7799246
3676466168,32.0768334,34.7807682
3676466170,32.0764021,34.7801202
3678367011,32.0633616,34.7790289
3686260550,32.0761534,34.7866257
3686883539,32.0658481,34.7839923
3690190562,32.0696046,34.7889052
3690190563,32.0690671,34.7888032
3690207089,32.0726605,34.7898866
3693554179,32.067358,34.7852963
3693554209,32.0693267,34.7875934
3693586948,32.0671412,34.7896304
3693586952,32.067265,34.7888839
3697053925,32.0704433,34.7848149
3697053928,32.0704153,34.7839714
3697053930,32.0704391,34.7850224
3698767277,32.0536936,34.7709882
3698767279,32.0537251,34.7710542
3699173847,32.061769,34.7813872
3699173848,32.0610667,34.7821779
3699173862,32.0622676,34.7807613
3699173870,32.0625747,34.7811622
3699173878,32.0628849,34.7796528
3699173883,32.0615161,34.7792316
3699173886,32.0626915,34.7796374
3699173893,32.0631483,34.7793569
3699173896,32.063792,34.7778492
3699173911,32.0654877,34.7812121
3699173912,32.0652995,34.7816831
3699173917,32.0636667,34.7763925
3699681066,32.0692415,34.787695
3700677373,32.0703456,34.7878359
3700677375,32.0725069,34.7942122
3703608766,32.0656233,34.7848694
3711110970,32.0809475,34.7968552
3712693700,32.066991,34.7833234
3713791729,32.0635237,34.7837003
3717712396,32.0703008,34.7826213
3722074035,32.074261,34.7997109
3722074036,32.0741753,34.7996798
3723792724,32.0892884,34.7969236
3724244937,32.0659596,34.7835284
3724244938,32.0654669,34.7857547
3724708192,32.0737262,34.7880965
3725504654,32.0881242,34.772221
3725505594,32.0524451,34.7722303
3725505595,32.0523778,34.7723491
3726520764,32.0463901,34.7779363
3726520765,32.0466708,34.7770436
3726520780,32.0454624,34.7778758
3727186429,32.070626,34.7848147
3736070220,32.0731098,34.7836367
3737992936,32.0859924,34.7925687
3738151583,32.0495456,34.8015428
3738151607,32.0478852,34.8099927
3738151608,32.0478456,34.81016
3738151609,32.0479698,34.8101406
3738151610,32.0479574,34.8100176
3738151611,32.047826,34.8100475
3738160515,32.063856,34.7993423
3738160521,32.064162,34.799688
3739773083,32.0625624,34.7837372
3739773085,32.0629306,34.7837738
3745144186,32.1241626,34.8252207
3762374460,32.0760713,34.7934098
3762480071,32.0734253,34.7880954
3771708550,32.0467813,34.7628718
3773336621,32.0556722,34.7561637
3817373277,32.0413651,34.7655086
3817373287,32.0344539,34.7586246
3817373294,32.0354693,34.7579798
3820683112,32.0696009,34.7832445
3820786814,32.0777604,34.7913088
3867899642,32.1033127,34.7927363
3867899644,32.1028992,34.7928153
3868299946,32.0757328,34.7733499
3868299947,32.0760023,34.7730059
3873177174,32.081591,34.7794394
3909311113,32.0457832,34.7627777
3910502426,32.107066,34.8290536
3910502440,32.1028049,34.7928349
3910502869,32.1029337,34.7932471
3912852015,32.0703343,34.7884451
3914275806,32.069594,34.782479
3914294053,32.0632833,34.7796333
3917184873,32.0684785,34.7949975
3930029983,32.1031445,34.7890197
3930029984,32.1029511,34.7895855
3948253112,32.1058421,34.8133981
3948253114,32.1068566,34.8133931
3948253115,32.1065521,34.8135191
3948253117,32.1067875,34.8137759
3965819939,32.039772,34.775979
3965819942,32.0383916,34.7777905
3965819955,32.0381797,34.7775292
3979130628,32.0519573,34.7509379
3980709597,32.0695236,34.7831969
3985298557,32.0646235,34.7675914
3985298558,32.0633867,34.766923
3985298559,32.0629771,34.7684282
3985298561,32.0632189,34.7682201
3985298562,32.0634219,34.7680453
3985298563,32.0635664,34.7674502
3985298565,32.0637577,34.7677563
3985298566,32.0640067,34.7680711
3985298575,32.0656383,34.7649026
3985298576,32.0654478,34.7650147
3985298578,32.0653571,34.7649247
3985298579,32.0653864,34.7647168
3985298582,32.0656459,34.7648171
3985298592,32.0660605,34.7632306
3985298595,32.0654392,34.7646721
3985733417,32.1224307,34.823266
3986030958,32.0983039,34.7769503
3986557762,32.1410689,34.8007089
3987152341,32.0724787,34.7646385
3987152342,32.073072,34.7648783
3988271548,32.0965453,34.7733761
3988271549,32.096441,34.7731951
3988271551,32.0727898,34.7658946
3990123466,32.074367,34.7990411
3990123467,32.0750535,34.7996123
3990123468,32.075139,34.7993201
3990123475,32.0757403,34.8000208
3991299385,32.1201328,34.8355729
3991299391,32.1196515,34.8313089
3991299393,32.119534,34.8309871
3992078710,32.0536871,34.754871
3992078740,32.0478661,34.7524473
3992078752,32.0521462,34.7502762
3992798245,32.057661,34.7796562
3992803564,32.0696471,34.778382
3992803565,32.0681999,34.7779348
3992803566,32.0680312,34.7786871
3992803567,32.0681455,34.7781726
3992803577,32.0605357,34.7745037
3997365733,32.0657944,34.8027877
3997365735,32.0659683,34.8025563
3999780946,32.0540561,34.7840778
3999780947,32.0542526,34.783381
3999797591,32.0551483,34.7869208
3999875641,32.0596509,34.7674356
4000722256,32.0781369,34.7883533
4000823192,32.0734477,34.7871863
4000823193,32.0732216,34.7836428
4000823194,32.0734175,34.7833737
4010257603,32.0642266,34.7689793
4010257615,32.0630012,34.7699644
4010257616,32.0628367,34.7700019
4010782672,32.0820348,34.7943777
4013462837,32.0661118,34.7658349
4014448473,32.078559,34.7800909
4014513958,32.0668169,34.7846523
4014929254,32.0638448,34.7744913
4017282098,32.0590948,34.7836233
4017282099,32.0591741,34.7835603
4017282120,32.0606715,34.7819064
4017282123,32.0610832,34.7820239
4017282124,32.0610398,34.7818132
4017282126,32.0608476,34.7820316
4018510522,32.0645613,34.7696591
4018510533,32.0647011,34.7694301
4018510534,32.0646538,34.7691156
4018542415,32.0649575,34.7665808
4018542421,32.0653322,34.7674489
4020571610,32.0635435,34.7760287
4023817515,32.0710277,34.7690351
4031900533,32.0759813,34.7843898
4031900544,32.0755879,34.7843456
4031900547,32.0763149,34.7819432
4033905181,32.0928022,34.7936074
4033905186,32.0949783,34.791077
4057414386,32.1154193,34.842344
4057414388,32.1157547,34.8422589
4060733696,32.0468342,34.7696168
4060733735,32.0386694,34.7694541
4064096503,32.050715,34.7822393
4064096512,32.0505924,34.7821179
4064096513,32.0505868,34.7822737
4064420014,32.0472496,34.785495
4064420023,32.0469528,34.7880828
4064420025,32.0470657,34.788024
4064420031,32.0478559,34.7896205
4066061782,32.075096,34.7665016
4066073761,32.0594086,34.7869504
4067822527,32.1072453,34.8302279
4067822530,32.1070037,34.8298576
4071359743,32.0499181,34.7880703
4079232701,32.0870544,34.7958641
4079232702,32.0869188,34.7955368
4079232703,32.0872537,34.7955946
4082010253,32.0671733,34.7812557
4082010268,32.0703397,34.7861294
4082010275,32.0704102,34.7861321
4084752266,32.063354,34.7852655
4085651845,32.0680345,34.7832594
4086326499,32.0649969,34.7827049
4086326504,32.0650121,34.7824055
4088996516,32.059243,34.8040116
4089921570,32.0671784,34.7867542
4095100618,32.0801407,34.7954225
4113619421,32.1185147,34.7999769
4113619442,32.1205967,34.8004063
4131676722,32.0487867,34.7793887
4131676723,32.0487022,34.7797313
4131740918,32.0541378,34.7571787
4131740925,32.0532622,34.7564769
4134443792,32.0504469,34.7721602
4134443793,32.0503013,34.7721685
4134443794,32.0504175,34.7719954
4134443819,32.0511564,34.7723552
4134443842,32.0559837,34.7746129
4135912116,32.1150855,34.8414867
4135912119,32.1143751,34.8407592
4135912126,32.1145034,34.8409294
4135912141,32.1142907,34.8432295
4135912142,32.1133171,34.8429257
4135912159,32.1144563,34.84044
4135912160,32.1148001,34.8411874
4135912167,32.1134126,34.842951
4135913589,32.1145988,34.8407443
4135913597,32.1139533,34.8430713
4135913599,32.1143823,34.8408302
4135913608,32.1147124,34.8404734
4135913628,32.1152572,34.8433639
4135913635,32.1138758,34.8403287
4135913643,32.1132961,34.8430121
4135913655,32.1151259,34.8433863
4135913663,32.1139406,34.8431641
4139634013,32.0557385,34.7577918
4139634014,32.0556279,34.7580883
4139634015,32.058173,34.7633291
4139634023,32.0639568,34.7658614
4139634029,32.0640834,34.765775
4139634056,32.0561235,34.7624474
4139634057,32.05616,34.7625264
4139634059,32.0569182,34.7633783
4139634060,32.0570122,34.7633053
4141006990,32.0578804,34.7638705
4162302818,32.0384704,34.7478523
4162302824,32.0383219,34.7485696
4162302826,32.0382844,34.7487675
4162302827,32.0382755,34.7488145
4162302831,32.0394648,34.7468613
4162302833,32.0375306,34.7466071
4162302834,32.037606,34.7470563
4162302836,32.0369016,34.7470307
4162302874,32.0369418,34.7484192
4162302880,32.03722,34.7486586
4165518776,32.0484879,34.7758831
4165518777,32.0485896,34.7764963
4165518778,32.0498374,34.7762846
4165518779,32.0503185,34.776443
4165518782,32.0488287,34.7759696
4165518783,32.0486248,34.7759449
4165519902,32.0507974,34.7743036
4166597195,32.0739372,34.779853
4166597202,32.0724791,34.7785027
4170418930,32.0586272,34.7686122
4170418936,32.0595205,34.7671057
4173059486,32.1145357,34.840547
4173059487,32.1144116,34.8405548
4173059488,32.1158221,34.8389614
4173072390,32.1146033,34.840806
4173072392,32.1166853,34.843619
4173072393,32.1133921,34.8430357
4173072396,32.1164072,34.8431766
4173072397,32.1163741,34.8431278
4177163632,32.086813,34.7811878
4177163633,32.0861215,34.7810381
4178326221,32.1139858,34.8074519
4178326222,32.1154673,34.8073176
4178326223,32.1163318,34.8072642
4178326224,32.1165697,34.8072518
4188285331,32.075812,34.7913779
4202176342,32.1181679,34.7908167
4203241203,32.1143219,34.8188749
4204587168,32.0709621,34.7890383
4207109268,32.0444452,34.7793496
4220237826,32.1155874,34.8417283
4225213063,32.1085329,34.8095351
4232510967,32.1078134,34.8113092
4239906732,32.0821659,34.7995883
4252486759,32.0806205,34.7955796
4253794363,32.0561933,34.7779049
4289060558,32.0639253,34.8003365
4289060584,32.0648108,34.8009579
4289060585,32.0648165,34.80132
4289061616,32.0648393,34.8005395
4413855649,32.0701096,34.7788023
4413855650,32.0696044,34.7810194
4415217475,32.0770271,34.78877
4415217477,32.0770662,34.7888673
4415217481,32.0784811,34.7887254
4415217486,32.0785361,34.7912123
4415218497,32.0786537,34.7885193
4415218499,32.0797592,34.7886849
4416355537,32.0734962,34.7926924
4416355538,32.0732766,34.7923823
4439377039,32.0507197,34.7587385
4439377040,32.0505143,34.7584693
4469983969,32.0814958,34.7813745
4475762404,32.0667346,34.7792911
4475762405,32.0665465,34.7791679
4484352857,32.0780491,34.7721853
4494654594,32.0815463,34.7812744
4508998791,32.1248605,34.8247853
4508998810,32.1224922,34.8234537
4517981860,32.066956,34.7835292
4520938052,32.0487644,34.7831103
4520938054,32.0492984,34.783111
4520945911,32.0498177,34.7826035
4520945912,32.0498126,34.7825104
4523332810,32.0856226,34.795611
4523476061,32.0834123,34.7798574
4569105736,32.1087496,34.8395625
4582891013,32.0562396,34.7695882
4593945197,32.1128837,34.8189378
4637004586,32.0500757,34.7634035
4637515475,32.0681838,34.7686729
4649675001,32.0980435,34.8007943
4664862036,32.0827909,34.7840108
4664862039,32.082819,34.7890992
4664862040,32.0825963,34.7899403
4665356128,32.1143712,34.8256395
4704279199,32.0510196,34.7501159
4708890371,32.1191103,34.8111945
4708890372,32.1194025,34.8097856
4714893624,32.0529874,34.7678881
4715010762,32.0536289,34.7613765
4715010764,32.0534422,34.7618607
4715570339,32.052826,34.7654934
4715570340,32.0528778,34.7653451
4715570342,32.0532206,34.7652935
4716247508,32.0503934,34.7512265
4716247518,32.0504683,34.7514765
4716247523,32.0503301,34.7512398
4716344838,32.0512411,34.7556005
4716344841,32.0519655,34.7555778
4716344842,32.0524021,34.7555958
4755318751,32.0967315,34.7928032
4755318753,32.0967912,34.7926698
4755318765,32.0993195,34.7935847
4755318773,32.0970409,34.7937797
4831211731,32.0850785,34.7714068
4831211734,32.0855847,34.7702802
4833025980,32.0602437,34.76791
4852121100,32.1104705,34.8379101
4852121101,32.1104222,34.8378613
4852355517,32.1124769,34.8394216
4865879049,32.0880562,34.7899349
4875389968,32.0641853,34.7792073
4903471073,32.0967303,34.7938611
4927800392,32.0952637,34.799099
4927800393,32.0952545,34.8002116
4963529977,32.0774983,34.7970577
4967488032,32.0555396,34.7669581
4970950150,32.0540346,34.7580472
4970978701,32.1248752,34.8010213
4970978703,32.1247201,34.8029467
4995069457,32.122507,34.817778
5010962692,32.0674822,34.7947836
5029581494,32.0571885,34.7838198
5029581497,32.0569861,34.7848668
5029581500,32.0569947,34.7837798
5104788482,32.0387486,34.7493904
5163526814,32.0670236,34.7840215
5163526949,32.0688797,34.7862187
5194536394,32.0597869,34.7807694
5194536395,32.0598107,34.7807969
5219478944,32.0534943,34.7542607
5264234782,32.1172576,34.795008
5264242747,32.1139445,34.7950092
5265711631,32.0466011,34.79127
5270167232,32.0575252,34.7993978
5270167234,32.0565053,34.7986142
5270167235,32.0575302,34.798982
5291292908,32.101182,34.7754181
5318369258,32.0559955,34.8044227
5339182017,32.0761799,34.793455
5339182018,32.0768075,34.7938032
5339182019,32.077019,34.7931942
5346499550,32.0473725,34.7914869
5346499553,32.0471746,34.7919808
5346499554,32.0465395,34.7908211
5346499563,32.0465484,34.7910122
5375825415,32.0464337,34.7985949
5422323172,32.0769068,34.793869
5422323191,32.0771308,34.7932194
5422323211,32.0770438,34.7933257
5502073963,32.0782258,34.7950492
5594769620,32.0607787,34.7946862
5594905580,32.0600006,34.7962306
5596652341,32.0554844,34.7824742
5604911212,32.1064233,34.8019317
5617978967,32.128406,34.8333218
5617979005,32.1278485,34.8330617
5617979332,32.1281859,34.8345565
5723720351,32.0938788,34.7905722
5832473407,32.0822689,34.7913664
5838110301,32.0610018,34.7709058
5852226393,32.0693113,34.7936053
5852226402,32.0696309,34.8006792
5852226409,32.0667819,34.7947011
5852226416,32.066213,34.7968352
5852226417,32.0678897,34.7948387
5852226420,32.0681869,34.7932399
5853896368,32.0444758,34.7961318
5853896369,32.0456151,34.7988314
5853900999,32.0469397,34.7986288
5853901000,32.0469859,34.7983572
5853901002,32.0468307,34.7985121
5854741474,32.0586528,34.7644361
5854741476,32.0582541,34.7646799
5854741478,32.058795,34.7647233
5858082977,32.0843121,34.7866155
5861656575,32.0854388,34.7906888
5861656576,32.0852277,34.7908049
5861656577,32.0847094,34.790896
5862276273,32.0858671,34.7849195
5894576017,32.1243561,34.8047111
5909488103,32.0827791,34.7892797
5909488104,32.0825905,34.7890749
5913155755,32.0866456,34.7861005
5913155761,32.0865237,34.7869774
5913155762,32.0864417,34.7875729
5913217112,32.084313,34.7900561
5913461266,32.0829529,34.7812946
5913461268,32.0831489,34.7810305
5914178738,32.1101874,34.8259858
5914178740,32.1103063,34.8256984
5914178741,32.1218729,34.8250451
5914178744,32.1220788,34.825216
5914441596,32.0698744,34.7922966
5914441599,32.0699184,34.7918148
5923748619,32.0733246,34.7661168
5928155222,32.05661,34.7598624
5928553621,32.0509546,34.7529075
5928553622,32.0510977,34.7529251
5928553624,32.0521758,34.7530624
5928553628,32.0508449,34.7525757
5928553629,32.050746,34.7528885
5928553650,32.0511763,34.7539599
5928553657,32.0510768,34.7531471
5948023594,32.0837631,34.7822834
5957905806,32.0638207,34.7645964
5957905807,32.0632665,34.7648473
5957905808,32.0633695,34.7650697
5957905816,32.060332,34.7640358
5958785286,32.0547402,34.7575506
5958785290,32.0544641,34.7577853
5958934395,32.0586042,34.7680288
5959043985,32.0710917,34.767081
5959244491,32.0852234,34.7737671
5988364211,32.0631765,34.7969327
5988364212,32.0631669,34.7968086
6017519909,32.0604067,34.7686373
6017594665,32.0390249,34.7560772
6017594666,32.0391245,34.7564881
6017594673,32.0424654,34.758056
6017594674,32.0421251,34.7593511
6017594675,32.0436223,34.7594237
6017732743,32.0466549,34.7579344
6017732745,32.0437369,34.7568043
6017732748,32.0444364,34.756647
6017732764,32.0445596,34.7566592
6019222305,32.0415895,34.7542419
6019222307,32.0418861,34.7536974
6030300138,32.0548079,34.7584211
6030392594,32.0414699,34.7496378
6035020757,32.0490104,34.768069
6035020759,32.0488913,34.7677417
6041090849,32.0620967,34.7818808
6052821191,32.0435303,34.7903225
6052821192,32.0434835,34.7899086
6054969201,32.0520422,34.7910566
6060497148,32.0873277,34.7869402
6060497153,32.0872443,34.7884616
6060497157,32.0868854,34.7883749
6060497159,32.0871443,34.7875837
6060497173,32.0860773,34.7886704
6063048202,32.0877337,34.7846612
6063048205,32.087887,34.7838311
6063048210,32.0878226,34.7838182
6063048211,32.0876619,34.7846473
6065966319,32.0714663,34.7719472
6077474269,32.0788695,34.7912756
6077474273,32.0787244,34.7915397
6095670906,32.0585601,34.7794415
6095670907,32.0584525,34.7790541
6100854619,32.0694487,34.7935324
6100854621,32.0681483,34.7931269
6133432973,32.0395686,34.7509458
6133432974,32.0394935,34.7506766
6133447677,32.0434837,34.7480951
6133475752,32.0427852,34.747457
6133475754,32.0429286,34.746955
6133515873,32.033322,34.7500407
6133593966,32.0365425,34.749058
6133593984,32.0366881,34.7523902
6137358182,32.0560934,34.7811088
6137358688,32.0566724,34.7825712
6137993452,32.0574111,34.7645199
6139395796,32.0591506,34.7849233
6139395800,32.0584811,34.7852752
6140624186,32.0563125,34.8051418
6144664091,32.0932149,34.7977741
6144664092,32.0929399,34.7998498
6144664093,32.0931189,34.7979171
6145368549,32.0631426,34.785662
6153833372,32.042234,34.7514741
6153833377,32.0430128,34.750503
6153833379,32.0436155,34.7511414
6153833380,32.0433686,34.7510686
6154187420,32.0579651,34.7585243
6154187427,32.0564108,34.7570247
6154187436,32.0570461,34.7587691
6154187438,32.0575309,34.7588528
6154187445,32.0446265,34.7627115
6154187458,32.04813,34.7488831
6154187461,32.0484686,34.748521
6154187466,32.0477895,34.749259
6154187468,32.0460132,34.7516837
6154187484,32.0456299,34.7516486
6154204088,32.0468911,34.7503163
6154204089,32.0467463,34.7507601
6164276607,32.0526914,34.7635823
6165291686,32.0742673,34.7969331
6174571920,32.1190099,34.8220137
6174571927,32.1190076,34.8221373
6174571928,32.1191211,34.822152
6174571931,32.119127,34.8220085
6269788099,32.0680219,34.7631626
6269788101,32.0623316,34.7630261
6269826300,32.0665271,34.7823189
6269826302,32.0666535,34.7824312
6271076529,32.0634764,34.792241
6276269922,32.0667424,34.7822553
6276721019,32.0372989,34.7577421
6276721020,32.0367626,34.7575556
6277973442,32.0898032,34.7881657
6278484730,32.0478933,34.7931434
6287116913,32.0945506,34.7790355
6287116917,32.0944169,34.7789655
6289017261,32.0974428,34.7761537
6301371521,32.0925811,34.7735541
6301371523,32.0924895,34.7733058
6333312433,32.0451043,34.8104469
6337907149,32.110268,34.7895506
6337907150,32.1103194,34.7894444
6337907151,32.1102719,34.7891924
6337907153,32.1102917,34.7890309
6351946426,32.1069661,34.8361603
6362689601,32.0455972,34.7577379
6362689605,32.0453905,34.7581023
6380227172,32.0502533,34.7513668
6380227173,32.0497962,34.751021
6380227174,32.0500756,34.7512324
6380227175,32.0491461,34.7514197
6380227176,32.0493673,34.7512091
6380227177,32.0496986,34.7513263
6404016155,32.0861794,34.7927153
6404016156,32.0862133,34.7925445
6416170150,32.0393594,34.7766722
6420376496,32.0639758,34.7831704
6420450332,32.0633662,34.7854134
6420450333,32.0638904,34.7831376
6422847033,32.0667079,34.7626226
6427348001,32.0905353,34.7802813
6427502027,32.0631335,34.7640635
6427502028,32.0629223,34.7643801
6427604008,32.0463461,34.803301
6427604009,32.0453401,34.8045238
6427604011,32.0459593,34.8032294
6427604012,32.0460868,34.8031503
6427604013,32.0461696,34.8033784
6427604014,32.0460509,34.8033273
6427604034,32.0466622,34.7910197
6432694165,32.0794976,34.7794283
6433801096,32.0841984,34.7767058
6438921841,32.076925,34.7936565
6454376352,32.0571203,34.7597599
6454376359,32.0568856,34.7597352
6454784752,32.0589409,34.7599424
6454785121,32.0536862,34.7593058
6454785174,32.0392291,34.756151
6472964370,32.1107634,34.8422702
6479020099,32.0808176,34.7969748
6479020103,32.0815035,34.7965049
6479020109,32.0810217,34.7969823
6483807579,32.1062066,34.8007762
6483807580,32.1061693,34.8005277
6483808527,32.1107106,34.8034516
6483808528,32.1105204,34.8037047
6485448245,32.0908548,34.7798495
6485448248,32.0875874,34.7795631
6485685135,32.0793571,34.7670614
6487725628,32.0675081,34.791582
6488204572,32.051385,34.7585508
6495095705,32.0489955,34.7519523
6495095708,32.0488782,34.7526547
6495095710,32.0490376,34.7532139
6495095746,32.0485568,34.7491288
6495095749,32.0486424,34.7504143
6496211525,32.0533914,34.7542659
6502043971,32.0555308,34.7566511
6502043984,32.0558765,34.7566597
6502045903,32.0554547,34.756322
6502045904,32.0553591,34.7568307
6502045907,32.0556156,34.7566441
6507643701,32.0825549,34.7965693
6507870258,32.0724831,34.7899372
6538159016,32.1218347,34.80527
6538159018,32.1211416,34.8058401
6539109865,32.1227682,34.8025404
6566105107,32.059156,34.7602051
6579560105,32.1155393,34.8434203
6579560106,32.1155305,34.8434893
6579560108,32.1154193,34.8427158
6579560109,32.1154883,34.8423562
6579560110,32.1153311,34.8433787
6579560111,32.1152857,34.843433
6579560114,32.1153508,34.8427015
6579560130,32.1180018,34.8386953
6579560133,32.1164808,34.8406731
6754914546,32.0354347,34.7577147
6754914547,32.0353046,34.7578973
6760419096,32.0477343,34.7532721
6760419098,32.0479834,34.7535922
6760419099,32.0476907,34.7535191
6760419102,32.0473782,34.7548127
6760419103,32.0476208,34.7542783
6814585213,32.0559285,34.7625848
6822274805,32.1433023,34.7982313
6822274807,32.1434154,34.7981124
6822274808,32.1431689,34.7980604
6824876056,32.0418854,34.7678721
6824876058,32.0443845,34.7677602
6824876061,32.0432922,34.767492
6861829277,32.0318393,34.745527
6861849403,32.0445864,34.7480595
6879485112,32.110487,34.8417979
6952780428,32.0337834,34.7537709
6952780430,32.0338825,34.753615
6952780432,32.0337348,34.7535178
6989513263,32.0478925,34.7630738
6989513267,32.0468109,34.763007
6989513269,32.0472395,34.7635284
6989554194,32.0450961,34.7730708
6989554199,32.0466129,34.7736906
7006119053,32.1026263,34.7893839
7006119054,32.0990569,34.7892614
7006119058,32.1001012,34.7897679
7006119060,32.1003821,34.7894329
7006119064,32.1000119,34.7882185
7006119070,32.1002799,34.7893472
7006119073,32.1000172,34.7884594
7006119074,32.1001272,34.7888199
7006119075,32.1000541,34.7888342
7037014411,32.0824905,34.7952826
7052661053,32.0602574,34.7717693
7056968251,32.065854,34.764002
7058610554,32.0596027,34.7659267
7067508722,32.0483454,34.7569831
7142847118,32.0696946,34.7922406
7160499215,32.0498358,34.7996647
7230522246,32.0911836,34.7986892
7276228507,32.0548287,34.7737239
7284338856,32.0753686,34.795834
7534151841,32.0679463,34.7681498
7560875873,32.0691663,34.7861429
7565311146,32.0818476,34.7961534
7616640592,32.081613,34.7980758
7616640595,32.0812843,34.7967272
7704552120,32.0523848,34.7654819
7768335018,32.0683955,34.7771948
7769911996,32.0672128,34.7723423
7891472525,32.0880257,34.7790423
7985445003,32.0343101,34.744367
7996757599,32.0881577,34.7823888
8024094090,32.0428199,34.797508
8024094091,32.0428238,34.7974072
8024094098,32.0425781,34.7959822
8024094218,32.0466866,34.7989099
8024094426,32.0443589,34.7980364
8024094429,32.0442663,34.7979981
8024094438,32.0445145,34.7971462
8024158215,32.0442857,34.798108
8024158227,32.0442353,34.7954626
8024232184,32.0469307,34.7986913
8024245166,32.0468593,34.7990891
8107538553,32.0536618,34.760778
8107538554,32.0542471,34.7610215
8124946026,32.0764274,34.7919233
8125165329,32.0631623,34.7754565
8125165330,32.0628509,34.7750245
8125165332,32.0625188,34.7745103
8125165352,32.0635516,34.7762628
8125165355,32.0636193,34.7764861
8129282766,32.0442784,34.8044763
8129329732,32.0520078,34.7654131
8264774089,32.0803812,34.7958445
8312934743,32.0592742,34.7841984
8312934747,32.0591552,34.7838567
8312938434,32.0593955,34.7858177
8312938435,32.0592215,34.7858072
8319637684,32.072643,34.7942614
8348076925,32.095856,34.7760456
8400880069,32.0593217,34.7868904
8400880071,32.0594142,34.7867515
8400880094,32.0726789,34.7936347
8400880101,32.0726867,34.7939511
8400880105,32.0727731,34.793885
8400884824,32.0730432,34.7930658
8401791011,32.121627,34.8225937
8423778826,32.0549739,34.7747707
8423778829,32.0548948,34.7739951
8423778839,32.0595503,34.7779757
8423787813,32.0555725,34.7562738
8446382542,32.0517079,34.7651091
8476326721,32.0469425,34.7863684
8476326813,32.046967,34.7808099
8476340122,32.0471925,34.7808615
8476549335,32.073334,34.7860745
8489857363,32.0453919,34.8074719
8557525209,32.1031613,34.7927605
8560706148,32.049624,34.7586739
8561185788,32.0591632,34.7963888
8561185789,32.0591635,34.7977661
8569097451,32.0511187,34.7538158
8569097452,32.0510769,34.7539552
8576871918,32.0507294,34.7503439
8582199736,32.0875626,34.79101
8586797455,32.0406148,34.7691014
8589321856,32.0374875,34.7495512
8589321882,32.0343344,34.7491686
8589321891,32.0343249,34.7493648
8589321892,32.0342276,34.7492522
8596013133,32.0896254,34.7981629
8596013136,32.0887847,34.7990232
8610968868,32.1023564,34.8024215
8629130908,32.0697971,34.7871004
8629864196,32.0534548,34.7721617
8629864199,32.0533389,34.7720135
8647535227,32.0815442,34.7708243
8660335848,32.0457078,34.7495782
8660335849,32.0444341,34.7499349
8660335850,32.0453218,34.7489236
8660335851,32.0452257,34.7492614
8660335861,32.0395824,34.7502212
8660335862,32.0391703,34.750103
8661339696,32.0960562,34.7761414
8717879036,32.0492043,34.763657
8717879047,32.0459122,34.7625789
8717879067,32.0491749,34.7638838
8718926517,32.0518158,34.7530086
8719703147,32.0748231,34.797478
8875028160,32.0364123,34.7549479
8875450555,32.0727925,34.8006104
8887759663,32.1276291,34.8362287
8887759664,32.1272455,34.8362168
8911780977,32.0910215,34.7886477
8914420748,32.0731527,34.796846
8914420749,32.0735624,34.7954292
8914420752,32.0736069,34.7951618
8914420754,32.0736751,34.7951878
8914420761,32.0736629,34.7950932
9037779449,32.0516805,34.7742438
9077150014,32.1073651,34.8301837
9077150016,32.1072732,34.8301531
9077162218,32.106966,34.8301477
9091773207,32.0688925,34.7632319
9162767121,32.0470133,34.7808313
9229524825,32.1183399,34.7863471
9235430519,32.0806829,34.7973583
9256522635,32.1107516,34.7879568
9256522643,32.1106059,34.7881755
9256522651,32.1104359,34.7859388
9256522679,32.1097028,34.7869947
9256522680,32.110241,34.7878924
9256522684,32.1095382,34.7868446
9256522690,32.1103274,34.7881215
9256522709,32.1094501,34.7866689
9258097268,32.0497271,34.7572026
9258097269,32.0497895,34.7572471
9272060065,32.0880081,34.7831735
9272060066,32.088016,34.7826865
9272060067,32.0878697,34.782338
9288598690,32.1093212,34.8088632
9289008436,32.0905281,34.799064
9289008439,32.0907135,34.798583
9289008440,32.0910826,34.7986011
9289008441,32.0909484,34.7986275
9289008444,32.0907638,34.7984487
9289008449,32.0908954,34.7980777
9295247778,32.0536326,34.8028499
9295247780,32.0537928,34.8028334
9307558594,32.0569397,34.7601263
9314660536,32.0452788,34.7722894
9330607030,32.0618156,34.7731481
9381749994,32.0623564,34.7808594
9399427381,32.0778105,34.773871
9400490651,32.0784799,34.7732447
9405659116,32.078447,34.7731409
9409993672,32.0669395,34.7815926
9410757380,32.0655821,34.7855751
9488926152,32.1182396,34.8049617
9489974544,32.1002911,34.7861673
9540544798,32.0604707,34.7770965
9590059284,32.0958181,34.8033922
9604148233,32.1159279,34.8257353
9624492242,32.0605017,34.7771884
9683452903,32.066076,34.7837019
9683452910,32.0693299,34.786319
9683503123,32.0661106,34.7837726
9709113975,32.0973592,34.7759092
9709113999,32.1008035,34.7751621
9709114002,32.1008833,34.7752311
9709161820,32.1000699,34.7757521
9709161832,32.1005379,34.7754572
9709161880,32.0951556,34.772938
9723706782,32.0548634,34.7610246
9759325538,32.0464806,34.7954874
9780236984,32.059151,34.7777199
9829309823,32.0386982,34.7591961
9875349279,32.0855764,34.7724758
9890403375,32.1184433,34.7864176
9890403392,32.0972675,34.7949664
9890403397,32.0972897,34.7947951
9901230628,32.108558,34.8357833
9917964182,32.0852392,34.7981438
9931532351,32.1439896,34.8010052
9953907647,32.0765396,34.7918268
9970549279,32.0547256,34.7649907
9970960129,32.0661612,34.7838837
9970960130,32.0658944,34.7837084
9970960139,32.0646446,34.7818376
9971016122,32.0306087,34.7507118
9975639453,32.048253,34.7643088
9975639454,32.0484103,34.7642168
9982045002,32.058364,34.7981547
9982045008,32.0560678,34.798924
9982045009,32.0563286,34.7989343
9982045011,32.0564968,34.798941
9982045012,32.0567726,34.7993762
10008579041,32.0970367,34.7948256
10008579051,32.0964681,34.7921765
10018819914,32.0765205,34.7919891
10050429395,32.0618112,34.7762635
10050458133,32.0636608,34.7752363
10126191176,32.0467217,34.7830969
10127170956,32.1170895,34.7897953
10127170957,32.1169485,34.7903212
10127170959,32.1170418,34.7903407
10127315762,32.0780179,34.7927256
10127317574,32.0768308,34.7938803
10127374867,32.069243,34.7875063
10127374874,32.0693646,34.7857487
10166105029,32.141821,34.7990142
10238228716,32.0785515,34.7798864
10247433612,32.036832,34.7617558
10249498060,32.0515821,34.7599035
10279762507,32.0437032,34.776158
10301886577,32.0646129,34.7817848
10304320415,32.0635508,34.779917
10304320419,32.0638658,34.7805209
10405482952,32.0897369,34.8010937
10567705312,32.0490724,34.763191
10568511022,32.0592818,34.7898389
10568511033,32.0567038,34.8064115
10577103074,32.0475946,34.7938493
10577103089,32.0527273,34.7914719
10577103107,32.0539722,34.7909245
10577103115,32.0540254,34.7916262
10577103124,32.0592459,34.7867655
10577115211,32.0593048,34.785705
10578320574,32.0724971,34.764554
10578420600,32.0725292,34.7834048
10578420602,32.0727203,34.7834603
10578420614,32.0737579,34.7836568
10578430746,32.0708917,34.7721137
10578527867,32.0844919,34.7742833
10579294317,32.1089972,34.8361229
10579294329,32.1122907,34.8393128
10579294334,32.1121674,34.8395602
10579297244,32.1091775,34.8359352
10579349744,32.1068427,34.8331936
10579550535,32.120119,34.8355162
10579550539,32.1189646,34.8357431
10579564565,32.1206121,34.8352828
10579564566,32.1184921,34.8343836
10579564570,32.1188088,34.8344028
10579564601,32.1104229,34.8314068
10579564628,32.109007,34.8301815
10586906453,32.1237152,34.7887934
10589022187,32.1422972,34.7972295
10589022189,32.1424181,34.7968768
10720644667,32.0364058,34.7585165
10733523520,32.0692257,34.7861263
10735927041,32.0564971,34.8004359
10742383295,32.0646666,34.7861247
10743646022,32.0675566,34.7871132
10761678350,32.0605367,34.7757277
10761852042,32.0690231,34.7872445
10771925362,32.1283584,34.789128
10771925373,32.1283541,34.7892175
10778529220,32.0458645,34.7793576
10778529222,32.0457945,34.779378
10790642147,32.0780712,34.7864858
10790642168,32.0783693,34.78762
10790642178,32.0783734,34.78834
10790642191,32.0785332,34.7884973
10790642194,32.0783182,34.7884222
10790642196,32.0781926,34.788348
10790656316,32.0781233,34.7866937
10790656319,32.0782676,34.7867636
10790656322,32.0781727,34.7866668
10790656344,32.0782471,34.7868836
10790656350,32.0782007,34.7867476
10793161020,32.0704074,34.7845317
10793161022,32.0703776,34.784815
10814034526,32.1235725,34.7886522
10814034527,32.1236227,34.7875659
10814329461,32.1237302,34.7885797
10814434067,32.0815604,34.7932063
10814434068,32.0814779,34.7931893
10822444313,32.1274512,34.7902719
10829002281,32.1182348,34.8113327
10829002286,32.1187135,34.8120548
10829002290,32.1188862,34.812081
10829033609,32.1209533,34.7977327
10829033610,32.1214137,34.7978161
10829428945,32.1369577,34.7935953
10829428954,32.1375052,34.7936634
10901313411,32.1389576,34.795735
10901313418,32.138909,34.7959376
10901313426,32.1429052,34.7956397
10901313465,32.1392877,34.7937142
10903431395,32.0444074,34.748783
10903431396,32.0444693,34.7490602
10903431398,32.0447775,34.7485249
10907653669,32.1382091,34.7983221
10921435231,32.0431781,34.763146
10921435232,32.0426237,34.7631151
10926320334,32.1417164,34.7988617
10926320336,32.142486,34.7966986
10926320337,32.1426814,34.7967921
10926320338,32.1426126,34.7969713
10926320341,32.1420989,34.7967418
10927151080,32.0425444,34.7476501
10942754473,32.1148726,34.7924661
10942994767,32.1142259,34.7856183
10966434666,32.0991241,34.7767094
10968410534,32.1159221,34.7862039
10968410581,32.1131907,34.7860425
10968410651,32.1151941,34.7865127
10976816535,32.0953332,34.7728324
10977776669,32.0963783,34.773723
10981805276,32.0935804,34.7724255
10983773590,32.113216,34.7862099
10983773591,32.113223,34.7861887
10985355495,32.0950902,34.7804744
10985355496,32.095207,34.7810754
10985355501,32.0954997,34.7824931
10985378458,32.0955821,34.7832716
10985378477,32.0960091,34.7903346
10985378480,32.0955473,34.7872826
10985378489,32.0955965,34.7872545
10985378495,32.0960314,34.7905481
10985378556,32.0956096,34.7873799
10985378574,32.0956789,34.7826623
10985378579,32.0954899,34.7828005
10985378665,32.0956372,34.7871345
10985378689,32.0963327,34.7920157
10985378727,32.0969599,34.7930559
10985378740,32.0963594,34.7920834
10985378749,32.0955279,34.7826874
11002129702,32.0916976,34.7961275
11008394312,32.1071155,34.8280527
11012847678,32.0524706,34.7553
11018836787,32.0470297,34.7689527
11018837124,32.0471492,34.76886
11018894720,32.0446314,34.7750186
11018894722,32.0448593,34.7743937
11018894723,32.044507,34.7744561
11018909846,32.0451952,34.7742986
11021254283,32.0556849,34.7552755
11028046634,32.0339303,34.7522104
11028046635,32.0342438,34.7511092
11028046640,32.0340334,34.7519232
11028046645,32.0341008,34.7516897
11028054579,32.052839,34.7595151
11036710226,32.0512136,34.7587413
11042689310,32.0497839,34.756895
11042689312,32.0495956,34.7590078
11043484150,32.1388317,34.7956911
11051699781,32.0549929,34.7591199
11059382591,32.0580534,34.7585264
11059415041,32.0518207,34.7692588
11059415043,32.0517259,34.7691485
11107954570,32.070914,34.7699557
11111183722,32.055383,34.782688
11155512363,32.0765517,34.7962858
11155512364,32.0758685,34.7960009
11155512365,32.0771551,34.7965332
11206316727,32.051468,34.8076877
11267490897,32.1423949,34.7999743
11267490906,32.1422454,34.7997349
11267490910,32.14239,34.7997483
11267490914,32.1424836,34.7993308
11267490925,32.142625,34.7990087
11267490956,32.142419,34.7991566
11267492233,32.1433367,34.7945013
11267492245,32.1381032,34.7983865
11267492246,32.138524,34.7970193
11267492254,32.1394203,34.7934376
11267492256,32.1391572,34.7943338
11267492271,32.139689,34.7922848
11267492307,32.1390493,34.7947719
11267492314,32.1387847,34.7958899
11267492433,32.127709,34.7901355
11267492448,32.1236658,34.7891671
11267492514,32.1240423,34.7889209
11267492526,32.1274016,34.7900267
11364418224,32.1014856,34.7849945
11379560409,32.1399912,34.7909878
11425629863,32.1020924,34.7822836
11425743093,32.1019656,34.7818032
11425767901,32.0875814,34.7837696
11433131999,32.1320631,34.7920736
11433132001,32.1321226,34.7918756
11473316970,32.0643567,34.7755206
11489094007,32.1268354,34.8086034
11493079633,32.1112205,34.7956582
11493079647,32.1113554,34.7964803
11498267668,32.1116424,34.7978211
11498283472,32.1115398,34.7978972
11498283475,32.1116992,34.7980068
11498283483,32.1115852,34.7980298
11498283485,32.1116945,34.7978505
11498283514,32.1115361,34.7979161
11498283527,32.113115,34.7977104
11498283529,32.1129748,34.7976839
11498283530,32.1129856,34.7977817
11501428173,32.1133763,34.8015091
11501428174,32.1134296,34.8013788
11501428175,32.1133153,34.801387
11513717736,32.122631,34.8059156
11515711958,32.0437288,34.8043347
11610634568,32.1103325,34.8380464
11610842369,32.1105925,34.8380495
11645556334,32.1128037,34.7914546
11662200178,32.0565043,34.8018683
11747359689,32.1217311,34.7961129
11768516725,32.0644472,34.781917
11768516726,32.0644996,34.7820058
11806001129,32.1063436,34.8006486
11806001130,32.1063597,34.800542
11806001131,32.1062895,34.8006113
11806001152,32.1060772,34.8011779
11808919720,32.0971142,34.7947405
11816615028,32.0602463,34.803206
11816615030,32.0601241,34.8038137
11825336031,32.0566284,34.7798479
11846590955,32.104183,34.8058592
11846590956,32.1042565,34.8060481
11964303011,32.0321966,34.7529453
11964303020,32.032324,34.7541917
11964303026,32.0320378,34.7547194
12041973939,32.0876198,34.7837773
12041973941,32.0878741,34.7835099
12045211636,32.0863473,34.7771283
12084734255,32.0715107,34.78245
12098262024,32.0850908,34.783022
12110076470,32.0625785,34.7687754
12114425942,32.0577636,34.767709
12115376828,32.0646314,34.7688918
12115376829,32.0646168,34.7688947
12115376830,32.064629,34.7689411
12118976855,32.046343,34.7947804
12120455200,32.1418582,34.7989148
12120460101,32.1419259,34.7990689
12120460109,32.1421941,34.8000245
12120460120,32.141885,34.7988433
12215833806,32.1393504,34.7938184
12287814424,32.0544955,34.7845258
12292683830,32.0609245,34.7845748
12292683832,32.0627913,34.78498
12292683837,32.0632389,34.7853147
12361383714,32.0575523,34.7635776
12361652364,32.0544936,34.7715533
12361652381,32.0531114,34.7703715
12368649407,32.054522,34.7651451
12397670092,32.0865551,34.7762878
12404428905,32.1130298,34.7925075
12404428906,32.112689,34.7921416
12484028607,32.0850266,34.7723966
12498491437,32.0789685,34.7934466
12509865167,32.0466073,34.7732895
12509865170,32.0456956,34.7781348
12509865185,32.0457181,34.7770464
12509865193,32.0455625,34.7775508
12509865194,32.0468297,34.7754167
12514343253,32.0608446,34.7742123
12514343259,32.062594,34.7731314
12554118140,32.0857725,34.7953036
12573584520,32.0568821,34.8062838
12573584521,32.0567477,34.8063038
12573637089,32.0529124,34.8038259
12573637090,32.053001,34.804001
12573637091,32.0530509,34.8039539
12573637093,32.0532118,34.8041448
12573637094,32.0531154,34.8042328
12573637095,32.0530365,34.804215
12573637097,32.0529883,34.8041535
12760486279,32.082361,34.794989
12768324054,32.1149768,34.7847319
12768324059,32.1147823,34.7847014
12771027382,32.0849968,34.7725004
12782509475,32.0479991,34.7822764
12782509476,32.0479301,34.7828373
12783448856,32.062217,34.7852408
12790141878,32.0437259,34.8070856
12832977519,32.1297287,34.8200954
12865038485,32.123789,34.8264535
12869409422,32.0879294,34.7940253
12869409424,32.0879882,34.7934092
12869409443,32.0887823,34.7930679
12887078698,32.1146421,34.7945285
12887078699,32.1148535,34.7945408
12887108501,32.1145152,34.7948597
12887108502,32.1146232,34.7944782
12897960675,32.0796908,34.7751225
12953147551,32.0709342,34.7861536
12959281701,32.059824,34.7656979
12961423143,32.0562022,34.7821434
12961423144,32.0686883,34.7878453
12974302797,32.1062982,34.8020351
12974302798,32.106499,34.801964
12974351410,32.1063576,34.8022151
12982676305,32.0441802,34.7598199
12982676309,32.0446022,34.7605088
12996096279,32.0867199,34.7818076
13009272049,32.1000637,34.7939819
13039592420,32.0828797,34.7715731
13049605337,32.0631507,34.7850789
13064730787,32.0855831,34.780924
13075574794,32.0850725,34.7797119
13076020513,32.0934903,34.8001546
13084845729,32.0604048,34.7845151
13109261718,32.0423315,34.7772242
13109261721,32.0427628,34.7758058
13109261737,32.0472703,34.7756798
13115711738,32.0392911,34.7764822
13115711740,32.0394643,34.7762787
13115711742,32.0386594,34.7773662
13120785866,32.0452569,34.7553847
13120785894,32.0450356,34.7542898
13120785895,32.0449507,34.7546133
13123372757,32.0480203,34.7533298
13123372758,32.0474238,34.7532029
13123372779,32.0466004,34.755428
13123372782,32.0468105,34.7549287
13123372783,32.0467096,34.7551724
13123372788,32.0432229,34.7600147
13123372790,32.0432534,34.7603426
13123373642,32.0469807,34.7568922
13123373649,32.0471655,34.7569881
13123373650,32.0471941,34.7580163
13146941277,32.071568,34.7972958
13151716937,32.0619838,34.7882557
13151716960,32.0614723,34.7877767
13151716963,32.0600336,34.7875923
13167218927,32.0579198,34.7641075
13167218933,32.057973,34.7640724
13167241725,32.0550763,34.758772
13203655952,32.0460403,34.7492597
13203655953,32.04614,34.7488184
13203655964,32.046215,34.7496472
13203655965,32.0461664,34.7498161
13203655966,32.0437144,34.749412
13203655967,32.0436385,34.7498431
13203655969,32.0463258,34.7496674
13203655970,32.0464114,34.7493499
13203655971,32.0477406,34.7504482
13203655972,32.0472874,34.7501856
13203655986,32.0476387,34.7518553
13203655989,32.0426267,34.7519566
13203655991,32.0425252,34.7519249
13203696409,32.0472648,34.751847
13203696411,32.0472727,34.7522447
13203696413,32.0471498,34.751843
13203696414,32.0472714,34.75218
13203696415,32.0471071,34.7521815
13203696416,32.0471033,34.7522117
13203696437,32.042492,34.7496381
13203696441,32.0430065,34.7488512
13203696459,32.0451086,34.7480383
13203696463,32.0450693,34.7481956
13203696477,32.0434297,34.7486261
13203696493,32.0445017,34.7478751
13203696512,32.0442461,34.7484039
13203696513,32.0438866,34.7480102
13240433160,32.0969937,34.7939941
13326884550,32.0514681,34.7720316
13326884553,32.0514194,34.7718628
13326884556,32.0513022,34.7719147
13347702985,32.0356673,34.7687802
13373517502,32.0539023,34.7735079
13373517503,32.0546573,34.7743672
13415811873,32.0576229,34.793232
13415811874,32.0571576,34.7932478
13444518040,32.0506522,34.7716343
13444518044,32.050737,34.7716174
13476359211,32.072765,34.7900618
13512500267,32.0644338,34.7755399
13521616450,32.0873184,34.7732195
13521616451,32.0874097,34.7731643
13521616457,32.0868547,34.77489
13628697811,32.0688252,34.7805589
13628697813,32.0687562,34.7813805
13628697814,32.0687237,34.7822118
13703576764,32.043805,34.773526
